[
  {
    "pk": 1,
    "model": "articleflow.journal",
    "fields": {
      "last_modified": "2013-01-22T23:03:49Z",
      "short_name": "pone",
      "full_name": "PLOS ONE"
    }
  },
  {
    "pk": 3,
    "model": "articleflow.journal",
    "fields": {
      "last_modified": "2013-01-25T15:59:08Z",
      "short_name": "ppat",
      "full_name": "PLOS Pathogens"
    }
  },
  {
    "pk": 5,
    "model": "articleflow.journal",
    "fields": {
      "last_modified": "2013-01-25T15:59:20Z",
      "short_name": "pgen",
      "full_name": "PLOS Genetics"
    }
  },
  {
    "pk": 7,
    "model": "articleflow.journal",
    "fields": {
      "last_modified": "2013-01-25T15:59:33Z",
      "short_name": "pbio",
      "full_name": "PLOS Biology"
    }
  },
  {
    "pk": 9,
    "model": "articleflow.journal",
    "fields": {
      "last_modified": "2013-01-25T16:08:33Z",
      "short_name": "pntd",
      "full_name": "PLOS Neglected Tropical Diseases"
    }
  },
  {
    "pk": 11,
    "model": "articleflow.journal",
    "fields": {
      "last_modified": "2013-01-25T16:09:36Z",
      "short_name": "pcbi",
      "full_name": "PLOS Computational Biology"
    }
  },
  {
    "pk": 13,
    "model": "articleflow.journal",
    "fields": {
      "last_modified": "2013-01-25T16:09:55Z",
      "short_name": "pmed",
      "full_name": "PLOS Medicine"
    }
  },
  {
    "pk": 1,
    "model": "articleflow.article",
    "fields": {
      "doi": "pone.0000001",
      "pubdate": null,
      "current_articlestate": 99,
      "journal": 1,
      "created": "2013-02-09T23:18:52Z",
      "current_state": 63,
      "last_modified": "2013-02-10T19:36:30Z",
      "si_guid": null,
      "article_extras": 1,
      "md5": null
    }
  },
  {
    "pk": 2,
    "model": "articleflow.article",
    "fields": {
      "doi": "pone.9999999",
      "pubdate": "2013-12-31",
      "current_articlestate": 125,
      "journal": 1,
      "created": "2013-02-09T23:23:16Z",
      "current_state": 61,
      "last_modified": "2013-02-10T20:15:13Z",
      "si_guid": "4AQlP4lP0xGaDAMF6CwzAQ",
      "article_extras": 2,
      "md5": "79054025255fb1a26e4bc422aef54eb4"
    }
  },
  {
    "pk": 4,
    "model": "articleflow.article",
    "fields": {
      "doi": "pone.0000002",
      "pubdate": "2013-02-10",
      "current_articlestate": 100,
      "journal": 1,
      "created": "2013-02-10T16:48:30Z",
      "current_state": 63,
      "last_modified": "2013-02-10T19:37:13Z",
      "si_guid": null,
      "article_extras": 4,
      "md5": null
    }
  },
  {
    "pk": 5,
    "model": "articleflow.article",
    "fields": {
      "doi": "pone.0000003",
      "pubdate": "2013-02-10",
      "current_articlestate": 101,
      "journal": 1,
      "created": "2013-02-10T19:01:34Z",
      "current_state": 63,
      "last_modified": "2013-02-10T19:38:02Z",
      "si_guid": null,
      "article_extras": 5,
      "md5": null
    }
  },
  {
    "pk": 6,
    "model": "articleflow.article",
    "fields": {
      "doi": "pone.0000004",
      "pubdate": "2013-02-10",
      "current_articlestate": 102,
      "journal": 1,
      "created": "2013-02-10T19:08:54Z",
      "current_state": 63,
      "last_modified": "2013-02-10T19:38:25Z",
      "si_guid": null,
      "article_extras": 6,
      "md5": null
    }
  },
  {
    "pk": 7,
    "model": "articleflow.article",
    "fields": {
      "doi": "pone.0000005",
      "pubdate": "2013-02-10",
      "current_articlestate": 108,
      "journal": 1,
      "created": "2013-02-10T19:09:06Z",
      "current_state": 63,
      "last_modified": "2013-02-10T19:51:36Z",
      "si_guid": null,
      "article_extras": 7,
      "md5": null
    }
  },
  {
    "pk": 8,
    "model": "articleflow.article",
    "fields": {
      "doi": "pone.0000006",
      "pubdate": "2013-02-10",
      "current_articlestate": 93,
      "journal": 1,
      "created": "2013-02-10T19:09:15Z",
      "current_state": 63,
      "last_modified": "2013-02-10T19:12:53Z",
      "si_guid": null,
      "article_extras": 8,
      "md5": null
    }
  },
  {
    "pk": 9,
    "model": "articleflow.article",
    "fields": {
      "doi": "pone.0000007",
      "pubdate": "2013-02-10",
      "current_articlestate": 94,
      "journal": 1,
      "created": "2013-02-10T19:09:29Z",
      "current_state": 63,
      "last_modified": "2013-02-10T19:13:54Z",
      "si_guid": null,
      "article_extras": 9,
      "md5": null
    }
  },
  {
    "pk": 10,
    "model": "articleflow.article",
    "fields": {
      "doi": "pone.0000008",
      "pubdate": "2013-02-10",
      "current_articlestate": 98,
      "journal": 1,
      "created": "2013-02-10T19:26:14Z",
      "current_state": 63,
      "last_modified": "2013-02-10T19:31:25Z",
      "si_guid": null,
      "article_extras": 10,
      "md5": null
    }
  },
  {
    "pk": 11,
    "model": "articleflow.article",
    "fields": {
      "doi": "pone.0000010",
      "pubdate": "2013-02-10",
      "current_articlestate": 113,
      "journal": 1,
      "created": "2013-02-10T19:52:04Z",
      "current_state": 63,
      "last_modified": "2013-02-10T19:53:42Z",
      "si_guid": null,
      "article_extras": 11,
      "md5": null
    }
  },
  {
    "pk": 1,
    "model": "articleflow.articleextras",
    "fields": {
      "num_errors": 0,
      "num_errors_total": 0,
      "num_issues_xmlpdf": 0,
      "last_modified": "2013-02-06T08:00:00Z",
      "created": "2013-02-06T08:00:00Z",
      "num_warnings": 0,
      "num_issues_si": 0,
      "num_issues_xml": 0,
      "num_issues_pdf": 0,
      "article": 1,
      "num_issues_total": 0
    }
  },
  {
    "pk": 2,
    "model": "articleflow.articleextras",
    "fields": {
      "num_errors": 2,
      "num_errors_total": 3,
      "num_issues_xmlpdf": 0,
      "last_modified": "2013-02-10T20:15:13Z",
      "created": "2013-02-06T08:00:00Z",
      "num_warnings": 1,
      "num_issues_si": 0,
      "num_issues_xml": 0,
      "num_issues_pdf": 0,
      "article": 2,
      "num_issues_total": 0
    }
  },
  {
    "pk": 4,
    "model": "articleflow.articleextras",
    "fields": {
      "num_errors": 0,
      "num_errors_total": 0,
      "num_issues_xmlpdf": 0,
      "last_modified": "2013-02-10T16:48:30Z",
      "created": "2013-02-10T16:48:30Z",
      "num_warnings": 0,
      "num_issues_si": 0,
      "num_issues_xml": 0,
      "num_issues_pdf": 0,
      "article": 4,
      "num_issues_total": 0
    }
  },
  {
    "pk": 5,
    "model": "articleflow.articleextras",
    "fields": {
      "num_errors": 0,
      "num_errors_total": 0,
      "num_issues_xmlpdf": 0,
      "last_modified": "2013-02-10T19:01:34Z",
      "created": "2013-02-10T19:01:34Z",
      "num_warnings": 0,
      "num_issues_si": 0,
      "num_issues_xml": 0,
      "num_issues_pdf": 0,
      "article": 5,
      "num_issues_total": 0
    }
  },
  {
    "pk": 6,
    "model": "articleflow.articleextras",
    "fields": {
      "num_errors": 0,
      "num_errors_total": 0,
      "num_issues_xmlpdf": 0,
      "last_modified": "2013-02-10T19:08:54Z",
      "created": "2013-02-10T19:08:54Z",
      "num_warnings": 0,
      "num_issues_si": 0,
      "num_issues_xml": 0,
      "num_issues_pdf": 0,
      "article": 6,
      "num_issues_total": 0
    }
  },
  {
    "pk": 7,
    "model": "articleflow.articleextras",
    "fields": {
      "num_errors": 0,
      "num_errors_total": 0,
      "num_issues_xmlpdf": 0,
      "last_modified": "2013-02-10T19:09:06Z",
      "created": "2013-02-10T19:09:06Z",
      "num_warnings": 0,
      "num_issues_si": 0,
      "num_issues_xml": 0,
      "num_issues_pdf": 0,
      "article": 7,
      "num_issues_total": 0
    }
  },
  {
    "pk": 8,
    "model": "articleflow.articleextras",
    "fields": {
      "num_errors": 0,
      "num_errors_total": 0,
      "num_issues_xmlpdf": 0,
      "last_modified": "2013-02-10T19:09:15Z",
      "created": "2013-02-10T19:09:15Z",
      "num_warnings": 0,
      "num_issues_si": 0,
      "num_issues_xml": 0,
      "num_issues_pdf": 0,
      "article": 8,
      "num_issues_total": 0
    }
  },
  {
    "pk": 9,
    "model": "articleflow.articleextras",
    "fields": {
      "num_errors": 0,
      "num_errors_total": 0,
      "num_issues_xmlpdf": 0,
      "last_modified": "2013-02-10T19:09:29Z",
      "created": "2013-02-10T19:09:29Z",
      "num_warnings": 0,
      "num_issues_si": 0,
      "num_issues_xml": 0,
      "num_issues_pdf": 0,
      "article": 9,
      "num_issues_total": 0
    }
  },
  {
    "pk": 10,
    "model": "articleflow.articleextras",
    "fields": {
      "num_errors": 0,
      "num_errors_total": 0,
      "num_issues_xmlpdf": 0,
      "last_modified": "2013-02-10T19:26:14Z",
      "created": "2013-02-10T19:26:14Z",
      "num_warnings": 0,
      "num_issues_si": 0,
      "num_issues_xml": 0,
      "num_issues_pdf": 0,
      "article": 10,
      "num_issues_total": 0
    }
  },
  {
    "pk": 11,
    "model": "articleflow.articleextras",
    "fields": {
      "num_errors": 0,
      "num_errors_total": 0,
      "num_issues_xmlpdf": 0,
      "last_modified": "2013-02-10T19:52:04Z",
      "created": "2013-02-10T19:52:04Z",
      "num_warnings": 0,
      "num_issues_si": 0,
      "num_issues_xml": 0,
      "num_issues_pdf": 0,
      "article": 11,
      "num_issues_total": 0
    }
  },
  {
    "pk": 3,
    "model": "auth.group",
    "fields": {
      "name": "admin",
      "permissions": []
    }
  },
  {
    "pk": 1,
    "model": "auth.group",
    "fields": {
      "name": "production",
      "permissions": []
    }
  },
  {
    "pk": 2,
    "model": "auth.group",
    "fields": {
      "name": "web",
      "permissions": []
    }
  },
  {
    "pk": 1,
    "model": "auth.user",
    "fields": {
      "username": "admin",
      "first_name": "",
      "last_name": "",
      "is_active": true,
      "is_superuser": true,
      "is_staff": true,
      "last_login": "2013-02-09T22:24:37Z",
      "groups": [],
      "user_permissions": [],
      "password": "pbkdf2_sha256$10000$mFYP3RfzqWaX$EjmQLVLN3UU8KnpJ0B27nIF2EWAbMLzYdxbpEWIG8LQ=",
      "email": "jlabarba@plos.org",
      "date_joined": "2013-02-09T19:54:48Z"
    }
  },
  {
    "pk": 2,
    "model": "auth.user",
    "fields": {
      "username": "jlabarba",
      "first_name": "Jack",
      "last_name": "LaBarba",
      "is_active": true,
      "is_superuser": false,
      "is_staff": false,
      "last_login": "2013-02-09T22:24:09Z",
      "groups": [
        [
          "admin"
        ]
      ],
      "user_permissions": [],
      "password": "!",
      "email": "jlabarba@plos.org",
      "date_joined": "2013-02-09T22:24:09Z"
    }
  },
  {
    "pk": 3,
    "model": "auth.user",
    "fields": {
      "username": "prod_test",
      "first_name": "",
      "last_name": "",
      "is_active": true,
      "is_superuser": false,
      "is_staff": false,
      "last_login": "2013-02-10T03:39:25Z",
      "groups": [
        [
          "production"
        ]
      ],
      "user_permissions": [],
      "password": "pbkdf2_sha256$10000$T33iNDNtBpSM$WNYGyI5S7u35xJarj/jF6p1RARJzd3cNnvp+CbP7o1Y=",
      "email": "",
      "date_joined": "2013-02-10T03:39:25Z"
    }
  },
  {
    "pk": 1,
    "model": "articleflow.assignmentratio",
    "fields": {
      "state": 63,
      "last_modified": "2013-02-10T19:08:24Z",
      "user": [
        "jlabarba"
      ],
      "weight": 2,
      "created": "2013-02-10T06:34:49Z"
    }
  },
  {
    "pk": 2,
    "model": "articleflow.assignmentratio",
    "fields": {
      "state": 63,
      "last_modified": "2013-02-10T19:08:24Z",
      "user": [
        "prod_test"
      ],
      "weight": 1,
      "created": "2013-02-10T06:34:49Z"
    }
  },
  {
    "pk": 26,
    "model": "articleflow.assignmenthistory",
    "fields": {
      "created": "2013-02-10T19:36:30Z",
      "user": [
        "jlabarba"
      ],
      "last_modified": "2013-02-10T19:36:30Z",
      "article_state": 99
    }
  },
  {
    "pk": 27,
    "model": "articleflow.assignmenthistory",
    "fields": {
      "created": "2013-02-10T19:37:13Z",
      "user": [
        "prod_test"
      ],
      "last_modified": "2013-02-10T19:37:13Z",
      "article_state": 100
    }
  },
  {
    "pk": 28,
    "model": "articleflow.assignmenthistory",
    "fields": {
      "created": "2013-02-10T19:38:02Z",
      "user": [
        "jlabarba"
      ],
      "last_modified": "2013-02-10T19:38:02Z",
      "article_state": 101
    }
  },
  {
    "pk": 29,
    "model": "articleflow.assignmenthistory",
    "fields": {
      "created": "2013-02-10T19:38:25Z",
      "user": [
        "jlabarba"
      ],
      "last_modified": "2013-02-10T19:38:25Z",
      "article_state": 102
    }
  },
  {
    "pk": 30,
    "model": "articleflow.assignmenthistory",
    "fields": {
      "created": "2013-02-10T19:38:50Z",
      "user": [
        "prod_test"
      ],
      "last_modified": "2013-02-10T19:38:50Z",
      "article_state": 103
    }
  },
  {
    "pk": 31,
    "model": "articleflow.assignmenthistory",
    "fields": {
      "created": "2013-02-10T19:39:13Z",
      "user": [
        "jlabarba"
      ],
      "last_modified": "2013-02-10T19:39:13Z",
      "article_state": 104
    }
  },
  {
    "pk": 32,
    "model": "articleflow.assignmenthistory",
    "fields": {
      "created": "2013-02-10T19:42:10Z",
      "user": [
        "jlabarba"
      ],
      "last_modified": "2013-02-10T19:42:10Z",
      "article_state": 106
    }
  },
  {
    "pk": 33,
    "model": "articleflow.assignmenthistory",
    "fields": {
      "created": "2013-02-10T19:51:36Z",
      "user": [
        "jlabarba"
      ],
      "last_modified": "2013-02-10T19:51:36Z",
      "article_state": 108
    }
  },
  {
    "pk": 34,
    "model": "articleflow.assignmenthistory",
    "fields": {
      "created": "2013-02-10T19:52:53Z",
      "user": [
        "prod_test"
      ],
      "last_modified": "2013-02-10T19:52:53Z",
      "article_state": 111
    }
  },
  {
    "pk": 35,
    "model": "articleflow.assignmenthistory",
    "fields": {
      "created": "2013-02-10T19:53:16Z",
      "user": [
        "admin"
      ],
      "last_modified": "2013-02-10T19:53:16Z",
      "article_state": 112
    }
  },
  {
    "pk": 36,
    "model": "articleflow.assignmenthistory",
    "fields": {
      "created": "2013-02-10T19:53:42Z",
      "user": [
        "jlabarba"
      ],
      "last_modified": "2013-02-10T19:53:42Z",
      "article_state": 113
    }
  },
  {
    "pk": 45,
    "model": "articleflow.transition",
    "fields": {
      "from_state": 55,
      "name": "Deliver",
      "preference_weight": 100,
      "last_modified": "2013-01-22T22:51:23Z",
      "disallow_open_items": false,
      "allowed_groups": [],
      "to_state": 59
    }
  },
  {
    "pk": 47,
    "model": "articleflow.transition",
    "fields": {
      "from_state": 57,
      "name": "Deliver",
      "preference_weight": 100,
      "last_modified": "2013-01-22T22:51:37Z",
      "disallow_open_items": false,
      "allowed_groups": [],
      "to_state": 59
    }
  },
  {
    "pk": 49,
    "model": "articleflow.transition",
    "fields": {
      "from_state": 59,
      "name": "Ingest",
      "preference_weight": 100,
      "last_modified": "2013-01-22T22:51:51Z",
      "disallow_open_items": false,
      "allowed_groups": [],
      "to_state": 61
    }
  },
  {
    "pk": 51,
    "model": "articleflow.transition",
    "fields": {
      "from_state": 61,
      "name": "Assign to QC (CW)",
      "preference_weight": 100,
      "last_modified": "2013-01-22T22:52:29Z",
      "disallow_open_items": false,
      "allowed_groups": [],
      "to_state": 63
    }
  },
  {
    "pk": 53,
    "model": "articleflow.transition",
    "fields": {
      "from_state": 61,
      "name": "Assign to QC (Merops)",
      "preference_weight": 100,
      "last_modified": "2013-01-22T22:53:02Z",
      "disallow_open_items": false,
      "allowed_groups": [],
      "to_state": 65
    }
  },
  {
    "pk": 55,
    "model": "articleflow.transition",
    "fields": {
      "from_state": 63,
      "name": "Needs Web Corrections (CW)",
      "preference_weight": 50,
      "last_modified": "2013-01-22T22:53:50Z",
      "disallow_open_items": false,
      "allowed_groups": [],
      "to_state": 69
    }
  },
  {
    "pk": 57,
    "model": "articleflow.transition",
    "fields": {
      "from_state": 65,
      "name": "Needs Web Corrections (Merops)",
      "preference_weight": 50,
      "last_modified": "2013-01-22T22:54:15Z",
      "disallow_open_items": false,
      "allowed_groups": [],
      "to_state": 67
    }
  },
  {
    "pk": 59,
    "model": "articleflow.transition",
    "fields": {
      "from_state": 63,
      "name": "Ready to Publish",
      "preference_weight": 100,
      "last_modified": "2013-01-22T22:54:30Z",
      "disallow_open_items": true,
      "allowed_groups": [],
      "to_state": 71
    }
  },
  {
    "pk": 61,
    "model": "articleflow.transition",
    "fields": {
      "from_state": 65,
      "name": "Ready to Publish",
      "preference_weight": 100,
      "last_modified": "2013-01-22T22:54:49Z",
      "disallow_open_items": true,
      "allowed_groups": [],
      "to_state": 71
    }
  },
  {
    "pk": 63,
    "model": "articleflow.transition",
    "fields": {
      "from_state": 63,
      "name": "Send back to CW",
      "preference_weight": 25,
      "last_modified": "2013-01-22T22:55:30Z",
      "disallow_open_items": false,
      "allowed_groups": [],
      "to_state": 77
    }
  },
  {
    "pk": 65,
    "model": "articleflow.transition",
    "fields": {
      "from_state": 65,
      "name": "Send back to Merops",
      "preference_weight": 25,
      "last_modified": "2013-01-22T22:55:47Z",
      "disallow_open_items": false,
      "allowed_groups": [],
      "to_state": 79
    }
  },
  {
    "pk": 67,
    "model": "articleflow.transition",
    "fields": {
      "from_state": 69,
      "name": "Send back to Production",
      "preference_weight": 25,
      "last_modified": "2013-01-22T22:56:36Z",
      "disallow_open_items": false,
      "allowed_groups": [],
      "to_state": 63
    }
  },
  {
    "pk": 69,
    "model": "articleflow.transition",
    "fields": {
      "from_state": 67,
      "name": "Send back to Production",
      "preference_weight": 25,
      "last_modified": "2013-01-22T22:57:08Z",
      "disallow_open_items": false,
      "allowed_groups": [],
      "to_state": 65
    }
  },
  {
    "pk": 71,
    "model": "articleflow.transition",
    "fields": {
      "from_state": 69,
      "name": "Send back to CW",
      "preference_weight": 25,
      "last_modified": "2013-01-22T23:00:15Z",
      "disallow_open_items": false,
      "allowed_groups": [],
      "to_state": 55
    }
  },
  {
    "pk": 73,
    "model": "articleflow.transition",
    "fields": {
      "from_state": 67,
      "name": "Send back to Merops",
      "preference_weight": 25,
      "last_modified": "2013-01-22T23:01:23Z",
      "disallow_open_items": false,
      "allowed_groups": [],
      "to_state": 57
    }
  },
  {
    "pk": 75,
    "model": "articleflow.transition",
    "fields": {
      "from_state": 67,
      "name": "Ready to Publish",
      "preference_weight": 100,
      "last_modified": "2013-01-22T23:02:43Z",
      "disallow_open_items": true,
      "allowed_groups": [],
      "to_state": 71
    }
  },
  {
    "pk": 77,
    "model": "articleflow.transition",
    "fields": {
      "from_state": 69,
      "name": "Ready to Publish",
      "preference_weight": 100,
      "last_modified": "2013-01-22T23:02:38Z",
      "disallow_open_items": true,
      "allowed_groups": [],
      "to_state": 71
    }
  },
  {
    "pk": 79,
    "model": "articleflow.transition",
    "fields": {
      "from_state": 71,
      "name": "Publish on Stage",
      "preference_weight": 100,
      "last_modified": "2013-01-22T23:03:01Z",
      "disallow_open_items": false,
      "allowed_groups": [],
      "to_state": 73
    }
  },
  {
    "pk": 81,
    "model": "articleflow.transition",
    "fields": {
      "from_state": 73,
      "name": "Publish on Live",
      "preference_weight": 100,
      "last_modified": "2013-01-22T23:03:18Z",
      "disallow_open_items": false,
      "allowed_groups": [],
      "to_state": 75
    }
  },
  {
    "pk": 1,
    "model": "articleflow.articlestate",
    "fields": {
      "from_transition_user": null,
      "from_transition": null,
      "created": "2013-02-09T23:18:53Z",
      "assignee": null,
      "state": 84,
      "last_modified": "2013-02-09T23:18:53Z",
      "article": 1
    }
  },
  {
    "pk": 2,
    "model": "articleflow.articlestate",
    "fields": {
      "from_transition_user": null,
      "from_transition": null,
      "created": "2013-02-09T23:23:16Z",
      "assignee": null,
      "state": 84,
      "last_modified": "2013-02-09T23:23:16Z",
      "article": 2
    }
  },
  {
    "pk": 3,
    "model": "articleflow.articlestate",
    "fields": {
      "from_transition_user": null,
      "from_transition": null,
      "created": "2013-02-09T23:23:17Z",
      "assignee": null,
      "state": 61,
      "last_modified": "2013-02-09T23:23:17Z",
      "article": 2
    }
  },
  {
    "pk": 4,
    "model": "articleflow.articlestate",
    "fields": {
      "from_transition_user": [
        "jlabarba"
      ],
      "from_transition": null,
      "created": "2013-02-09T23:23:17Z",
      "assignee": null,
      "state": 84,
      "last_modified": "2013-02-09T23:23:17Z",
      "article": 2
    }
  },
  {
    "pk": 5,
    "model": "articleflow.articlestate",
    "fields": {
      "from_transition_user": null,
      "from_transition": null,
      "created": "2013-02-09T23:31:22Z",
      "assignee": null,
      "state": 61,
      "last_modified": "2013-02-09T23:31:22Z",
      "article": 2
    }
  },
  {
    "pk": 6,
    "model": "articleflow.articlestate",
    "fields": {
      "from_transition_user": [
        "jlabarba"
      ],
      "from_transition": null,
      "created": "2013-02-09T23:31:22Z",
      "assignee": null,
      "state": 84,
      "last_modified": "2013-02-09T23:31:22Z",
      "article": 2
    }
  },
  {
    "pk": 7,
    "model": "articleflow.articlestate",
    "fields": {
      "from_transition_user": null,
      "from_transition": null,
      "created": "2013-02-09T23:40:58Z",
      "assignee": null,
      "state": 61,
      "last_modified": "2013-02-09T23:40:58Z",
      "article": 2
    }
  },
  {
    "pk": 8,
    "model": "articleflow.articlestate",
    "fields": {
      "from_transition_user": [
        "jlabarba"
      ],
      "from_transition": null,
      "created": "2013-02-09T23:40:58Z",
      "assignee": null,
      "state": 84,
      "last_modified": "2013-02-09T23:40:58Z",
      "article": 2
    }
  },
  {
    "pk": 9,
    "model": "articleflow.articlestate",
    "fields": {
      "from_transition_user": null,
      "from_transition": null,
      "created": "2013-02-09T23:42:55Z",
      "assignee": null,
      "state": 61,
      "last_modified": "2013-02-09T23:42:55Z",
      "article": 2
    }
  },
  {
    "pk": 10,
    "model": "articleflow.articlestate",
    "fields": {
      "from_transition_user": [
        "jlabarba"
      ],
      "from_transition": null,
      "created": "2013-02-09T23:42:55Z",
      "assignee": null,
      "state": 84,
      "last_modified": "2013-02-09T23:42:55Z",
      "article": 2
    }
  },
  {
    "pk": 11,
    "model": "articleflow.articlestate",
    "fields": {
      "from_transition_user": null,
      "from_transition": null,
      "created": "2013-02-09T23:56:11Z",
      "assignee": null,
      "state": 61,
      "last_modified": "2013-02-09T23:56:11Z",
      "article": 2
    }
  },
  {
    "pk": 12,
    "model": "articleflow.articlestate",
    "fields": {
      "from_transition_user": [
        "jlabarba"
      ],
      "from_transition": null,
      "created": "2013-02-09T23:56:11Z",
      "assignee": null,
      "state": 84,
      "last_modified": "2013-02-09T23:56:11Z",
      "article": 2
    }
  },
  {
    "pk": 13,
    "model": "articleflow.articlestate",
    "fields": {
      "from_transition_user": null,
      "from_transition": null,
      "created": "2013-02-09T23:57:24Z",
      "assignee": null,
      "state": 61,
      "last_modified": "2013-02-09T23:57:24Z",
      "article": 2
    }
  },
  {
    "pk": 14,
    "model": "articleflow.articlestate",
    "fields": {
      "from_transition_user": [
        "jlabarba"
      ],
      "from_transition": null,
      "created": "2013-02-09T23:57:24Z",
      "assignee": null,
      "state": 84,
      "last_modified": "2013-02-09T23:57:24Z",
      "article": 2
    }
  },
  {
    "pk": 15,
    "model": "articleflow.articlestate",
    "fields": {
      "from_transition_user": null,
      "from_transition": null,
      "created": "2013-02-10T00:00:16Z",
      "assignee": null,
      "state": 61,
      "last_modified": "2013-02-10T00:00:16Z",
      "article": 2
    }
  },
  {
    "pk": 16,
    "model": "articleflow.articlestate",
    "fields": {
      "from_transition_user": [
        "jlabarba"
      ],
      "from_transition": null,
      "created": "2013-02-10T00:00:16Z",
      "assignee": null,
      "state": 84,
      "last_modified": "2013-02-10T00:00:16Z",
      "article": 2
    }
  },
  {
    "pk": 17,
    "model": "articleflow.articlestate",
    "fields": {
      "from_transition_user": null,
      "from_transition": null,
      "created": "2013-02-10T00:02:37Z",
      "assignee": null,
      "state": 61,
      "last_modified": "2013-02-10T00:02:37Z",
      "article": 2
    }
  },
  {
    "pk": 18,
    "model": "articleflow.articlestate",
    "fields": {
      "from_transition_user": [
        "jlabarba"
      ],
      "from_transition": null,
      "created": "2013-02-10T00:02:38Z",
      "assignee": null,
      "state": 84,
      "last_modified": "2013-02-10T00:02:38Z",
      "article": 2
    }
  },
  {
    "pk": 19,
    "model": "articleflow.articlestate",
    "fields": {
      "from_transition_user": null,
      "from_transition": null,
      "created": "2013-02-10T00:03:26Z",
      "assignee": null,
      "state": 61,
      "last_modified": "2013-02-10T00:03:26Z",
      "article": 2
    }
  },
  {
    "pk": 20,
    "model": "articleflow.articlestate",
    "fields": {
      "from_transition_user": [
        "jlabarba"
      ],
      "from_transition": null,
      "created": "2013-02-10T00:03:26Z",
      "assignee": null,
      "state": 84,
      "last_modified": "2013-02-10T00:03:26Z",
      "article": 2
    }
  },
  {
    "pk": 21,
    "model": "articleflow.articlestate",
    "fields": {
      "from_transition_user": null,
      "from_transition": null,
      "created": "2013-02-10T00:04:10Z",
      "assignee": null,
      "state": 61,
      "last_modified": "2013-02-10T00:04:10Z",
      "article": 2
    }
  },
  {
    "pk": 22,
    "model": "articleflow.articlestate",
    "fields": {
      "from_transition_user": [
        "jlabarba"
      ],
      "from_transition": null,
      "created": "2013-02-10T00:04:10Z",
      "assignee": null,
      "state": 84,
      "last_modified": "2013-02-10T00:04:10Z",
      "article": 2
    }
  },
  {
    "pk": 23,
    "model": "articleflow.articlestate",
    "fields": {
      "from_transition_user": null,
      "from_transition": null,
      "created": "2013-02-10T00:04:31Z",
      "assignee": null,
      "state": 61,
      "last_modified": "2013-02-10T00:04:31Z",
      "article": 2
    }
  },
  {
    "pk": 24,
    "model": "articleflow.articlestate",
    "fields": {
      "from_transition_user": [
        "jlabarba"
      ],
      "from_transition": null,
      "created": "2013-02-10T00:04:31Z",
      "assignee": null,
      "state": 84,
      "last_modified": "2013-02-10T00:04:31Z",
      "article": 2
    }
  },
  {
    "pk": 25,
    "model": "articleflow.articlestate",
    "fields": {
      "from_transition_user": null,
      "from_transition": null,
      "created": "2013-02-10T00:05:16Z",
      "assignee": null,
      "state": 61,
      "last_modified": "2013-02-10T00:05:16Z",
      "article": 2
    }
  },
  {
    "pk": 26,
    "model": "articleflow.articlestate",
    "fields": {
      "from_transition_user": [
        "jlabarba"
      ],
      "from_transition": null,
      "created": "2013-02-10T00:05:16Z",
      "assignee": null,
      "state": 84,
      "last_modified": "2013-02-10T00:05:16Z",
      "article": 2
    }
  },
  {
    "pk": 27,
    "model": "articleflow.articlestate",
    "fields": {
      "from_transition_user": null,
      "from_transition": null,
      "created": "2013-02-10T00:06:13Z",
      "assignee": null,
      "state": 61,
      "last_modified": "2013-02-10T00:06:13Z",
      "article": 2
    }
  },
  {
    "pk": 28,
    "model": "articleflow.articlestate",
    "fields": {
      "from_transition_user": [
        "jlabarba"
      ],
      "from_transition": null,
      "created": "2013-02-10T00:06:13Z",
      "assignee": null,
      "state": 84,
      "last_modified": "2013-02-10T00:06:13Z",
      "article": 2
    }
  },
  {
    "pk": 29,
    "model": "articleflow.articlestate",
    "fields": {
      "from_transition_user": null,
      "from_transition": null,
      "created": "2013-02-10T00:07:40Z",
      "assignee": null,
      "state": 61,
      "last_modified": "2013-02-10T00:07:40Z",
      "article": 2
    }
  },
  {
    "pk": 30,
    "model": "articleflow.articlestate",
    "fields": {
      "from_transition_user": [
        "jlabarba"
      ],
      "from_transition": null,
      "created": "2013-02-10T00:07:40Z",
      "assignee": null,
      "state": 84,
      "last_modified": "2013-02-10T00:07:40Z",
      "article": 2
    }
  },
  {
    "pk": 31,
    "model": "articleflow.articlestate",
    "fields": {
      "from_transition_user": null,
      "from_transition": null,
      "created": "2013-02-10T00:12:33Z",
      "assignee": null,
      "state": 61,
      "last_modified": "2013-02-10T00:12:33Z",
      "article": 2
    }
  },
  {
    "pk": 32,
    "model": "articleflow.articlestate",
    "fields": {
      "from_transition_user": [
        "jlabarba"
      ],
      "from_transition": null,
      "created": "2013-02-10T00:12:33Z",
      "assignee": null,
      "state": 84,
      "last_modified": "2013-02-10T00:12:33Z",
      "article": 2
    }
  },
  {
    "pk": 33,
    "model": "articleflow.articlestate",
    "fields": {
      "from_transition_user": null,
      "from_transition": null,
      "created": "2013-02-10T00:14:31Z",
      "assignee": null,
      "state": 61,
      "last_modified": "2013-02-10T00:14:31Z",
      "article": 2
    }
  },
  {
    "pk": 34,
    "model": "articleflow.articlestate",
    "fields": {
      "from_transition_user": [
        "jlabarba"
      ],
      "from_transition": null,
      "created": "2013-02-10T00:14:32Z",
      "assignee": null,
      "state": 84,
      "last_modified": "2013-02-10T00:14:32Z",
      "article": 2
    }
  },
  {
    "pk": 35,
    "model": "articleflow.articlestate",
    "fields": {
      "from_transition_user": null,
      "from_transition": null,
      "created": "2013-02-10T00:15:11Z",
      "assignee": null,
      "state": 61,
      "last_modified": "2013-02-10T00:15:11Z",
      "article": 2
    }
  },
  {
    "pk": 36,
    "model": "articleflow.articlestate",
    "fields": {
      "from_transition_user": [
        "jlabarba"
      ],
      "from_transition": null,
      "created": "2013-02-10T00:15:11Z",
      "assignee": null,
      "state": 84,
      "last_modified": "2013-02-10T00:15:11Z",
      "article": 2
    }
  },
  {
    "pk": 37,
    "model": "articleflow.articlestate",
    "fields": {
      "from_transition_user": null,
      "from_transition": null,
      "created": "2013-02-10T00:29:31Z",
      "assignee": null,
      "state": 61,
      "last_modified": "2013-02-10T00:29:31Z",
      "article": 2
    }
  },
  {
    "pk": 38,
    "model": "articleflow.articlestate",
    "fields": {
      "from_transition_user": [
        "jlabarba"
      ],
      "from_transition": null,
      "created": "2013-02-10T00:29:32Z",
      "assignee": null,
      "state": 84,
      "last_modified": "2013-02-10T00:29:32Z",
      "article": 2
    }
  },
  {
    "pk": 39,
    "model": "articleflow.articlestate",
    "fields": {
      "from_transition_user": null,
      "from_transition": null,
      "created": "2013-02-10T00:30:54Z",
      "assignee": null,
      "state": 61,
      "last_modified": "2013-02-10T00:30:54Z",
      "article": 2
    }
  },
  {
    "pk": 40,
    "model": "articleflow.articlestate",
    "fields": {
      "from_transition_user": [
        "jlabarba"
      ],
      "from_transition": null,
      "created": "2013-02-10T00:30:54Z",
      "assignee": null,
      "state": 84,
      "last_modified": "2013-02-10T00:30:54Z",
      "article": 2
    }
  },
  {
    "pk": 41,
    "model": "articleflow.articlestate",
    "fields": {
      "from_transition_user": null,
      "from_transition": null,
      "created": "2013-02-10T00:31:18Z",
      "assignee": null,
      "state": 61,
      "last_modified": "2013-02-10T00:31:18Z",
      "article": 2
    }
  },
  {
    "pk": 42,
    "model": "articleflow.articlestate",
    "fields": {
      "from_transition_user": [
        "jlabarba"
      ],
      "from_transition": null,
      "created": "2013-02-10T00:31:18Z",
      "assignee": null,
      "state": 84,
      "last_modified": "2013-02-10T00:31:18Z",
      "article": 2
    }
  },
  {
    "pk": 43,
    "model": "articleflow.articlestate",
    "fields": {
      "from_transition_user": null,
      "from_transition": null,
      "created": "2013-02-10T00:31:19Z",
      "assignee": null,
      "state": 59,
      "last_modified": "2013-02-10T00:31:19Z",
      "article": 2
    }
  },
  {
    "pk": 44,
    "model": "articleflow.articlestate",
    "fields": {
      "from_transition_user": null,
      "from_transition": null,
      "created": "2013-02-10T00:32:23Z",
      "assignee": null,
      "state": 61,
      "last_modified": "2013-02-10T00:32:23Z",
      "article": 2
    }
  },
  {
    "pk": 45,
    "model": "articleflow.articlestate",
    "fields": {
      "from_transition_user": [
        "jlabarba"
      ],
      "from_transition": null,
      "created": "2013-02-10T00:32:23Z",
      "assignee": null,
      "state": 84,
      "last_modified": "2013-02-10T00:32:23Z",
      "article": 2
    }
  },
  {
    "pk": 46,
    "model": "articleflow.articlestate",
    "fields": {
      "from_transition_user": null,
      "from_transition": null,
      "created": "2013-02-10T00:32:24Z",
      "assignee": null,
      "state": 59,
      "last_modified": "2013-02-10T00:32:24Z",
      "article": 2
    }
  },
  {
    "pk": 47,
    "model": "articleflow.articlestate",
    "fields": {
      "from_transition_user": null,
      "from_transition": null,
      "created": "2013-02-10T00:32:44Z",
      "assignee": null,
      "state": 61,
      "last_modified": "2013-02-10T00:32:44Z",
      "article": 2
    }
  },
  {
    "pk": 48,
    "model": "articleflow.articlestate",
    "fields": {
      "from_transition_user": [
        "jlabarba"
      ],
      "from_transition": null,
      "created": "2013-02-10T00:32:45Z",
      "assignee": null,
      "state": 84,
      "last_modified": "2013-02-10T00:32:45Z",
      "article": 2
    }
  },
  {
    "pk": 49,
    "model": "articleflow.articlestate",
    "fields": {
      "from_transition_user": null,
      "from_transition": null,
      "created": "2013-02-10T00:32:45Z",
      "assignee": null,
      "state": 59,
      "last_modified": "2013-02-10T00:32:45Z",
      "article": 2
    }
  },
  {
    "pk": 50,
    "model": "articleflow.articlestate",
    "fields": {
      "from_transition_user": null,
      "from_transition": null,
      "created": "2013-02-10T00:33:26Z",
      "assignee": null,
      "state": 61,
      "last_modified": "2013-02-10T00:33:26Z",
      "article": 2
    }
  },
  {
    "pk": 51,
    "model": "articleflow.articlestate",
    "fields": {
      "from_transition_user": [
        "jlabarba"
      ],
      "from_transition": null,
      "created": "2013-02-10T00:33:27Z",
      "assignee": null,
      "state": 84,
      "last_modified": "2013-02-10T00:33:27Z",
      "article": 2
    }
  },
  {
    "pk": 52,
    "model": "articleflow.articlestate",
    "fields": {
      "from_transition_user": null,
      "from_transition": null,
      "created": "2013-02-10T00:33:27Z",
      "assignee": null,
      "state": 59,
      "last_modified": "2013-02-10T00:33:27Z",
      "article": 2
    }
  },
  {
    "pk": 53,
    "model": "articleflow.articlestate",
    "fields": {
      "from_transition_user": null,
      "from_transition": null,
      "created": "2013-02-10T00:37:58Z",
      "assignee": null,
      "state": 61,
      "last_modified": "2013-02-10T00:37:58Z",
      "article": 2
    }
  },
  {
    "pk": 54,
    "model": "articleflow.articlestate",
    "fields": {
      "from_transition_user": [
        "jlabarba"
      ],
      "from_transition": null,
      "created": "2013-02-10T00:37:58Z",
      "assignee": null,
      "state": 84,
      "last_modified": "2013-02-10T00:37:58Z",
      "article": 2
    }
  },
  {
    "pk": 55,
    "model": "articleflow.articlestate",
    "fields": {
      "from_transition_user": null,
      "from_transition": null,
      "created": "2013-02-10T00:37:59Z",
      "assignee": null,
      "state": 59,
      "last_modified": "2013-02-10T00:37:59Z",
      "article": 2
    }
  },
  {
    "pk": 56,
    "model": "articleflow.articlestate",
    "fields": {
      "from_transition_user": [
        "jlabarba"
      ],
      "from_transition": 49,
      "created": "2013-02-10T00:37:59Z",
      "assignee": null,
      "state": 61,
      "last_modified": "2013-02-10T00:37:59Z",
      "article": 2
    }
  },
  {
    "pk": 57,
    "model": "articleflow.articlestate",
    "fields": {
      "from_transition_user": [
        "jlabarba"
      ],
      "from_transition": null,
      "created": "2013-02-10T00:40:03Z",
      "assignee": null,
      "state": 84,
      "last_modified": "2013-02-10T00:40:03Z",
      "article": 2
    }
  },
  {
    "pk": 58,
    "model": "articleflow.articlestate",
    "fields": {
      "from_transition_user": null,
      "from_transition": null,
      "created": "2013-02-10T00:40:04Z",
      "assignee": null,
      "state": 59,
      "last_modified": "2013-02-10T00:40:04Z",
      "article": 2
    }
  },
  {
    "pk": 59,
    "model": "articleflow.articlestate",
    "fields": {
      "from_transition_user": [
        "jlabarba"
      ],
      "from_transition": 49,
      "created": "2013-02-10T00:40:04Z",
      "assignee": null,
      "state": 61,
      "last_modified": "2013-02-10T00:40:04Z",
      "article": 2
    }
  },
  {
    "pk": 60,
    "model": "articleflow.articlestate",
    "fields": {
      "from_transition_user": [
        "jlabarba"
      ],
      "from_transition": null,
      "created": "2013-02-10T00:45:59Z",
      "assignee": null,
      "state": 84,
      "last_modified": "2013-02-10T00:45:59Z",
      "article": 2
    }
  },
  {
    "pk": 61,
    "model": "articleflow.articlestate",
    "fields": {
      "from_transition_user": null,
      "from_transition": null,
      "created": "2013-02-10T00:46:00Z",
      "assignee": null,
      "state": 59,
      "last_modified": "2013-02-10T00:46:00Z",
      "article": 2
    }
  },
  {
    "pk": 62,
    "model": "articleflow.articlestate",
    "fields": {
      "from_transition_user": [
        "jlabarba"
      ],
      "from_transition": 49,
      "created": "2013-02-10T00:46:00Z",
      "assignee": null,
      "state": 61,
      "last_modified": "2013-02-10T00:46:00Z",
      "article": 2
    }
  },
  {
    "pk": 64,
    "model": "articleflow.articlestate",
    "fields": {
      "from_transition_user": null,
      "from_transition": null,
      "created": "2013-02-10T16:48:30Z",
      "assignee": null,
      "state": 84,
      "last_modified": "2013-02-10T16:48:30Z",
      "article": 4
    }
  },
  {
    "pk": 75,
    "model": "articleflow.articlestate",
    "fields": {
      "from_transition_user": null,
      "from_transition": null,
      "created": "2013-02-10T19:00:19Z",
      "assignee": [
        "jlabarba"
      ],
      "state": 63,
      "last_modified": "2013-02-10T19:00:19Z",
      "article": 4
    }
  },
  {
    "pk": 76,
    "model": "articleflow.articlestate",
    "fields": {
      "from_transition_user": null,
      "from_transition": null,
      "created": "2013-02-10T19:01:34Z",
      "assignee": null,
      "state": 84,
      "last_modified": "2013-02-10T19:01:34Z",
      "article": 5
    }
  },
  {
    "pk": 80,
    "model": "articleflow.articlestate",
    "fields": {
      "from_transition_user": null,
      "from_transition": null,
      "created": "2013-02-10T19:03:07Z",
      "assignee": null,
      "state": 63,
      "last_modified": "2013-02-10T19:03:07Z",
      "article": 5
    }
  },
  {
    "pk": 81,
    "model": "articleflow.articlestate",
    "fields": {
      "from_transition_user": null,
      "from_transition": null,
      "created": "2013-02-10T19:05:17Z",
      "assignee": null,
      "state": 55,
      "last_modified": "2013-02-10T19:05:17Z",
      "article": 5
    }
  },
  {
    "pk": 82,
    "model": "articleflow.articlestate",
    "fields": {
      "from_transition_user": null,
      "from_transition": null,
      "created": "2013-02-10T19:05:24Z",
      "assignee": null,
      "state": 63,
      "last_modified": "2013-02-10T19:05:24Z",
      "article": 5
    }
  },
  {
    "pk": 83,
    "model": "articleflow.articlestate",
    "fields": {
      "from_transition_user": null,
      "from_transition": null,
      "created": "2013-02-10T19:06:56Z",
      "assignee": null,
      "state": 63,
      "last_modified": "2013-02-10T19:06:56Z",
      "article": 5
    }
  },
  {
    "pk": 85,
    "model": "articleflow.articlestate",
    "fields": {
      "from_transition_user": null,
      "from_transition": null,
      "created": "2013-02-10T19:07:47Z",
      "assignee": [
        "prod_test"
      ],
      "state": 63,
      "last_modified": "2013-02-10T19:07:47Z",
      "article": 5
    }
  },
  {
    "pk": 86,
    "model": "articleflow.articlestate",
    "fields": {
      "from_transition_user": null,
      "from_transition": null,
      "created": "2013-02-10T19:08:54Z",
      "assignee": null,
      "state": 84,
      "last_modified": "2013-02-10T19:08:54Z",
      "article": 6
    }
  },
  {
    "pk": 87,
    "model": "articleflow.articlestate",
    "fields": {
      "from_transition_user": null,
      "from_transition": null,
      "created": "2013-02-10T19:09:06Z",
      "assignee": null,
      "state": 84,
      "last_modified": "2013-02-10T19:09:06Z",
      "article": 7
    }
  },
  {
    "pk": 88,
    "model": "articleflow.articlestate",
    "fields": {
      "from_transition_user": null,
      "from_transition": null,
      "created": "2013-02-10T19:09:15Z",
      "assignee": null,
      "state": 84,
      "last_modified": "2013-02-10T19:09:15Z",
      "article": 8
    }
  },
  {
    "pk": 89,
    "model": "articleflow.articlestate",
    "fields": {
      "from_transition_user": null,
      "from_transition": null,
      "created": "2013-02-10T19:09:29Z",
      "assignee": null,
      "state": 84,
      "last_modified": "2013-02-10T19:09:29Z",
      "article": 9
    }
  },
  {
    "pk": 90,
    "model": "articleflow.articlestate",
    "fields": {
      "from_transition_user": null,
      "from_transition": null,
      "created": "2013-02-10T19:10:11Z",
      "assignee": [
        "jlabarba"
      ],
      "state": 63,
      "last_modified": "2013-02-10T19:10:11Z",
      "article": 6
    }
  },
  {
    "pk": 91,
    "model": "articleflow.articlestate",
    "fields": {
      "from_transition_user": null,
      "from_transition": null,
      "created": "2013-02-10T19:10:35Z",
      "assignee": null,
      "state": 63,
      "last_modified": "2013-02-10T19:10:35Z",
      "article": 7
    }
  },
  {
    "pk": 92,
    "model": "articleflow.articlestate",
    "fields": {
      "from_transition_user": null,
      "from_transition": null,
      "created": "2013-02-10T19:12:38Z",
      "assignee": [
        "jlabarba"
      ],
      "state": 63,
      "last_modified": "2013-02-10T19:12:38Z",
      "article": 7
    }
  },
  {
    "pk": 93,
    "model": "articleflow.articlestate",
    "fields": {
      "from_transition_user": null,
      "from_transition": null,
      "created": "2013-02-10T19:12:53Z",
      "assignee": [
        "prod_test"
      ],
      "state": 63,
      "last_modified": "2013-02-10T19:12:53Z",
      "article": 8
    }
  },
  {
    "pk": 94,
    "model": "articleflow.articlestate",
    "fields": {
      "from_transition_user": null,
      "from_transition": null,
      "created": "2013-02-10T19:13:54Z",
      "assignee": [
        "jlabarba"
      ],
      "state": 63,
      "last_modified": "2013-02-10T19:13:54Z",
      "article": 9
    }
  },
  {
    "pk": 95,
    "model": "articleflow.articlestate",
    "fields": {
      "from_transition_user": null,
      "from_transition": null,
      "created": "2013-02-10T19:21:05Z",
      "assignee": [
        "jlabarba"
      ],
      "state": 63,
      "last_modified": "2013-02-10T19:21:05Z",
      "article": 5
    }
  },
  {
    "pk": 96,
    "model": "articleflow.articlestate",
    "fields": {
      "from_transition_user": null,
      "from_transition": null,
      "created": "2013-02-10T19:26:14Z",
      "assignee": null,
      "state": 84,
      "last_modified": "2013-02-10T19:26:14Z",
      "article": 10
    }
  },
  {
    "pk": 97,
    "model": "articleflow.articlestate",
    "fields": {
      "from_transition_user": null,
      "from_transition": null,
      "created": "2013-02-10T19:26:27Z",
      "assignee": [
        "prod_test"
      ],
      "state": 63,
      "last_modified": "2013-02-10T19:26:27Z",
      "article": 10
    }
  },
  {
    "pk": 98,
    "model": "articleflow.articlestate",
    "fields": {
      "from_transition_user": null,
      "from_transition": null,
      "created": "2013-02-10T19:31:25Z",
      "assignee": [
        "jlabarba"
      ],
      "state": 63,
      "last_modified": "2013-02-10T19:31:25Z",
      "article": 10
    }
  },
  {
    "pk": 99,
    "model": "articleflow.articlestate",
    "fields": {
      "from_transition_user": null,
      "from_transition": null,
      "created": "2013-02-10T19:36:30Z",
      "assignee": [
        "jlabarba"
      ],
      "state": 63,
      "last_modified": "2013-02-10T19:36:30Z",
      "article": 1
    }
  },
  {
    "pk": 100,
    "model": "articleflow.articlestate",
    "fields": {
      "from_transition_user": null,
      "from_transition": null,
      "created": "2013-02-10T19:37:13Z",
      "assignee": [
        "prod_test"
      ],
      "state": 63,
      "last_modified": "2013-02-10T19:37:13Z",
      "article": 4
    }
  },
  {
    "pk": 101,
    "model": "articleflow.articlestate",
    "fields": {
      "from_transition_user": null,
      "from_transition": null,
      "created": "2013-02-10T19:38:02Z",
      "assignee": [
        "jlabarba"
      ],
      "state": 63,
      "last_modified": "2013-02-10T19:38:02Z",
      "article": 5
    }
  },
  {
    "pk": 102,
    "model": "articleflow.articlestate",
    "fields": {
      "from_transition_user": null,
      "from_transition": null,
      "created": "2013-02-10T19:38:25Z",
      "assignee": [
        "jlabarba"
      ],
      "state": 63,
      "last_modified": "2013-02-10T19:38:25Z",
      "article": 6
    }
  },
  {
    "pk": 103,
    "model": "articleflow.articlestate",
    "fields": {
      "from_transition_user": null,
      "from_transition": null,
      "created": "2013-02-10T19:38:50Z",
      "assignee": [
        "prod_test"
      ],
      "state": 63,
      "last_modified": "2013-02-10T19:38:50Z",
      "article": 7
    }
  },
  {
    "pk": 104,
    "model": "articleflow.articlestate",
    "fields": {
      "from_transition_user": null,
      "from_transition": null,
      "created": "2013-02-10T19:39:13Z",
      "assignee": [
        "jlabarba"
      ],
      "state": 63,
      "last_modified": "2013-02-10T19:39:13Z",
      "article": 7
    }
  },
  {
    "pk": 106,
    "model": "articleflow.articlestate",
    "fields": {
      "from_transition_user": null,
      "from_transition": null,
      "created": "2013-02-10T19:42:10Z",
      "assignee": [
        "jlabarba"
      ],
      "state": 63,
      "last_modified": "2013-02-10T19:50:37Z",
      "article": 7
    }
  },
  {
    "pk": 108,
    "model": "articleflow.articlestate",
    "fields": {
      "from_transition_user": null,
      "from_transition": null,
      "created": "2013-02-10T19:51:36Z",
      "assignee": [
        "jlabarba"
      ],
      "state": 63,
      "last_modified": "2013-02-10T19:51:36Z",
      "article": 7
    }
  },
  {
    "pk": 109,
    "model": "articleflow.articlestate",
    "fields": {
      "from_transition_user": null,
      "from_transition": null,
      "created": "2013-02-10T19:52:04Z",
      "assignee": null,
      "state": 84,
      "last_modified": "2013-02-10T19:52:04Z",
      "article": 11
    }
  },
  {
    "pk": 111,
    "model": "articleflow.articlestate",
    "fields": {
      "from_transition_user": null,
      "from_transition": null,
      "created": "2013-02-10T19:52:53Z",
      "assignee": [
        "prod_test"
      ],
      "state": 63,
      "last_modified": "2013-02-10T19:52:53Z",
      "article": 11
    }
  },
  {
    "pk": 112,
    "model": "articleflow.articlestate",
    "fields": {
      "from_transition_user": null,
      "from_transition": null,
      "created": "2013-02-10T19:53:16Z",
      "assignee": [
        "admin"
      ],
      "state": 63,
      "last_modified": "2013-02-10T19:53:16Z",
      "article": 11
    }
  },
  {
    "pk": 113,
    "model": "articleflow.articlestate",
    "fields": {
      "from_transition_user": null,
      "from_transition": null,
      "created": "2013-02-10T19:53:42Z",
      "assignee": [
        "jlabarba"
      ],
      "state": 63,
      "last_modified": "2013-02-10T19:53:42Z",
      "article": 11
    }
  },
  {
    "pk": 114,
    "model": "articleflow.articlestate",
    "fields": {
      "from_transition_user": [
        "jlabarba"
      ],
      "from_transition": null,
      "created": "2013-02-10T20:02:35Z",
      "assignee": null,
      "state": 84,
      "last_modified": "2013-02-10T20:02:35Z",
      "article": 2
    }
  },
  {
    "pk": 115,
    "model": "articleflow.articlestate",
    "fields": {
      "from_transition_user": null,
      "from_transition": null,
      "created": "2013-02-10T20:02:36Z",
      "assignee": null,
      "state": 59,
      "last_modified": "2013-02-10T20:02:36Z",
      "article": 2
    }
  },
  {
    "pk": 116,
    "model": "articleflow.articlestate",
    "fields": {
      "from_transition_user": [
        "jlabarba"
      ],
      "from_transition": 49,
      "created": "2013-02-10T20:02:36Z",
      "assignee": null,
      "state": 61,
      "last_modified": "2013-02-10T20:02:36Z",
      "article": 2
    }
  },
  {
    "pk": 117,
    "model": "articleflow.articlestate",
    "fields": {
      "from_transition_user": [
        "jlabarba"
      ],
      "from_transition": null,
      "created": "2013-02-10T20:12:50Z",
      "assignee": null,
      "state": 84,
      "last_modified": "2013-02-10T20:12:50Z",
      "article": 2
    }
  },
  {
    "pk": 118,
    "model": "articleflow.articlestate",
    "fields": {
      "from_transition_user": null,
      "from_transition": null,
      "created": "2013-02-10T20:12:51Z",
      "assignee": null,
      "state": 59,
      "last_modified": "2013-02-10T20:12:51Z",
      "article": 2
    }
  },
  {
    "pk": 119,
    "model": "articleflow.articlestate",
    "fields": {
      "from_transition_user": [
        "jlabarba"
      ],
      "from_transition": 49,
      "created": "2013-02-10T20:12:51Z",
      "assignee": null,
      "state": 61,
      "last_modified": "2013-02-10T20:12:51Z",
      "article": 2
    }
  },
  {
    "pk": 120,
    "model": "articleflow.articlestate",
    "fields": {
      "from_transition_user": [
        "jlabarba"
      ],
      "from_transition": null,
      "created": "2013-02-10T20:13:51Z",
      "assignee": null,
      "state": 84,
      "last_modified": "2013-02-10T20:13:51Z",
      "article": 2
    }
  },
  {
    "pk": 121,
    "model": "articleflow.articlestate",
    "fields": {
      "from_transition_user": null,
      "from_transition": null,
      "created": "2013-02-10T20:13:52Z",
      "assignee": null,
      "state": 59,
      "last_modified": "2013-02-10T20:13:52Z",
      "article": 2
    }
  },
  {
    "pk": 122,
    "model": "articleflow.articlestate",
    "fields": {
      "from_transition_user": [
        "jlabarba"
      ],
      "from_transition": 49,
      "created": "2013-02-10T20:13:52Z",
      "assignee": null,
      "state": 61,
      "last_modified": "2013-02-10T20:13:52Z",
      "article": 2
    }
  },
  {
    "pk": 123,
    "model": "articleflow.articlestate",
    "fields": {
      "from_transition_user": [
        "jlabarba"
      ],
      "from_transition": null,
      "created": "2013-02-10T20:15:12Z",
      "assignee": null,
      "state": 84,
      "last_modified": "2013-02-10T20:15:12Z",
      "article": 2
    }
  },
  {
    "pk": 124,
    "model": "articleflow.articlestate",
    "fields": {
      "from_transition_user": null,
      "from_transition": null,
      "created": "2013-02-10T20:15:13Z",
      "assignee": null,
      "state": 59,
      "last_modified": "2013-02-10T20:15:13Z",
      "article": 2
    }
  },
  {
    "pk": 125,
    "model": "articleflow.articlestate",
    "fields": {
      "from_transition_user": [
        "jlabarba"
      ],
      "from_transition": 49,
      "created": "2013-02-10T20:15:13Z",
      "assignee": null,
      "state": 61,
      "last_modified": "2013-02-10T20:15:13Z",
      "article": 2
    }
  },
  {
    "pk": 55,
    "model": "articleflow.state",
    "fields": {
      "auto_assign": 1,
      "last_modified": "2013-01-22T22:36:39Z",
      "worker_groups": [],
      "name": "At CW"
    }
  },
  {
    "pk": 57,
    "model": "articleflow.state",
    "fields": {
      "auto_assign": 1,
      "last_modified": "2013-01-22T22:36:53Z",
      "worker_groups": [],
      "name": "At Merops"
    }
  },
  {
    "pk": 59,
    "model": "articleflow.state",
    "fields": {
      "auto_assign": 1,
      "last_modified": "2013-01-22T22:37:01Z",
      "worker_groups": [],
      "name": "Delivered"
    }
  },
  {
    "pk": 61,
    "model": "articleflow.state",
    "fields": {
      "auto_assign": 1,
      "last_modified": "2013-01-22T22:37:10Z",
      "worker_groups": [],
      "name": "Ingested"
    }
  },
  {
    "pk": 63,
    "model": "articleflow.state",
    "fields": {
      "auto_assign": 2,
      "last_modified": "2013-02-10T03:55:27Z",
      "worker_groups": [
        [
          "production"
        ],
        [
          "admin"
        ]
      ],
      "name": "Ready for QC (CW)"
    }
  },
  {
    "pk": 65,
    "model": "articleflow.state",
    "fields": {
      "auto_assign": 1,
      "last_modified": "2013-01-22T22:37:25Z",
      "worker_groups": [],
      "name": "Ready for QC (Merops)"
    }
  },
  {
    "pk": 67,
    "model": "articleflow.state",
    "fields": {
      "auto_assign": 1,
      "last_modified": "2013-01-22T22:37:36Z",
      "worker_groups": [],
      "name": "Needs Web Corrections (Merops)"
    }
  },
  {
    "pk": 69,
    "model": "articleflow.state",
    "fields": {
      "auto_assign": 1,
      "last_modified": "2013-01-22T22:40:42Z",
      "worker_groups": [],
      "name": "Needs Web Corrections (CW)"
    }
  },
  {
    "pk": 71,
    "model": "articleflow.state",
    "fields": {
      "auto_assign": 1,
      "last_modified": "2013-01-22T22:40:48Z",
      "worker_groups": [],
      "name": "Ready to Publish"
    }
  },
  {
    "pk": 73,
    "model": "articleflow.state",
    "fields": {
      "auto_assign": 1,
      "last_modified": "2013-01-22T22:40:53Z",
      "worker_groups": [],
      "name": "Published on Stage"
    }
  },
  {
    "pk": 75,
    "model": "articleflow.state",
    "fields": {
      "auto_assign": 1,
      "last_modified": "2013-01-22T22:40:57Z",
      "worker_groups": [],
      "name": "Published Live"
    }
  },
  {
    "pk": 77,
    "model": "articleflow.state",
    "fields": {
      "auto_assign": 1,
      "last_modified": "2013-01-22T22:41:03Z",
      "worker_groups": [],
      "name": "Back at CW"
    }
  },
  {
    "pk": 79,
    "model": "articleflow.state",
    "fields": {
      "auto_assign": 1,
      "last_modified": "2013-01-22T22:41:07Z",
      "worker_groups": [],
      "name": "Back at Merops"
    }
  },
  {
    "pk": 84,
    "model": "articleflow.state",
    "fields": {
      "auto_assign": 1,
      "last_modified": "2013-02-04T19:33:25Z",
      "worker_groups": [],
      "name": "New"
    }
  }
]