[
    {
        "pk": 13,
        "model": "contenttypes.contenttype",
        "fields": {
            "model": "article",
            "name": "article",
            "app_label": "articleflow"
        }
    },
    {
        "pk": 11,
        "model": "contenttypes.contenttype",
        "fields": {
            "model": "articlestate",
            "name": "article state",
            "app_label": "articleflow"
        }
    },
    {
        "pk": 16,
        "model": "contenttypes.contenttype",
        "fields": {
            "model": "category",
            "name": "category",
            "app_label": "issues"
        }
    },
    {
        "pk": 7,
        "model": "contenttypes.contenttype",
        "fields": {
            "model": "comment",
            "name": "comment",
            "app_label": "comments"
        }
    },
    {
        "pk": 17,
        "model": "contenttypes.contenttype",
        "fields": {
            "model": "comment",
            "name": "comment",
            "app_label": "issues"
        }
    },
    {
        "pk": 8,
        "model": "contenttypes.contenttype",
        "fields": {
            "model": "commentflag",
            "name": "comment flag",
            "app_label": "comments"
        }
    },
    {
        "pk": 4,
        "model": "contenttypes.contenttype",
        "fields": {
            "model": "contenttype",
            "name": "content type",
            "app_label": "contenttypes"
        }
    },
    {
        "pk": 2,
        "model": "contenttypes.contenttype",
        "fields": {
            "model": "group",
            "name": "group",
            "app_label": "auth"
        }
    },
    {
        "pk": 15,
        "model": "contenttypes.contenttype",
        "fields": {
            "model": "issue",
            "name": "issue",
            "app_label": "issues"
        }
    },
    {
        "pk": 12,
        "model": "contenttypes.contenttype",
        "fields": {
            "model": "journal",
            "name": "journal",
            "app_label": "articleflow"
        }
    },
    {
        "pk": 9,
        "model": "contenttypes.contenttype",
        "fields": {
            "model": "logentry",
            "name": "log entry",
            "app_label": "admin"
        }
    },
    {
        "pk": 1,
        "model": "contenttypes.contenttype",
        "fields": {
            "model": "permission",
            "name": "permission",
            "app_label": "auth"
        }
    },
    {
        "pk": 5,
        "model": "contenttypes.contenttype",
        "fields": {
            "model": "session",
            "name": "session",
            "app_label": "sessions"
        }
    },
    {
        "pk": 6,
        "model": "contenttypes.contenttype",
        "fields": {
            "model": "site",
            "name": "site",
            "app_label": "sites"
        }
    },
    {
        "pk": 10,
        "model": "contenttypes.contenttype",
        "fields": {
            "model": "state",
            "name": "state",
            "app_label": "articleflow"
        }
    },
    {
        "pk": 14,
        "model": "contenttypes.contenttype",
        "fields": {
            "model": "transition",
            "name": "transition",
            "app_label": "articleflow"
        }
    },
    {
        "pk": 3,
        "model": "contenttypes.contenttype",
        "fields": {
            "model": "user",
            "name": "user",
            "app_label": "auth"
        }
    },
    {
        "pk": "2784dc78ab4736b98295abe315713802",
        "model": "sessions.session",
        "fields": {
            "expire_date": "2012-11-13T21:44:58Z",
            "session_data": "NThjNmU5YmFhZDYwZjllMGFmOTllMjk0OGNhYjk4YTFkOGEwNWZjYTqAAn1xAShVCV9tZXNzYWdl\nc11xAihjZGphbmdvLmNvbnRyaWIubWVzc2FnZXMuc3RvcmFnZS5iYXNlCk1lc3NhZ2UKcQMpgXEE\nfXEFKFUKZXh0cmFfdGFnc3EGWAAAAABVB21lc3NhZ2VxB1gyAAAAVGhlIGFydGljbGUgInBiaW8u\nMDAwMDAwNCIgd2FzIGFkZGVkIHN1Y2Nlc3NmdWxseS5VBWxldmVscQhLFHViaAMpgXEJfXEKKGgG\nWAAAAABoB1hDAAAAVGhlIGFydGljbGUgc3RhdGUgInBudGQuMDAwMDAwMzogRGVsaXZlcmVkIiB3\nYXMgYWRkZWQgc3VjY2Vzc2Z1bGx5LmgISxR1YmgDKYFxC31xDChoBlgAAAAAaAdYRQAAAFRoZSBh\ncnRpY2xlIHN0YXRlICJwbnRkLjAwMDAwMDM6IERlbGl2ZXJlZCIgd2FzIGNoYW5nZWQgc3VjY2Vz\nc2Z1bGx5LmgISxR1YmgDKYFxDX1xDihoBlgAAAAAaAdYQwAAAFRoZSBhcnRpY2xlIHN0YXRlICJw\nbnRkLjAwMDAwMDM6IERlbGl2ZXJlZCIgd2FzIGFkZGVkIHN1Y2Nlc3NmdWxseS5oCEsUdWJoAymB\ncQ99cRAoaAZYAAAAAGgHWEMAAABUaGUgYXJ0aWNsZSBzdGF0ZSAicGJpby4wMDAwMDA0OiBEZWxp\ndmVyZWQiIHdhcyBhZGRlZCBzdWNjZXNzZnVsbHkuaAhLFHViaAMpgXERfXESKGgGWAAAAABoB1hF\nAAAAVGhlIGFydGljbGUgc3RhdGUgInBudGQuMDAwMDAwMzogRGVsaXZlcmVkIiB3YXMgY2hhbmdl\nZCBzdWNjZXNzZnVsbHkuaAhLFHViaAMpgXETfXEUKGgGWAAAAABoB1hFAAAAVGhlIGFydGljbGUg\nc3RhdGUgInBtZWQuMDAwMDAwMjogRGVsaXZlcmVkIiB3YXMgY2hhbmdlZCBzdWNjZXNzZnVsbHku\naAhLFHViZVUNX2F1dGhfdXNlcl9pZIoBAVUSX2F1dGhfdXNlcl9iYWNrZW5kVSlkamFuZ28uY29u\ndHJpYi5hdXRoLmJhY2tlbmRzLk1vZGVsQmFja2VuZHUu\n"
        }
    },
    {
        "pk": "4a96df7b38fe8e77d623efa44c7e751c",
        "model": "sessions.session",
        "fields": {
            "expire_date": "2012-10-31T22:26:27Z",
            "session_data": "ZGYyOTgxOWY0ZmVjNmIzNGQzNmU0OWIzMDNkMzQ5MDRmYzE2NzBiMjqAAn1xAS4=\n"
        }
    },
    {
        "pk": "6fbbacc699ba8523b94a68f8547b7121",
        "model": "sessions.session",
        "fields": {
            "expire_date": "2012-11-13T17:05:21Z",
            "session_data": "YjVhZjdhNmY5MDJhYzdlYjRkZjk1NTFjMjJhNmFkNDE4ZGQ4OWI5YzqAAn1xAShVEl9hdXRoX3Vz\nZXJfYmFja2VuZHECVSlkamFuZ28uY29udHJpYi5hdXRoLmJhY2tlbmRzLk1vZGVsQmFja2VuZHED\nVQ1fYXV0aF91c2VyX2lkcQSKAQN1Lg==\n"
        }
    },
    {
        "pk": "7add9d5f25583f69a574006e16a46263",
        "model": "sessions.session",
        "fields": {
            "expire_date": "2012-11-02T23:16:19Z",
            "session_data": "ZGYyOTgxOWY0ZmVjNmIzNGQzNmU0OWIzMDNkMzQ5MDRmYzE2NzBiMjqAAn1xAS4=\n"
        }
    },
    {
        "pk": "d4c92e3c9005b93002fd510d223289d6",
        "model": "sessions.session",
        "fields": {
            "expire_date": "2012-11-12T20:36:29Z",
            "session_data": "ZGYyOTgxOWY0ZmVjNmIzNGQzNmU0OWIzMDNkMzQ5MDRmYzE2NzBiMjqAAn1xAS4=\n"
        }
    },
    {
        "pk": 1,
        "model": "sites.site",
        "fields": {
            "domain": "example.com",
            "name": "example.com"
        }
    },
    {
        "pk": 1,
        "model": "articleflow.state",
        "fields": {
            "last_modified": "2012-10-15T18:03:27Z",
            "name": "Delivered"
        }
    },
    {
        "pk": 2,
        "model": "articleflow.state",
        "fields": {
            "last_modified": "2012-10-30T21:30:10Z",
            "name": "Pulled"
        }
    },
    {
        "pk": 3,
        "model": "articleflow.state",
        "fields": {
            "last_modified": "2012-10-30T21:30:28Z",
            "name": "Production QC"
        }
    },
    {
        "pk": 4,
        "model": "articleflow.state",
        "fields": {
            "last_modified": "2012-10-30T21:30:35Z",
            "name": "Web Corrections"
        }
    },
    {
        "pk": 5,
        "model": "articleflow.state",
        "fields": {
            "last_modified": "2012-10-30T21:30:56Z",
            "name": "At CW"
        }
    },
    {
        "pk": 6,
        "model": "articleflow.state",
        "fields": {
            "last_modified": "2012-10-30T21:31:05Z",
            "name": "Published on Stage"
        }
    },
    {
        "pk": 7,
        "model": "articleflow.state",
        "fields": {
            "last_modified": "2012-10-30T21:31:11Z",
            "name": "Published on Live"
        }
    },
    {
        "pk": 1,
        "model": "articleflow.journal",
        "fields": {
            "last_modified": "2012-10-15T18:03:12Z",
            "short_name": "pone",
            "full_name": "PLOS One"
        }
    },
    {
        "pk": 2,
        "model": "articleflow.journal",
        "fields": {
            "last_modified": "2012-10-30T21:41:20Z",
            "short_name": "pmed",
            "full_name": "PLOS Medicine"
        }
    },
    {
        "pk": 3,
        "model": "articleflow.journal",
        "fields": {
            "last_modified": "2012-10-30T21:42:10Z",
            "short_name": "pntd",
            "full_name": "PLOS NTDs"
        }
    },
    {
        "pk": 4,
        "model": "articleflow.journal",
        "fields": {
            "last_modified": "2012-10-30T21:42:49Z",
            "short_name": "pbio",
            "full_name": "PLOS Biology"
        }
    },
    {
        "pk": 1,
        "model": "articleflow.article",
        "fields": {
            "doi": "pone.0000001",
            "pubdate": "2012-10-15",
            "created": "2012-10-15T18:03:40Z",
            "journal": 1,
            "current_articlestate": 1,
            "last_modified": "2012-10-15T18:04:00Z"
        }
    },
    {
        "pk": 2,
        "model": "articleflow.article",
        "fields": {
            "doi": "pmed.0000002",
            "pubdate": "2012-10-30",
            "created": "2012-10-30T21:41:38Z",
            "journal": 2,
            "current_articlestate": 2,
            "last_modified": "2012-10-30T21:44:58Z"
        }
    },
    {
        "pk": 3,
        "model": "articleflow.article",
        "fields": {
            "doi": "pntd.0000003",
            "pubdate": "2012-10-30",
            "created": "2012-10-30T21:42:16Z",
            "journal": 3,
            "current_articlestate": 3,
            "last_modified": "2012-10-30T21:44:18Z"
        }
    },
    {
        "pk": 4,
        "model": "articleflow.article",
        "fields": {
            "doi": "pbio.0000004",
            "pubdate": "2012-10-30",
            "created": "2012-10-30T21:43:04Z",
            "journal": 4,
            "current_articlestate": 4,
            "last_modified": "2012-10-30T21:44:14Z"
        }
    },
    {
        "pk": 1,
        "model": "articleflow.transition",
        "fields": {
            "from_state": 1,
            "last_modified": "2012-10-30T21:31:46Z",
            "name": "Pull",
            "to_state": 2
        }
    },
    {
        "pk": 2,
        "model": "articleflow.transition",
        "fields": {
            "from_state": 2,
            "last_modified": "2012-10-30T21:32:03Z",
            "name": "Send to Production QC",
            "to_state": 3
        }
    },
    {
        "pk": 3,
        "model": "articleflow.transition",
        "fields": {
            "from_state": 3,
            "last_modified": "2012-10-30T21:32:48Z",
            "name": "Send to publish",
            "to_state": 6
        }
    },
    {
        "pk": 4,
        "model": "articleflow.transition",
        "fields": {
            "from_state": 3,
            "last_modified": "2012-10-30T21:33:06Z",
            "name": "Send to Web Corrections",
            "to_state": 4
        }
    },
    {
        "pk": 5,
        "model": "articleflow.transition",
        "fields": {
            "from_state": 4,
            "last_modified": "2012-10-30T21:33:26Z",
            "name": "Send back to CW",
            "to_state": 5
        }
    },
    {
        "pk": 6,
        "model": "articleflow.transition",
        "fields": {
            "from_state": 4,
            "last_modified": "2012-10-30T21:37:50Z",
            "name": "Publish",
            "to_state": 6
        }
    },
    {
        "pk": 7,
        "model": "articleflow.transition",
        "fields": {
            "from_state": 5,
            "last_modified": "2012-10-30T21:38:15Z",
            "name": "Deliver from CW",
            "to_state": 1
        }
    },
    {
        "pk": 8,
        "model": "articleflow.transition",
        "fields": {
            "from_state": 6,
            "last_modified": "2012-10-30T21:38:30Z",
            "name": "Publish on Live",
            "to_state": 7
        }
    },
    {
        "pk": 9,
        "model": "articleflow.transition",
        "fields": {
            "from_state": 4,
            "last_modified": "2012-10-30T21:39:05Z",
            "name": "Send back to Production QC",
            "to_state": 3
        }
    },
    {
        "pk": 1,
        "model": "issues.category",
        "fields": {
            "last_modified": "2012-10-15T18:04:25Z",
            "name": "XML",
            "created": "2012-10-15T18:04:25Z"
        }
    },
    {
        "pk": 2,
        "model": "issues.category",
        "fields": {
            "last_modified": "2012-10-15T18:04:43Z",
            "name": "PDF",
            "created": "2012-10-15T18:04:43Z"
        }
    },
    {
        "pk": 3,
        "model": "issues.category",
        "fields": {
            "last_modified": "2012-10-30T21:39:50Z",
            "name": "XML & PDF",
            "created": "2012-10-30T21:39:50Z"
        }
    },
    {
        "pk": 4,
        "model": "issues.category",
        "fields": {
            "last_modified": "2012-10-30T21:40:14Z",
            "name": "SI",
            "created": "2012-10-30T21:40:14Z"
        }
    },
    {
        "pk": 26,
        "model": "auth.permission",
        "fields": {
            "codename": "add_logentry",
            "name": "Can add log entry",
            "content_type": 9
        }
    },
    {
        "pk": 27,
        "model": "auth.permission",
        "fields": {
            "codename": "change_logentry",
            "name": "Can change log entry",
            "content_type": 9
        }
    },
    {
        "pk": 28,
        "model": "auth.permission",
        "fields": {
            "codename": "delete_logentry",
            "name": "Can delete log entry",
            "content_type": 9
        }
    },
    {
        "pk": 38,
        "model": "auth.permission",
        "fields": {
            "codename": "add_article",
            "name": "Can add article",
            "content_type": 13
        }
    },
    {
        "pk": 39,
        "model": "auth.permission",
        "fields": {
            "codename": "change_article",
            "name": "Can change article",
            "content_type": 13
        }
    },
    {
        "pk": 40,
        "model": "auth.permission",
        "fields": {
            "codename": "delete_article",
            "name": "Can delete article",
            "content_type": 13
        }
    },
    {
        "pk": 32,
        "model": "auth.permission",
        "fields": {
            "codename": "add_articlestate",
            "name": "Can add article state",
            "content_type": 11
        }
    },
    {
        "pk": 33,
        "model": "auth.permission",
        "fields": {
            "codename": "change_articlestate",
            "name": "Can change article state",
            "content_type": 11
        }
    },
    {
        "pk": 34,
        "model": "auth.permission",
        "fields": {
            "codename": "delete_articlestate",
            "name": "Can delete article state",
            "content_type": 11
        }
    },
    {
        "pk": 35,
        "model": "auth.permission",
        "fields": {
            "codename": "add_journal",
            "name": "Can add journal",
            "content_type": 12
        }
    },
    {
        "pk": 36,
        "model": "auth.permission",
        "fields": {
            "codename": "change_journal",
            "name": "Can change journal",
            "content_type": 12
        }
    },
    {
        "pk": 37,
        "model": "auth.permission",
        "fields": {
            "codename": "delete_journal",
            "name": "Can delete journal",
            "content_type": 12
        }
    },
    {
        "pk": 29,
        "model": "auth.permission",
        "fields": {
            "codename": "add_state",
            "name": "Can add state",
            "content_type": 10
        }
    },
    {
        "pk": 30,
        "model": "auth.permission",
        "fields": {
            "codename": "change_state",
            "name": "Can change state",
            "content_type": 10
        }
    },
    {
        "pk": 31,
        "model": "auth.permission",
        "fields": {
            "codename": "delete_state",
            "name": "Can delete state",
            "content_type": 10
        }
    },
    {
        "pk": 41,
        "model": "auth.permission",
        "fields": {
            "codename": "add_transition",
            "name": "Can add transition",
            "content_type": 14
        }
    },
    {
        "pk": 42,
        "model": "auth.permission",
        "fields": {
            "codename": "change_transition",
            "name": "Can change transition",
            "content_type": 14
        }
    },
    {
        "pk": 43,
        "model": "auth.permission",
        "fields": {
            "codename": "delete_transition",
            "name": "Can delete transition",
            "content_type": 14
        }
    },
    {
        "pk": 4,
        "model": "auth.permission",
        "fields": {
            "codename": "add_group",
            "name": "Can add group",
            "content_type": 2
        }
    },
    {
        "pk": 5,
        "model": "auth.permission",
        "fields": {
            "codename": "change_group",
            "name": "Can change group",
            "content_type": 2
        }
    },
    {
        "pk": 6,
        "model": "auth.permission",
        "fields": {
            "codename": "delete_group",
            "name": "Can delete group",
            "content_type": 2
        }
    },
    {
        "pk": 1,
        "model": "auth.permission",
        "fields": {
            "codename": "add_permission",
            "name": "Can add permission",
            "content_type": 1
        }
    },
    {
        "pk": 2,
        "model": "auth.permission",
        "fields": {
            "codename": "change_permission",
            "name": "Can change permission",
            "content_type": 1
        }
    },
    {
        "pk": 3,
        "model": "auth.permission",
        "fields": {
            "codename": "delete_permission",
            "name": "Can delete permission",
            "content_type": 1
        }
    },
    {
        "pk": 7,
        "model": "auth.permission",
        "fields": {
            "codename": "add_user",
            "name": "Can add user",
            "content_type": 3
        }
    },
    {
        "pk": 8,
        "model": "auth.permission",
        "fields": {
            "codename": "change_user",
            "name": "Can change user",
            "content_type": 3
        }
    },
    {
        "pk": 9,
        "model": "auth.permission",
        "fields": {
            "codename": "delete_user",
            "name": "Can delete user",
            "content_type": 3
        }
    },
    {
        "pk": 19,
        "model": "auth.permission",
        "fields": {
            "codename": "add_comment",
            "name": "Can add comment",
            "content_type": 7
        }
    },
    {
        "pk": 22,
        "model": "auth.permission",
        "fields": {
            "codename": "can_moderate",
            "name": "Can moderate comments",
            "content_type": 7
        }
    },
    {
        "pk": 20,
        "model": "auth.permission",
        "fields": {
            "codename": "change_comment",
            "name": "Can change comment",
            "content_type": 7
        }
    },
    {
        "pk": 21,
        "model": "auth.permission",
        "fields": {
            "codename": "delete_comment",
            "name": "Can delete comment",
            "content_type": 7
        }
    },
    {
        "pk": 23,
        "model": "auth.permission",
        "fields": {
            "codename": "add_commentflag",
            "name": "Can add comment flag",
            "content_type": 8
        }
    },
    {
        "pk": 24,
        "model": "auth.permission",
        "fields": {
            "codename": "change_commentflag",
            "name": "Can change comment flag",
            "content_type": 8
        }
    },
    {
        "pk": 25,
        "model": "auth.permission",
        "fields": {
            "codename": "delete_commentflag",
            "name": "Can delete comment flag",
            "content_type": 8
        }
    },
    {
        "pk": 10,
        "model": "auth.permission",
        "fields": {
            "codename": "add_contenttype",
            "name": "Can add content type",
            "content_type": 4
        }
    },
    {
        "pk": 11,
        "model": "auth.permission",
        "fields": {
            "codename": "change_contenttype",
            "name": "Can change content type",
            "content_type": 4
        }
    },
    {
        "pk": 12,
        "model": "auth.permission",
        "fields": {
            "codename": "delete_contenttype",
            "name": "Can delete content type",
            "content_type": 4
        }
    },
    {
        "pk": 47,
        "model": "auth.permission",
        "fields": {
            "codename": "add_category",
            "name": "Can add category",
            "content_type": 16
        }
    },
    {
        "pk": 48,
        "model": "auth.permission",
        "fields": {
            "codename": "change_category",
            "name": "Can change category",
            "content_type": 16
        }
    },
    {
        "pk": 49,
        "model": "auth.permission",
        "fields": {
            "codename": "delete_category",
            "name": "Can delete category",
            "content_type": 16
        }
    },
    {
        "pk": 50,
        "model": "auth.permission",
        "fields": {
            "codename": "add_comment",
            "name": "Can add comment",
            "content_type": 17
        }
    },
    {
        "pk": 51,
        "model": "auth.permission",
        "fields": {
            "codename": "change_comment",
            "name": "Can change comment",
            "content_type": 17
        }
    },
    {
        "pk": 52,
        "model": "auth.permission",
        "fields": {
            "codename": "delete_comment",
            "name": "Can delete comment",
            "content_type": 17
        }
    },
    {
        "pk": 44,
        "model": "auth.permission",
        "fields": {
            "codename": "add_issue",
            "name": "Can add issue",
            "content_type": 15
        }
    },
    {
        "pk": 45,
        "model": "auth.permission",
        "fields": {
            "codename": "change_issue",
            "name": "Can change issue",
            "content_type": 15
        }
    },
    {
        "pk": 46,
        "model": "auth.permission",
        "fields": {
            "codename": "delete_issue",
            "name": "Can delete issue",
            "content_type": 15
        }
    },
    {
        "pk": 13,
        "model": "auth.permission",
        "fields": {
            "codename": "add_session",
            "name": "Can add session",
            "content_type": 5
        }
    },
    {
        "pk": 14,
        "model": "auth.permission",
        "fields": {
            "codename": "change_session",
            "name": "Can change session",
            "content_type": 5
        }
    },
    {
        "pk": 15,
        "model": "auth.permission",
        "fields": {
            "codename": "delete_session",
            "name": "Can delete session",
            "content_type": 5
        }
    },
    {
        "pk": 16,
        "model": "auth.permission",
        "fields": {
            "codename": "add_site",
            "name": "Can add site",
            "content_type": 6
        }
    },
    {
        "pk": 17,
        "model": "auth.permission",
        "fields": {
            "codename": "change_site",
            "name": "Can change site",
            "content_type": 6
        }
    },
    {
        "pk": 18,
        "model": "auth.permission",
        "fields": {
            "codename": "delete_site",
            "name": "Can delete site",
            "content_type": 6
        }
    },
    {
        "pk": 1,
        "model": "auth.user",
        "fields": {
            "username": "admin",
            "first_name": "Adam",
            "last_name": "McAdmin",
            "is_active": true,
            "is_superuser": true,
            "is_staff": true,
            "last_login": "2012-10-30T21:29:19Z",
            "groups": [],
            "user_permissions": [],
            "password": "pbkdf2_sha256$10000$kP4e11SsYel6$66WPmxNguks6LAuXptullVfMLoKpTWJdoZAvpCmPwI0=",
            "email": "admin@admin.com",
            "date_joined": "2012-10-15T18:02:18Z"
        }
    },
    {
        "pk": 2,
        "model": "auth.user",
        "fields": {
            "username": "nina",
            "first_name": "Nina",
            "last_name": "Meechoonuk",
            "is_active": true,
            "is_superuser": false,
            "is_staff": false,
            "last_login": "2012-10-17T22:25:11Z",
            "groups": [],
            "user_permissions": [],
            "password": "pbkdf2_sha256$10000$FBhLWSCUYft8$UCFhoSjIXvyO58YaWd0eEyCdAlpwICJcV8PFV8PWAgU=",
            "email": "nmeechoonuk@plos.org",
            "date_joined": "2012-10-15T22:51:03Z"
        }
    },
    {
        "pk": 3,
        "model": "auth.user",
        "fields": {
            "username": "jack",
            "first_name": "Jack",
            "last_name": "LaBarba",
            "is_active": true,
            "is_superuser": false,
            "is_staff": true,
            "last_login": "2012-10-30T21:25:18Z",
            "groups": [],
            "user_permissions": [],
            "password": "pbkdf2_sha256$10000$63Z22plFMfRt$+RK/PPftlWq952/2EW5uduFlMwvWcoAJToed93ANMMg=",
            "email": "jlabarba@plos.org",
            "date_joined": "2012-10-15T23:11:46Z"
        }
    },
    {
        "pk": 64,
        "model": "comments.comment",
        "fields": {
            "comment": "This article is about snail plasma :)",
            "user_url": "",
            "submit_date": "2012-10-30T21:25:36Z",
            "ip_address": "10.135.2.181",
            "object_pk": "1",
            "site": 1,
            "is_removed": false,
            "user": 3,
            "content_type": 13,
            "is_public": true,
            "user_name": "Jack LaBarba",
            "user_email": "jlabarba@plos.org"
        }
    },
    {
        "pk": 65,
        "model": "comments.comment",
        "fields": {
            "comment": "la la la la.",
            "user_url": "",
            "submit_date": "2012-10-30T21:25:51Z",
            "ip_address": "10.135.2.181",
            "object_pk": "1",
            "site": 1,
            "is_removed": false,
            "user": 3,
            "content_type": 13,
            "is_public": true,
            "user_name": "Jack LaBarba",
            "user_email": "jlabarba@plos.org"
        }
    },
    {
        "pk": 66,
        "model": "comments.comment",
        "fields": {
            "comment": "hey hey hey hey.",
            "user_url": "",
            "submit_date": "2012-10-30T21:25:58Z",
            "ip_address": "10.135.2.181",
            "object_pk": "1",
            "site": 1,
            "is_removed": false,
            "user": 3,
            "content_type": 13,
            "is_public": true,
            "user_name": "Jack LaBarba",
            "user_email": "jlabarba@plos.org"
        }
    },
    {
        "pk": 67,
        "model": "comments.comment",
        "fields": {
            "comment": "<p>Look I can even type xml tags in here without everything <em>blowing up</em>.</p>",
            "user_url": "",
            "submit_date": "2012-10-30T21:26:33Z",
            "ip_address": "10.135.2.181",
            "object_pk": "1",
            "site": 1,
            "is_removed": false,
            "user": 3,
            "content_type": 13,
            "is_public": true,
            "user_name": "Jack LaBarba",
            "user_email": "jlabarba@plos.org"
        }
    },
    {
        "pk": 68,
        "model": "comments.comment",
        "fields": {
            "comment": "yuuupppp.",
            "user_url": "",
            "submit_date": "2012-10-30T21:26:53Z",
            "ip_address": "10.135.2.181",
            "object_pk": "81",
            "site": 1,
            "is_removed": false,
            "user": 3,
            "content_type": 15,
            "is_public": true,
            "user_name": "Jack LaBarba",
            "user_email": "jlabarba@plos.org"
        }
    },
    {
        "pk": 69,
        "model": "comments.comment",
        "fields": {
            "comment": "sure is.",
            "user_url": "",
            "submit_date": "2012-10-30T21:26:59Z",
            "ip_address": "10.135.2.181",
            "object_pk": "81",
            "site": 1,
            "is_removed": false,
            "user": 3,
            "content_type": 15,
            "is_public": true,
            "user_name": "Jack LaBarba",
            "user_email": "jlabarba@plos.org"
        }
    },
    {
        "pk": 70,
        "model": "comments.comment",
        "fields": {
            "comment": "This article is terrible.",
            "user_url": "",
            "submit_date": "2012-10-30T21:27:18Z",
            "ip_address": "10.135.2.181",
            "object_pk": "82",
            "site": 1,
            "is_removed": false,
            "user": 3,
            "content_type": 15,
            "is_public": true,
            "user_name": "Jack LaBarba",
            "user_email": "jlabarba@plos.org"
        }
    },
    {
        "pk": 71,
        "model": "comments.comment",
        "fields": {
            "comment": "test on pmed",
            "user_url": "",
            "submit_date": "2012-10-30T21:45:22Z",
            "ip_address": "10.135.2.181",
            "object_pk": "2",
            "site": 1,
            "is_removed": false,
            "user": 1,
            "content_type": 13,
            "is_public": true,
            "user_name": "Adam McAdmin",
            "user_email": "admin@admin.com"
        }
    },
    {
        "pk": 189,
        "model": "admin.logentry",
        "fields": {
            "action_flag": 2,
            "action_time": "2012-10-30T21:44:58Z",
            "object_repr": "pmed.0000002: Delivered",
            "object_id": "2",
            "change_message": "Changed article.",
            "user": 1,
            "content_type": 11
        }
    },
    {
        "pk": 188,
        "model": "admin.logentry",
        "fields": {
            "action_flag": 2,
            "action_time": "2012-10-30T21:44:18Z",
            "object_repr": "pntd.0000003: Delivered",
            "object_id": "3",
            "change_message": "Changed from_transition.",
            "user": 1,
            "content_type": 11
        }
    },
    {
        "pk": 187,
        "model": "admin.logentry",
        "fields": {
            "action_flag": 1,
            "action_time": "2012-10-30T21:44:14Z",
            "object_repr": "pbio.0000004: Delivered",
            "object_id": "4",
            "change_message": "",
            "user": 1,
            "content_type": 11
        }
    },
    {
        "pk": 186,
        "model": "admin.logentry",
        "fields": {
            "action_flag": 1,
            "action_time": "2012-10-30T21:43:57Z",
            "object_repr": "pntd.0000003: Delivered",
            "object_id": "3",
            "change_message": "",
            "user": 1,
            "content_type": 11
        }
    },
    {
        "pk": 185,
        "model": "admin.logentry",
        "fields": {
            "action_flag": 2,
            "action_time": "2012-10-30T21:43:47Z",
            "object_repr": "pntd.0000003: Delivered",
            "object_id": "2",
            "change_message": "Changed from_transition_user.",
            "user": 1,
            "content_type": 11
        }
    },
    {
        "pk": 184,
        "model": "admin.logentry",
        "fields": {
            "action_flag": 1,
            "action_time": "2012-10-30T21:43:37Z",
            "object_repr": "pntd.0000003: Delivered",
            "object_id": "2",
            "change_message": "",
            "user": 1,
            "content_type": 11
        }
    },
    {
        "pk": 183,
        "model": "admin.logentry",
        "fields": {
            "action_flag": 1,
            "action_time": "2012-10-30T21:43:04Z",
            "object_repr": "pbio.0000004",
            "object_id": "4",
            "change_message": "",
            "user": 1,
            "content_type": 13
        }
    },
    {
        "pk": 182,
        "model": "admin.logentry",
        "fields": {
            "action_flag": 1,
            "action_time": "2012-10-30T21:42:49Z",
            "object_repr": "PLOS Biology",
            "object_id": "4",
            "change_message": "",
            "user": 1,
            "content_type": 12
        }
    },
    {
        "pk": 181,
        "model": "admin.logentry",
        "fields": {
            "action_flag": 1,
            "action_time": "2012-10-30T21:42:16Z",
            "object_repr": "pntd.0000003",
            "object_id": "3",
            "change_message": "",
            "user": 1,
            "content_type": 13
        }
    },
    {
        "pk": 180,
        "model": "admin.logentry",
        "fields": {
            "action_flag": 1,
            "action_time": "2012-10-30T21:42:10Z",
            "object_repr": "PLOS NTDs",
            "object_id": "3",
            "change_message": "",
            "user": 1,
            "content_type": 12
        }
    },
    {
        "pk": 179,
        "model": "admin.logentry",
        "fields": {
            "action_flag": 1,
            "action_time": "2012-10-30T21:41:38Z",
            "object_repr": "pmed.0000002",
            "object_id": "2",
            "change_message": "",
            "user": 1,
            "content_type": 13
        }
    },
    {
        "pk": 178,
        "model": "admin.logentry",
        "fields": {
            "action_flag": 1,
            "action_time": "2012-10-30T21:41:20Z",
            "object_repr": "PLOS Medicine",
            "object_id": "2",
            "change_message": "",
            "user": 1,
            "content_type": 12
        }
    },
    {
        "pk": 177,
        "model": "admin.logentry",
        "fields": {
            "action_flag": 1,
            "action_time": "2012-10-30T21:40:14Z",
            "object_repr": "SI",
            "object_id": "4",
            "change_message": "",
            "user": 1,
            "content_type": 16
        }
    },
    {
        "pk": 176,
        "model": "admin.logentry",
        "fields": {
            "action_flag": 1,
            "action_time": "2012-10-30T21:39:50Z",
            "object_repr": "XML & PDF",
            "object_id": "3",
            "change_message": "",
            "user": 1,
            "content_type": 16
        }
    },
    {
        "pk": 175,
        "model": "admin.logentry",
        "fields": {
            "action_flag": 1,
            "action_time": "2012-10-30T21:39:05Z",
            "object_repr": "Send back to Production QC: Web Corrections to Production QC",
            "object_id": "9",
            "change_message": "",
            "user": 1,
            "content_type": 14
        }
    },
    {
        "pk": 174,
        "model": "admin.logentry",
        "fields": {
            "action_flag": 1,
            "action_time": "2012-10-30T21:38:30Z",
            "object_repr": "Publish on Live: Published on Stage to Published on Live",
            "object_id": "8",
            "change_message": "",
            "user": 1,
            "content_type": 14
        }
    },
    {
        "pk": 173,
        "model": "admin.logentry",
        "fields": {
            "action_flag": 1,
            "action_time": "2012-10-30T21:38:15Z",
            "object_repr": "Deliver from CW: At CW to Delivered",
            "object_id": "7",
            "change_message": "",
            "user": 1,
            "content_type": 14
        }
    },
    {
        "pk": 172,
        "model": "admin.logentry",
        "fields": {
            "action_flag": 1,
            "action_time": "2012-10-30T21:37:50Z",
            "object_repr": "Publish: Web Corrections to Published on Stage",
            "object_id": "6",
            "change_message": "",
            "user": 1,
            "content_type": 14
        }
    },
    {
        "pk": 171,
        "model": "admin.logentry",
        "fields": {
            "action_flag": 1,
            "action_time": "2012-10-30T21:33:26Z",
            "object_repr": "Send back to CW: Web Corrections to At CW",
            "object_id": "5",
            "change_message": "",
            "user": 1,
            "content_type": 14
        }
    },
    {
        "pk": 170,
        "model": "admin.logentry",
        "fields": {
            "action_flag": 1,
            "action_time": "2012-10-30T21:33:06Z",
            "object_repr": "Send to Web Corrections: Production QC to Web Corrections",
            "object_id": "4",
            "change_message": "",
            "user": 1,
            "content_type": 14
        }
    },
    {
        "pk": 169,
        "model": "admin.logentry",
        "fields": {
            "action_flag": 2,
            "action_time": "2012-10-30T21:32:48Z",
            "object_repr": "Send to publish: Production QC to Published on Stage",
            "object_id": "3",
            "change_message": "No fields changed.",
            "user": 1,
            "content_type": 14
        }
    },
    {
        "pk": 168,
        "model": "admin.logentry",
        "fields": {
            "action_flag": 1,
            "action_time": "2012-10-30T21:32:43Z",
            "object_repr": "Send to publish: Production QC to Published on Stage",
            "object_id": "3",
            "change_message": "",
            "user": 1,
            "content_type": 14
        }
    },
    {
        "pk": 167,
        "model": "admin.logentry",
        "fields": {
            "action_flag": 1,
            "action_time": "2012-10-30T21:32:03Z",
            "object_repr": "Send to Production QC: Pulled to Production QC",
            "object_id": "2",
            "change_message": "",
            "user": 1,
            "content_type": 14
        }
    },
    {
        "pk": 166,
        "model": "admin.logentry",
        "fields": {
            "action_flag": 1,
            "action_time": "2012-10-30T21:31:46Z",
            "object_repr": "Pull: Delivered to Pulled",
            "object_id": "1",
            "change_message": "",
            "user": 1,
            "content_type": 14
        }
    },
    {
        "pk": 165,
        "model": "admin.logentry",
        "fields": {
            "action_flag": 1,
            "action_time": "2012-10-30T21:31:11Z",
            "object_repr": "Published on Live",
            "object_id": "7",
            "change_message": "",
            "user": 1,
            "content_type": 10
        }
    },
    {
        "pk": 164,
        "model": "admin.logentry",
        "fields": {
            "action_flag": 1,
            "action_time": "2012-10-30T21:31:05Z",
            "object_repr": "Published on Stage",
            "object_id": "6",
            "change_message": "",
            "user": 1,
            "content_type": 10
        }
    },
    {
        "pk": 163,
        "model": "admin.logentry",
        "fields": {
            "action_flag": 1,
            "action_time": "2012-10-30T21:30:56Z",
            "object_repr": "At CW",
            "object_id": "5",
            "change_message": "",
            "user": 1,
            "content_type": 10
        }
    },
    {
        "pk": 162,
        "model": "admin.logentry",
        "fields": {
            "action_flag": 1,
            "action_time": "2012-10-30T21:30:35Z",
            "object_repr": "Web Corrections",
            "object_id": "4",
            "change_message": "",
            "user": 1,
            "content_type": 10
        }
    },
    {
        "pk": 161,
        "model": "admin.logentry",
        "fields": {
            "action_flag": 1,
            "action_time": "2012-10-30T21:30:28Z",
            "object_repr": "Production QC",
            "object_id": "3",
            "change_message": "",
            "user": 1,
            "content_type": 10
        }
    },
    {
        "pk": 160,
        "model": "admin.logentry",
        "fields": {
            "action_flag": 1,
            "action_time": "2012-10-30T21:30:10Z",
            "object_repr": "Pulled",
            "object_id": "2",
            "change_message": "",
            "user": 1,
            "content_type": 10
        }
    },
    {
        "pk": 152,
        "model": "admin.logentry",
        "fields": {
            "action_flag": 3,
            "action_time": "2012-10-30T20:12:18Z",
            "object_repr": "Jack LaBarba: aoeuaoeu...",
            "object_id": "59",
            "change_message": "",
            "user": 1,
            "content_type": 7
        }
    },
    {
        "pk": 153,
        "model": "admin.logentry",
        "fields": {
            "action_flag": 3,
            "action_time": "2012-10-30T20:12:18Z",
            "object_repr": "Jack LaBarba: LAAA LOOOO...",
            "object_id": "58",
            "change_message": "",
            "user": 1,
            "content_type": 7
        }
    },
    {
        "pk": 154,
        "model": "admin.logentry",
        "fields": {
            "action_flag": 3,
            "action_time": "2012-10-30T20:12:18Z",
            "object_repr": "Jack LaBarba: HEHEHEHHEHE...",
            "object_id": "57",
            "change_message": "",
            "user": 1,
            "content_type": 7
        }
    },
    {
        "pk": 155,
        "model": "admin.logentry",
        "fields": {
            "action_flag": 3,
            "action_time": "2012-10-30T20:12:18Z",
            "object_repr": "Jack LaBarba: nononono...",
            "object_id": "56",
            "change_message": "",
            "user": 1,
            "content_type": 7
        }
    },
    {
        "pk": 156,
        "model": "admin.logentry",
        "fields": {
            "action_flag": 3,
            "action_time": "2012-10-30T20:12:18Z",
            "object_repr": "Jack LaBarba: lalala...",
            "object_id": "55",
            "change_message": "",
            "user": 1,
            "content_type": 7
        }
    },
    {
        "pk": 157,
        "model": "admin.logentry",
        "fields": {
            "action_flag": 3,
            "action_time": "2012-10-30T20:12:18Z",
            "object_repr": "Jack LaBarba: how about now...",
            "object_id": "54",
            "change_message": "",
            "user": 1,
            "content_type": 7
        }
    },
    {
        "pk": 158,
        "model": "admin.logentry",
        "fields": {
            "action_flag": 3,
            "action_time": "2012-10-30T20:12:18Z",
            "object_repr": "Jack LaBarba: another note!...",
            "object_id": "53",
            "change_message": "",
            "user": 1,
            "content_type": 7
        }
    },
    {
        "pk": 159,
        "model": "admin.logentry",
        "fields": {
            "action_flag": 3,
            "action_time": "2012-10-30T20:12:18Z",
            "object_repr": "Jack LaBarba: I'm leaving a note!...",
            "object_id": "52",
            "change_message": "",
            "user": 1,
            "content_type": 7
        }
    },
    {
        "pk": 144,
        "model": "admin.logentry",
        "fields": {
            "action_flag": 3,
            "action_time": "2012-10-30T20:11:01Z",
            "object_repr": "Adam McAdmin: :Qj:Qj:QJaoeuaoeuoaeu...",
            "object_id": "63",
            "change_message": "",
            "user": 1,
            "content_type": 7
        }
    },
    {
        "pk": 145,
        "model": "admin.logentry",
        "fields": {
            "action_flag": 3,
            "action_time": "2012-10-30T20:11:01Z",
            "object_repr": "Adam McAdmin: anthaoesu...",
            "object_id": "62",
            "change_message": "",
            "user": 1,
            "content_type": 7
        }
    },
    {
        "pk": 146,
        "model": "admin.logentry",
        "fields": {
            "action_flag": 3,
            "action_time": "2012-10-30T20:11:01Z",
            "object_repr": "Adam McAdmin: comment...",
            "object_id": "61",
            "change_message": "",
            "user": 1,
            "content_type": 7
        }
    },
    {
        "pk": 147,
        "model": "admin.logentry",
        "fields": {
            "action_flag": 3,
            "action_time": "2012-10-30T20:11:01Z",
            "object_repr": "Adam McAdmin: llalalla...",
            "object_id": "60",
            "change_message": "",
            "user": 1,
            "content_type": 7
        }
    },
    {
        "pk": 148,
        "model": "admin.logentry",
        "fields": {
            "action_flag": 3,
            "action_time": "2012-10-30T20:11:01Z",
            "object_repr": "Jack LaBarba: aoeuaoeu...",
            "object_id": "51",
            "change_message": "",
            "user": 1,
            "content_type": 7
        }
    },
    {
        "pk": 149,
        "model": "admin.logentry",
        "fields": {
            "action_flag": 3,
            "action_time": "2012-10-30T20:11:01Z",
            "object_repr": "Jack LaBarba: lalalala...",
            "object_id": "50",
            "change_message": "",
            "user": 1,
            "content_type": 7
        }
    },
    {
        "pk": 150,
        "model": "admin.logentry",
        "fields": {
            "action_flag": 3,
            "action_time": "2012-10-30T20:11:01Z",
            "object_repr": "Jack LaBarba: Test comment 2...",
            "object_id": "49",
            "change_message": "",
            "user": 1,
            "content_type": 7
        }
    },
    {
        "pk": 151,
        "model": "admin.logentry",
        "fields": {
            "action_flag": 3,
            "action_time": "2012-10-30T20:11:01Z",
            "object_repr": "Jack LaBarba: Test comment 1...",
            "object_id": "48",
            "change_message": "",
            "user": 1,
            "content_type": 7
        }
    },
    {
        "pk": 122,
        "model": "admin.logentry",
        "fields": {
            "action_flag": 3,
            "action_time": "2012-10-30T20:10:31Z",
            "object_repr": "aoeuaoeuaou",
            "object_id": "59",
            "change_message": "",
            "user": 1,
            "content_type": 15
        }
    },
    {
        "pk": 123,
        "model": "admin.logentry",
        "fields": {
            "action_flag": 3,
            "action_time": "2012-10-30T20:10:31Z",
            "object_repr": "oideu",
            "object_id": "60",
            "change_message": "",
            "user": 1,
            "content_type": 15
        }
    },
    {
        "pk": 124,
        "model": "admin.logentry",
        "fields": {
            "action_flag": 3,
            "action_time": "2012-10-30T20:10:31Z",
            "object_repr": "oeuioeui",
            "object_id": "61",
            "change_message": "",
            "user": 1,
            "content_type": 15
        }
    },
    {
        "pk": 125,
        "model": "admin.logentry",
        "fields": {
            "action_flag": 3,
            "action_time": "2012-10-30T20:10:31Z",
            "object_repr": "aoeuaoeu",
            "object_id": "62",
            "change_message": "",
            "user": 1,
            "content_type": 15
        }
    },
    {
        "pk": 126,
        "model": "admin.logentry",
        "fields": {
            "action_flag": 3,
            "action_time": "2012-10-30T20:10:31Z",
            "object_repr": "dhitid",
            "object_id": "63",
            "change_message": "",
            "user": 1,
            "content_type": 15
        }
    },
    {
        "pk": 127,
        "model": "admin.logentry",
        "fields": {
            "action_flag": 3,
            "action_time": "2012-10-30T20:10:31Z",
            "object_repr": "oeoeui",
            "object_id": "64",
            "change_message": "",
            "user": 1,
            "content_type": 15
        }
    },
    {
        "pk": 128,
        "model": "admin.logentry",
        "fields": {
            "action_flag": 3,
            "action_time": "2012-10-30T20:10:31Z",
            "object_repr": "ieu",
            "object_id": "65",
            "change_message": "",
            "user": 1,
            "content_type": 15
        }
    },
    {
        "pk": 129,
        "model": "admin.logentry",
        "fields": {
            "action_flag": 3,
            "action_time": "2012-10-30T20:10:31Z",
            "object_repr": "aoeuaoeu",
            "object_id": "66",
            "change_message": "",
            "user": 1,
            "content_type": 15
        }
    },
    {
        "pk": 130,
        "model": "admin.logentry",
        "fields": {
            "action_flag": 3,
            "action_time": "2012-10-30T20:10:31Z",
            "object_repr": "aoeuaoeu",
            "object_id": "67",
            "change_message": "",
            "user": 1,
            "content_type": 15
        }
    },
    {
        "pk": 131,
        "model": "admin.logentry",
        "fields": {
            "action_flag": 3,
            "action_time": "2012-10-30T20:10:31Z",
            "object_repr": "aoeuaoeu",
            "object_id": "68",
            "change_message": "",
            "user": 1,
            "content_type": 15
        }
    },
    {
        "pk": 132,
        "model": "admin.logentry",
        "fields": {
            "action_flag": 3,
            "action_time": "2012-10-30T20:10:31Z",
            "object_repr": "aoeuaoeu",
            "object_id": "69",
            "change_message": "",
            "user": 1,
            "content_type": 15
        }
    },
    {
        "pk": 133,
        "model": "admin.logentry",
        "fields": {
            "action_flag": 3,
            "action_time": "2012-10-30T20:10:31Z",
            "object_repr": "oeuioeui",
            "object_id": "70",
            "change_message": "",
            "user": 1,
            "content_type": 15
        }
    },
    {
        "pk": 134,
        "model": "admin.logentry",
        "fields": {
            "action_flag": 3,
            "action_time": "2012-10-30T20:10:31Z",
            "object_repr": "aoeuaoeu",
            "object_id": "71",
            "change_message": "",
            "user": 1,
            "content_type": 15
        }
    },
    {
        "pk": 135,
        "model": "admin.logentry",
        "fields": {
            "action_flag": 3,
            "action_time": "2012-10-30T20:10:31Z",
            "object_repr": "idhiudh",
            "object_id": "72",
            "change_message": "",
            "user": 1,
            "content_type": 15
        }
    },
    {
        "pk": 136,
        "model": "admin.logentry",
        "fields": {
            "action_flag": 3,
            "action_time": "2012-10-30T20:10:31Z",
            "object_repr": "dieuid",
            "object_id": "73",
            "change_message": "",
            "user": 1,
            "content_type": 15
        }
    },
    {
        "pk": 137,
        "model": "admin.logentry",
        "fields": {
            "action_flag": 3,
            "action_time": "2012-10-30T20:10:31Z",
            "object_repr": "euioeu",
            "object_id": "74",
            "change_message": "",
            "user": 1,
            "content_type": 15
        }
    },
    {
        "pk": 138,
        "model": "admin.logentry",
        "fields": {
            "action_flag": 3,
            "action_time": "2012-10-30T20:10:31Z",
            "object_repr": "aoeuaoeu",
            "object_id": "75",
            "change_message": "",
            "user": 1,
            "content_type": 15
        }
    },
    {
        "pk": 139,
        "model": "admin.logentry",
        "fields": {
            "action_flag": 3,
            "action_time": "2012-10-30T20:10:31Z",
            "object_repr": "aoeuaoeu",
            "object_id": "76",
            "change_message": "",
            "user": 1,
            "content_type": 15
        }
    },
    {
        "pk": 140,
        "model": "admin.logentry",
        "fields": {
            "action_flag": 3,
            "action_time": "2012-10-30T20:10:31Z",
            "object_repr": "aoeuaoeu",
            "object_id": "77",
            "change_message": "",
            "user": 1,
            "content_type": 15
        }
    },
    {
        "pk": 141,
        "model": "admin.logentry",
        "fields": {
            "action_flag": 3,
            "action_time": "2012-10-30T20:10:31Z",
            "object_repr": "aoeuaoeu",
            "object_id": "78",
            "change_message": "",
            "user": 1,
            "content_type": 15
        }
    },
    {
        "pk": 142,
        "model": "admin.logentry",
        "fields": {
            "action_flag": 3,
            "action_time": "2012-10-30T20:10:31Z",
            "object_repr": "htidht",
            "object_id": "79",
            "change_message": "",
            "user": 1,
            "content_type": 15
        }
    },
    {
        "pk": 143,
        "model": "admin.logentry",
        "fields": {
            "action_flag": 3,
            "action_time": "2012-10-30T20:10:31Z",
            "object_repr": "idhtidt",
            "object_id": "80",
            "change_message": "",
            "user": 1,
            "content_type": 15
        }
    },
    {
        "pk": 82,
        "model": "admin.logentry",
        "fields": {
            "action_flag": 3,
            "action_time": "2012-10-30T20:10:30Z",
            "object_repr": "tnsaoeutnsaoeuhnsoaehu",
            "object_id": "20",
            "change_message": "",
            "user": 1,
            "content_type": 15
        }
    },
    {
        "pk": 83,
        "model": "admin.logentry",
        "fields": {
            "action_flag": 3,
            "action_time": "2012-10-30T20:10:30Z",
            "object_repr": "tnsaoeutnsaoeuhnsoaehu",
            "object_id": "19",
            "change_message": "",
            "user": 1,
            "content_type": 15
        }
    },
    {
        "pk": 84,
        "model": "admin.logentry",
        "fields": {
            "action_flag": 3,
            "action_time": "2012-10-30T20:10:30Z",
            "object_repr": "tnsaoeutnsaoeuhnsoaehu",
            "object_id": "21",
            "change_message": "",
            "user": 1,
            "content_type": 15
        }
    },
    {
        "pk": 85,
        "model": "admin.logentry",
        "fields": {
            "action_flag": 3,
            "action_time": "2012-10-30T20:10:30Z",
            "object_repr": "tnsaoeutnsaoeuhnsoaehu",
            "object_id": "22",
            "change_message": "",
            "user": 1,
            "content_type": 15
        }
    },
    {
        "pk": 86,
        "model": "admin.logentry",
        "fields": {
            "action_flag": 3,
            "action_time": "2012-10-30T20:10:30Z",
            "object_repr": "tnsaoeutnsaoeuhnsoaehu",
            "object_id": "23",
            "change_message": "",
            "user": 1,
            "content_type": 15
        }
    },
    {
        "pk": 87,
        "model": "admin.logentry",
        "fields": {
            "action_flag": 3,
            "action_time": "2012-10-30T20:10:30Z",
            "object_repr": "tnsaoeutnsaoeuhnsoaehu",
            "object_id": "24",
            "change_message": "",
            "user": 1,
            "content_type": 15
        }
    },
    {
        "pk": 88,
        "model": "admin.logentry",
        "fields": {
            "action_flag": 3,
            "action_time": "2012-10-30T20:10:30Z",
            "object_repr": "tnsaoeutnsaoeuhnsoaehu",
            "object_id": "25",
            "change_message": "",
            "user": 1,
            "content_type": 15
        }
    },
    {
        "pk": 89,
        "model": "admin.logentry",
        "fields": {
            "action_flag": 3,
            "action_time": "2012-10-30T20:10:30Z",
            "object_repr": "tnsaoeutnsaoeuhnsoaehu",
            "object_id": "26",
            "change_message": "",
            "user": 1,
            "content_type": 15
        }
    },
    {
        "pk": 90,
        "model": "admin.logentry",
        "fields": {
            "action_flag": 3,
            "action_time": "2012-10-30T20:10:30Z",
            "object_repr": "tnsaoeutnsaoeuhnsoaehu",
            "object_id": "27",
            "change_message": "",
            "user": 1,
            "content_type": 15
        }
    },
    {
        "pk": 91,
        "model": "admin.logentry",
        "fields": {
            "action_flag": 3,
            "action_time": "2012-10-30T20:10:30Z",
            "object_repr": "tnsaoeutnsaoeuhnsoaehu",
            "object_id": "28",
            "change_message": "",
            "user": 1,
            "content_type": 15
        }
    },
    {
        "pk": 92,
        "model": "admin.logentry",
        "fields": {
            "action_flag": 3,
            "action_time": "2012-10-30T20:10:30Z",
            "object_repr": "tnsaoeutnsaoeuhnsoaehu",
            "object_id": "29",
            "change_message": "",
            "user": 1,
            "content_type": 15
        }
    },
    {
        "pk": 93,
        "model": "admin.logentry",
        "fields": {
            "action_flag": 3,
            "action_time": "2012-10-30T20:10:30Z",
            "object_repr": "James's issue\n\n\n",
            "object_id": "30",
            "change_message": "",
            "user": 1,
            "content_type": 15
        }
    },
    {
        "pk": 94,
        "model": "admin.logentry",
        "fields": {
            "action_flag": 3,
            "action_time": "2012-10-30T20:10:30Z",
            "object_repr": "oeauioeui",
            "object_id": "31",
            "change_message": "",
            "user": 1,
            "content_type": 15
        }
    },
    {
        "pk": 95,
        "model": "admin.logentry",
        "fields": {
            "action_flag": 3,
            "action_time": "2012-10-30T20:10:30Z",
            "object_repr": "oeauioeui",
            "object_id": "32",
            "change_message": "",
            "user": 1,
            "content_type": 15
        }
    },
    {
        "pk": 96,
        "model": "admin.logentry",
        "fields": {
            "action_flag": 3,
            "action_time": "2012-10-30T20:10:30Z",
            "object_repr": "tesstttttt",
            "object_id": "33",
            "change_message": "",
            "user": 1,
            "content_type": 15
        }
    },
    {
        "pk": 97,
        "model": "admin.logentry",
        "fields": {
            "action_flag": 3,
            "action_time": "2012-10-30T20:10:30Z",
            "object_repr": "tesstttttt",
            "object_id": "34",
            "change_message": "",
            "user": 1,
            "content_type": 15
        }
    },
    {
        "pk": 98,
        "model": "admin.logentry",
        "fields": {
            "action_flag": 3,
            "action_time": "2012-10-30T20:10:30Z",
            "object_repr": "json test",
            "object_id": "35",
            "change_message": "",
            "user": 1,
            "content_type": 15
        }
    },
    {
        "pk": 99,
        "model": "admin.logentry",
        "fields": {
            "action_flag": 3,
            "action_time": "2012-10-30T20:10:30Z",
            "object_repr": "json test",
            "object_id": "36",
            "change_message": "",
            "user": 1,
            "content_type": 15
        }
    },
    {
        "pk": 100,
        "model": "admin.logentry",
        "fields": {
            "action_flag": 3,
            "action_time": "2012-10-30T20:10:30Z",
            "object_repr": "oaeuaoeuoaeu",
            "object_id": "37",
            "change_message": "",
            "user": 1,
            "content_type": 15
        }
    },
    {
        "pk": 101,
        "model": "admin.logentry",
        "fields": {
            "action_flag": 3,
            "action_time": "2012-10-30T20:10:30Z",
            "object_repr": "aoeuaoeu",
            "object_id": "38",
            "change_message": "",
            "user": 1,
            "content_type": 15
        }
    },
    {
        "pk": 102,
        "model": "admin.logentry",
        "fields": {
            "action_flag": 3,
            "action_time": "2012-10-30T20:10:30Z",
            "object_repr": "lalala",
            "object_id": "39",
            "change_message": "",
            "user": 1,
            "content_type": 15
        }
    },
    {
        "pk": 103,
        "model": "admin.logentry",
        "fields": {
            "action_flag": 3,
            "action_time": "2012-10-30T20:10:30Z",
            "object_repr": "lalala",
            "object_id": "40",
            "change_message": "",
            "user": 1,
            "content_type": 15
        }
    },
    {
        "pk": 104,
        "model": "admin.logentry",
        "fields": {
            "action_flag": 3,
            "action_time": "2012-10-30T20:10:30Z",
            "object_repr": "lalala",
            "object_id": "41",
            "change_message": "",
            "user": 1,
            "content_type": 15
        }
    },
    {
        "pk": 105,
        "model": "admin.logentry",
        "fields": {
            "action_flag": 3,
            "action_time": "2012-10-30T20:10:30Z",
            "object_repr": "aoeuaoeu",
            "object_id": "42",
            "change_message": "",
            "user": 1,
            "content_type": 15
        }
    },
    {
        "pk": 106,
        "model": "admin.logentry",
        "fields": {
            "action_flag": 3,
            "action_time": "2012-10-30T20:10:30Z",
            "object_repr": "aoeuaoeu",
            "object_id": "43",
            "change_message": "",
            "user": 1,
            "content_type": 15
        }
    },
    {
        "pk": 107,
        "model": "admin.logentry",
        "fields": {
            "action_flag": 3,
            "action_time": "2012-10-30T20:10:30Z",
            "object_repr": "euieioeui",
            "object_id": "44",
            "change_message": "",
            "user": 1,
            "content_type": 15
        }
    },
    {
        "pk": 108,
        "model": "admin.logentry",
        "fields": {
            "action_flag": 3,
            "action_time": "2012-10-30T20:10:30Z",
            "object_repr": "aoeuaoeu",
            "object_id": "45",
            "change_message": "",
            "user": 1,
            "content_type": 15
        }
    },
    {
        "pk": 109,
        "model": "admin.logentry",
        "fields": {
            "action_flag": 3,
            "action_time": "2012-10-30T20:10:30Z",
            "object_repr": "aoeuaoeu",
            "object_id": "46",
            "change_message": "",
            "user": 1,
            "content_type": 15
        }
    },
    {
        "pk": 110,
        "model": "admin.logentry",
        "fields": {
            "action_flag": 3,
            "action_time": "2012-10-30T20:10:30Z",
            "object_repr": "aoeuaoeu",
            "object_id": "47",
            "change_message": "",
            "user": 1,
            "content_type": 15
        }
    },
    {
        "pk": 111,
        "model": "admin.logentry",
        "fields": {
            "action_flag": 3,
            "action_time": "2012-10-30T20:10:30Z",
            "object_repr": "aoeuaoeu",
            "object_id": "48",
            "change_message": "",
            "user": 1,
            "content_type": 15
        }
    },
    {
        "pk": 112,
        "model": "admin.logentry",
        "fields": {
            "action_flag": 3,
            "action_time": "2012-10-30T20:10:30Z",
            "object_repr": "aoeuaoeu",
            "object_id": "49",
            "change_message": "",
            "user": 1,
            "content_type": 15
        }
    },
    {
        "pk": 113,
        "model": "admin.logentry",
        "fields": {
            "action_flag": 3,
            "action_time": "2012-10-30T20:10:30Z",
            "object_repr": "aoeuaoeu",
            "object_id": "50",
            "change_message": "",
            "user": 1,
            "content_type": 15
        }
    },
    {
        "pk": 114,
        "model": "admin.logentry",
        "fields": {
            "action_flag": 3,
            "action_time": "2012-10-30T20:10:30Z",
            "object_repr": "aoeuaoeu",
            "object_id": "51",
            "change_message": "",
            "user": 1,
            "content_type": 15
        }
    },
    {
        "pk": 115,
        "model": "admin.logentry",
        "fields": {
            "action_flag": 3,
            "action_time": "2012-10-30T20:10:30Z",
            "object_repr": "kxqjkxqjkx",
            "object_id": "52",
            "change_message": "",
            "user": 1,
            "content_type": 15
        }
    },
    {
        "pk": 116,
        "model": "admin.logentry",
        "fields": {
            "action_flag": 3,
            "action_time": "2012-10-30T20:10:30Z",
            "object_repr": "jiqjkxqjkx",
            "object_id": "53",
            "change_message": "",
            "user": 1,
            "content_type": 15
        }
    },
    {
        "pk": 117,
        "model": "admin.logentry",
        "fields": {
            "action_flag": 3,
            "action_time": "2012-10-30T20:10:30Z",
            "object_repr": "aoeuaoeu",
            "object_id": "54",
            "change_message": "",
            "user": 1,
            "content_type": 15
        }
    },
    {
        "pk": 118,
        "model": "admin.logentry",
        "fields": {
            "action_flag": 3,
            "action_time": "2012-10-30T20:10:30Z",
            "object_repr": "aoeuaoeu",
            "object_id": "55",
            "change_message": "",
            "user": 1,
            "content_type": 15
        }
    },
    {
        "pk": 119,
        "model": "admin.logentry",
        "fields": {
            "action_flag": 3,
            "action_time": "2012-10-30T20:10:30Z",
            "object_repr": "aoeuaoeu",
            "object_id": "56",
            "change_message": "",
            "user": 1,
            "content_type": 15
        }
    },
    {
        "pk": 120,
        "model": "admin.logentry",
        "fields": {
            "action_flag": 3,
            "action_time": "2012-10-30T20:10:30Z",
            "object_repr": "nnenenenene",
            "object_id": "57",
            "change_message": "",
            "user": 1,
            "content_type": 15
        }
    },
    {
        "pk": 121,
        "model": "admin.logentry",
        "fields": {
            "action_flag": 3,
            "action_time": "2012-10-30T20:10:30Z",
            "object_repr": "aoeuaoeuaou",
            "object_id": "58",
            "change_message": "",
            "user": 1,
            "content_type": 15
        }
    },
    {
        "pk": 64,
        "model": "admin.logentry",
        "fields": {
            "action_flag": 3,
            "action_time": "2012-10-30T20:10:29Z",
            "object_repr": "XML is messed up!",
            "object_id": "1",
            "change_message": "",
            "user": 1,
            "content_type": 15
        }
    },
    {
        "pk": 65,
        "model": "admin.logentry",
        "fields": {
            "action_flag": 3,
            "action_time": "2012-10-30T20:10:29Z",
            "object_repr": "PDF is messed up!",
            "object_id": "2",
            "change_message": "",
            "user": 1,
            "content_type": 15
        }
    },
    {
        "pk": 66,
        "model": "admin.logentry",
        "fields": {
            "action_flag": 3,
            "action_time": "2012-10-30T20:10:29Z",
            "object_repr": "aoeuaoeu",
            "object_id": "3",
            "change_message": "",
            "user": 1,
            "content_type": 15
        }
    },
    {
        "pk": 67,
        "model": "admin.logentry",
        "fields": {
            "action_flag": 3,
            "action_time": "2012-10-30T20:10:29Z",
            "object_repr": "aoeuaoeu",
            "object_id": "4",
            "change_message": "",
            "user": 1,
            "content_type": 15
        }
    },
    {
        "pk": 68,
        "model": "admin.logentry",
        "fields": {
            "action_flag": 3,
            "action_time": "2012-10-30T20:10:29Z",
            "object_repr": "test1",
            "object_id": "5",
            "change_message": "",
            "user": 1,
            "content_type": 15
        }
    },
    {
        "pk": 69,
        "model": "admin.logentry",
        "fields": {
            "action_flag": 3,
            "action_time": "2012-10-30T20:10:29Z",
            "object_repr": "test2",
            "object_id": "6",
            "change_message": "",
            "user": 1,
            "content_type": 15
        }
    },
    {
        "pk": 70,
        "model": "admin.logentry",
        "fields": {
            "action_flag": 3,
            "action_time": "2012-10-30T20:10:29Z",
            "object_repr": "test3",
            "object_id": "7",
            "change_message": "",
            "user": 1,
            "content_type": 15
        }
    },
    {
        "pk": 71,
        "model": "admin.logentry",
        "fields": {
            "action_flag": 3,
            "action_time": "2012-10-30T20:10:29Z",
            "object_repr": "lalalala",
            "object_id": "8",
            "change_message": "",
            "user": 1,
            "content_type": 15
        }
    },
    {
        "pk": 72,
        "model": "admin.logentry",
        "fields": {
            "action_flag": 3,
            "action_time": "2012-10-30T20:10:29Z",
            "object_repr": "load test 1",
            "object_id": "9",
            "change_message": "",
            "user": 1,
            "content_type": 15
        }
    },
    {
        "pk": 73,
        "model": "admin.logentry",
        "fields": {
            "action_flag": 3,
            "action_time": "2012-10-30T20:10:29Z",
            "object_repr": "load test 2",
            "object_id": "10",
            "change_message": "",
            "user": 1,
            "content_type": 15
        }
    },
    {
        "pk": 74,
        "model": "admin.logentry",
        "fields": {
            "action_flag": 3,
            "action_time": "2012-10-30T20:10:29Z",
            "object_repr": "load test 3.",
            "object_id": "11",
            "change_message": "",
            "user": 1,
            "content_type": 15
        }
    },
    {
        "pk": 75,
        "model": "admin.logentry",
        "fields": {
            "action_flag": 3,
            "action_time": "2012-10-30T20:10:29Z",
            "object_repr": "HELLO",
            "object_id": "12",
            "change_message": "",
            "user": 1,
            "content_type": 15
        }
    },
    {
        "pk": 76,
        "model": "admin.logentry",
        "fields": {
            "action_flag": 3,
            "action_time": "2012-10-30T20:10:29Z",
            "object_repr": "This seems like it's working",
            "object_id": "13",
            "change_message": "",
            "user": 1,
            "content_type": 15
        }
    },
    {
        "pk": 77,
        "model": "admin.logentry",
        "fields": {
            "action_flag": 3,
            "action_time": "2012-10-30T20:10:29Z",
            "object_repr": "tnsaoeutnsaoeuhnsoaehu",
            "object_id": "14",
            "change_message": "",
            "user": 1,
            "content_type": 15
        }
    },
    {
        "pk": 78,
        "model": "admin.logentry",
        "fields": {
            "action_flag": 3,
            "action_time": "2012-10-30T20:10:29Z",
            "object_repr": "tnsaoeutnsaoeuhnsoaehu",
            "object_id": "15",
            "change_message": "",
            "user": 1,
            "content_type": 15
        }
    },
    {
        "pk": 79,
        "model": "admin.logentry",
        "fields": {
            "action_flag": 3,
            "action_time": "2012-10-30T20:10:29Z",
            "object_repr": "tnsaoeutnsaoeuhnsoaehu",
            "object_id": "16",
            "change_message": "",
            "user": 1,
            "content_type": 15
        }
    },
    {
        "pk": 80,
        "model": "admin.logentry",
        "fields": {
            "action_flag": 3,
            "action_time": "2012-10-30T20:10:29Z",
            "object_repr": "tnsaoeutnsaoeuhnsoaehu",
            "object_id": "17",
            "change_message": "",
            "user": 1,
            "content_type": 15
        }
    },
    {
        "pk": 81,
        "model": "admin.logentry",
        "fields": {
            "action_flag": 3,
            "action_time": "2012-10-30T20:10:29Z",
            "object_repr": "tnsaoeutnsaoeuhnsoaehu",
            "object_id": "18",
            "change_message": "",
            "user": 1,
            "content_type": 15
        }
    },
    {
        "pk": 42,
        "model": "admin.logentry",
        "fields": {
            "action_flag": 3,
            "action_time": "2012-10-18T18:27:09Z",
            "object_repr": "Jack LaBarba: lalala...",
            "object_id": "38",
            "change_message": "",
            "user": 1,
            "content_type": 7
        }
    },
    {
        "pk": 43,
        "model": "admin.logentry",
        "fields": {
            "action_flag": 3,
            "action_time": "2012-10-18T18:27:09Z",
            "object_repr": "Jack LaBarba: hehehhohohohohehhuoetnsuaoheutnh. <p></p>...",
            "object_id": "37",
            "change_message": "",
            "user": 1,
            "content_type": 7
        }
    },
    {
        "pk": 44,
        "model": "admin.logentry",
        "fields": {
            "action_flag": 3,
            "action_time": "2012-10-18T18:27:09Z",
            "object_repr": "Jack LaBarba: comment comment comment....",
            "object_id": "36",
            "change_message": "",
            "user": 1,
            "content_type": 7
        }
    },
    {
        "pk": 45,
        "model": "admin.logentry",
        "fields": {
            "action_flag": 3,
            "action_time": "2012-10-18T18:27:09Z",
            "object_repr": "Jack LaBarba: I am making a comment...",
            "object_id": "35",
            "change_message": "",
            "user": 1,
            "content_type": 7
        }
    },
    {
        "pk": 46,
        "model": "admin.logentry",
        "fields": {
            "action_flag": 3,
            "action_time": "2012-10-18T18:27:09Z",
            "object_repr": "Jack LaBarba: hehehehehhe...",
            "object_id": "34",
            "change_message": "",
            "user": 1,
            "content_type": 7
        }
    },
    {
        "pk": 47,
        "model": "admin.logentry",
        "fields": {
            "action_flag": 3,
            "action_time": "2012-10-18T18:27:09Z",
            "object_repr": "Nina Meechoonuk: nenenenenne...",
            "object_id": "33",
            "change_message": "",
            "user": 1,
            "content_type": 7
        }
    },
    {
        "pk": 48,
        "model": "admin.logentry",
        "fields": {
            "action_flag": 3,
            "action_time": "2012-10-18T18:27:09Z",
            "object_repr": "Nina Meechoonuk: lalalala...",
            "object_id": "32",
            "change_message": "",
            "user": 1,
            "content_type": 7
        }
    },
    {
        "pk": 49,
        "model": "admin.logentry",
        "fields": {
            "action_flag": 3,
            "action_time": "2012-10-18T18:27:09Z",
            "object_repr": "Jack LaBarba: hellloooo...",
            "object_id": "31",
            "change_message": "",
            "user": 1,
            "content_type": 7
        }
    },
    {
        "pk": 50,
        "model": "admin.logentry",
        "fields": {
            "action_flag": 3,
            "action_time": "2012-10-18T18:27:09Z",
            "object_repr": "Jack LaBarba: test3...",
            "object_id": "30",
            "change_message": "",
            "user": 1,
            "content_type": 7
        }
    },
    {
        "pk": 51,
        "model": "admin.logentry",
        "fields": {
            "action_flag": 3,
            "action_time": "2012-10-18T18:27:09Z",
            "object_repr": "Jack LaBarba: test2...",
            "object_id": "29",
            "change_message": "",
            "user": 1,
            "content_type": 7
        }
    },
    {
        "pk": 52,
        "model": "admin.logentry",
        "fields": {
            "action_flag": 3,
            "action_time": "2012-10-18T18:27:09Z",
            "object_repr": "Nina Meechoonuk: test1...",
            "object_id": "28",
            "change_message": "",
            "user": 1,
            "content_type": 7
        }
    },
    {
        "pk": 53,
        "model": "admin.logentry",
        "fields": {
            "action_flag": 3,
            "action_time": "2012-10-18T18:27:09Z",
            "object_repr": "Jack LaBarba: aoeuaoeuoaeu...",
            "object_id": "27",
            "change_message": "",
            "user": 1,
            "content_type": 7
        }
    },
    {
        "pk": 54,
        "model": "admin.logentry",
        "fields": {
            "action_flag": 3,
            "action_time": "2012-10-18T18:27:09Z",
            "object_repr": "Jack LaBarba: nenenenenenen...",
            "object_id": "26",
            "change_message": "",
            "user": 1,
            "content_type": 7
        }
    },
    {
        "pk": 55,
        "model": "admin.logentry",
        "fields": {
            "action_flag": 3,
            "action_time": "2012-10-18T18:27:09Z",
            "object_repr": "Jack LaBarba: oeuioeui...",
            "object_id": "25",
            "change_message": "",
            "user": 1,
            "content_type": 7
        }
    },
    {
        "pk": 56,
        "model": "admin.logentry",
        "fields": {
            "action_flag": 3,
            "action_time": "2012-10-18T18:27:09Z",
            "object_repr": "Jack LaBarba: aoeuaoeuoaeu...",
            "object_id": "24",
            "change_message": "",
            "user": 1,
            "content_type": 7
        }
    },
    {
        "pk": 57,
        "model": "admin.logentry",
        "fields": {
            "action_flag": 3,
            "action_time": "2012-10-18T18:27:09Z",
            "object_repr": "Nina Meechoonuk: aoeuaoeu...",
            "object_id": "23",
            "change_message": "",
            "user": 1,
            "content_type": 7
        }
    },
    {
        "pk": 58,
        "model": "admin.logentry",
        "fields": {
            "action_flag": 3,
            "action_time": "2012-10-18T18:27:09Z",
            "object_repr": "Jack LaBarba: lalalala...",
            "object_id": "22",
            "change_message": "",
            "user": 1,
            "content_type": 7
        }
    },
    {
        "pk": 59,
        "model": "admin.logentry",
        "fields": {
            "action_flag": 3,
            "action_time": "2012-10-18T18:27:09Z",
            "object_repr": "Jack LaBarba: aoeuaoeu...",
            "object_id": "21",
            "change_message": "",
            "user": 1,
            "content_type": 7
        }
    },
    {
        "pk": 60,
        "model": "admin.logentry",
        "fields": {
            "action_flag": 3,
            "action_time": "2012-10-18T18:27:09Z",
            "object_repr": "Jack LaBarba: test1...",
            "object_id": "20",
            "change_message": "",
            "user": 1,
            "content_type": 7
        }
    },
    {
        "pk": 61,
        "model": "admin.logentry",
        "fields": {
            "action_flag": 3,
            "action_time": "2012-10-18T18:27:09Z",
            "object_repr": "Nina Meechoonuk: lalala...",
            "object_id": "19",
            "change_message": "",
            "user": 1,
            "content_type": 7
        }
    },
    {
        "pk": 62,
        "model": "admin.logentry",
        "fields": {
            "action_flag": 3,
            "action_time": "2012-10-18T18:27:09Z",
            "object_repr": "Jack LaBarba: lalala...",
            "object_id": "18",
            "change_message": "",
            "user": 1,
            "content_type": 7
        }
    },
    {
        "pk": 63,
        "model": "admin.logentry",
        "fields": {
            "action_flag": 3,
            "action_time": "2012-10-18T18:27:09Z",
            "object_repr": "Jack LaBarba: <p>Look, you can write XML-style tags in comments ...",
            "object_id": "17",
            "change_message": "",
            "user": 1,
            "content_type": 7
        }
    },
    {
        "pk": 33,
        "model": "admin.logentry",
        "fields": {
            "action_flag": 3,
            "action_time": "2012-10-18T18:27:08Z",
            "object_repr": "Jack LaBarba: LALALLALALALA...",
            "object_id": "47",
            "change_message": "",
            "user": 1,
            "content_type": 7
        }
    },
    {
        "pk": 34,
        "model": "admin.logentry",
        "fields": {
            "action_flag": 3,
            "action_time": "2012-10-18T18:27:08Z",
            "object_repr": "Jack LaBarba: Response?...",
            "object_id": "46",
            "change_message": "",
            "user": 1,
            "content_type": 7
        }
    },
    {
        "pk": 35,
        "model": "admin.logentry",
        "fields": {
            "action_flag": 3,
            "action_time": "2012-10-18T18:27:08Z",
            "object_repr": "Jack LaBarba: LALALLALALALA...",
            "object_id": "45",
            "change_message": "",
            "user": 1,
            "content_type": 7
        }
    },
    {
        "pk": 36,
        "model": "admin.logentry",
        "fields": {
            "action_flag": 3,
            "action_time": "2012-10-18T18:27:08Z",
            "object_repr": "Nina Meechoonuk: lance\n...",
            "object_id": "44",
            "change_message": "",
            "user": 1,
            "content_type": 7
        }
    },
    {
        "pk": 37,
        "model": "admin.logentry",
        "fields": {
            "action_flag": 3,
            "action_time": "2012-10-18T18:27:08Z",
            "object_repr": "Nina Meechoonuk: hello, I'm nina now...",
            "object_id": "43",
            "change_message": "",
            "user": 1,
            "content_type": 7
        }
    },
    {
        "pk": 38,
        "model": "admin.logentry",
        "fields": {
            "action_flag": 3,
            "action_time": "2012-10-18T18:27:08Z",
            "object_repr": "Nina Meechoonuk: does this work?...",
            "object_id": "42",
            "change_message": "",
            "user": 1,
            "content_type": 7
        }
    },
    {
        "pk": 39,
        "model": "admin.logentry",
        "fields": {
            "action_flag": 3,
            "action_time": "2012-10-18T18:27:08Z",
            "object_repr": "Nina Meechoonuk: fudgery....",
            "object_id": "41",
            "change_message": "",
            "user": 1,
            "content_type": 7
        }
    },
    {
        "pk": 40,
        "model": "admin.logentry",
        "fields": {
            "action_flag": 3,
            "action_time": "2012-10-18T18:27:08Z",
            "object_repr": "Jack LaBarba: lalalallala. testing...",
            "object_id": "40",
            "change_message": "",
            "user": 1,
            "content_type": 7
        }
    },
    {
        "pk": 41,
        "model": "admin.logentry",
        "fields": {
            "action_flag": 3,
            "action_time": "2012-10-18T18:27:08Z",
            "object_repr": "Nina Meechoonuk: llelelelel...",
            "object_id": "39",
            "change_message": "",
            "user": 1,
            "content_type": 7
        }
    },
    {
        "pk": 32,
        "model": "admin.logentry",
        "fields": {
            "action_flag": 2,
            "action_time": "2012-10-15T23:13:26Z",
            "object_repr": "nina",
            "object_id": "2",
            "change_message": "Changed password and email.",
            "user": 1,
            "content_type": 3
        }
    },
    {
        "pk": 31,
        "model": "admin.logentry",
        "fields": {
            "action_flag": 2,
            "action_time": "2012-10-15T23:13:13Z",
            "object_repr": "jack",
            "object_id": "3",
            "change_message": "Changed password, email and is_staff.",
            "user": 1,
            "content_type": 3
        }
    },
    {
        "pk": 30,
        "model": "admin.logentry",
        "fields": {
            "action_flag": 2,
            "action_time": "2012-10-15T23:11:54Z",
            "object_repr": "jack",
            "object_id": "3",
            "change_message": "Changed password, first_name and last_name.",
            "user": 1,
            "content_type": 3
        }
    },
    {
        "pk": 29,
        "model": "admin.logentry",
        "fields": {
            "action_flag": 1,
            "action_time": "2012-10-15T23:11:46Z",
            "object_repr": "jack",
            "object_id": "3",
            "change_message": "",
            "user": 1,
            "content_type": 3
        }
    },
    {
        "pk": 15,
        "model": "admin.logentry",
        "fields": {
            "action_flag": 3,
            "action_time": "2012-10-15T23:11:18Z",
            "object_repr": "Adam McAdmin: test5...",
            "object_id": "14",
            "change_message": "",
            "user": 1,
            "content_type": 7
        }
    },
    {
        "pk": 16,
        "model": "admin.logentry",
        "fields": {
            "action_flag": 3,
            "action_time": "2012-10-15T23:11:18Z",
            "object_repr": "Adam McAdmin: test4...",
            "object_id": "13",
            "change_message": "",
            "user": 1,
            "content_type": 7
        }
    },
    {
        "pk": 17,
        "model": "admin.logentry",
        "fields": {
            "action_flag": 3,
            "action_time": "2012-10-15T23:11:18Z",
            "object_repr": "Adam McAdmin: test3...",
            "object_id": "12",
            "change_message": "",
            "user": 1,
            "content_type": 7
        }
    },
    {
        "pk": 18,
        "model": "admin.logentry",
        "fields": {
            "action_flag": 3,
            "action_time": "2012-10-15T23:11:18Z",
            "object_repr": "Adam McAdmin: test2...",
            "object_id": "11",
            "change_message": "",
            "user": 1,
            "content_type": 7
        }
    },
    {
        "pk": 19,
        "model": "admin.logentry",
        "fields": {
            "action_flag": 3,
            "action_time": "2012-10-15T23:11:18Z",
            "object_repr": "Adam McAdmin: test1...",
            "object_id": "10",
            "change_message": "",
            "user": 1,
            "content_type": 7
        }
    },
    {
        "pk": 20,
        "model": "admin.logentry",
        "fields": {
            "action_flag": 3,
            "action_time": "2012-10-15T23:11:18Z",
            "object_repr": "Adam McAdmin: heellloooooo...",
            "object_id": "9",
            "change_message": "",
            "user": 1,
            "content_type": 7
        }
    },
    {
        "pk": 21,
        "model": "admin.logentry",
        "fields": {
            "action_flag": 3,
            "action_time": "2012-10-15T23:11:18Z",
            "object_repr": "Adam McAdmin: does this work?...",
            "object_id": "8",
            "change_message": "",
            "user": 1,
            "content_type": 7
        }
    },
    {
        "pk": 22,
        "model": "admin.logentry",
        "fields": {
            "action_flag": 3,
            "action_time": "2012-10-15T23:11:18Z",
            "object_repr": "Adam McAdmin: helllloooooo...",
            "object_id": "7",
            "change_message": "",
            "user": 1,
            "content_type": 7
        }
    },
    {
        "pk": 23,
        "model": "admin.logentry",
        "fields": {
            "action_flag": 3,
            "action_time": "2012-10-15T23:11:18Z",
            "object_repr": "Adam McAdmin: Adding a comment down here...",
            "object_id": "6",
            "change_message": "",
            "user": 1,
            "content_type": 7
        }
    },
    {
        "pk": 24,
        "model": "admin.logentry",
        "fields": {
            "action_flag": 3,
            "action_time": "2012-10-15T23:11:18Z",
            "object_repr": "Adam McAdmin: adding a commmenttttt...",
            "object_id": "5",
            "change_message": "",
            "user": 1,
            "content_type": 7
        }
    },
    {
        "pk": 25,
        "model": "admin.logentry",
        "fields": {
            "action_flag": 3,
            "action_time": "2012-10-15T23:11:18Z",
            "object_repr": "Adam McAdmin: lalala...",
            "object_id": "4",
            "change_message": "",
            "user": 1,
            "content_type": 7
        }
    },
    {
        "pk": 26,
        "model": "admin.logentry",
        "fields": {
            "action_flag": 3,
            "action_time": "2012-10-15T23:11:18Z",
            "object_repr": "Adam McAdmin: lalalal...",
            "object_id": "3",
            "change_message": "",
            "user": 1,
            "content_type": 7
        }
    },
    {
        "pk": 27,
        "model": "admin.logentry",
        "fields": {
            "action_flag": 3,
            "action_time": "2012-10-15T23:11:18Z",
            "object_repr": "Adam McAdmin: oeuioeui...",
            "object_id": "2",
            "change_message": "",
            "user": 1,
            "content_type": 7
        }
    },
    {
        "pk": 28,
        "model": "admin.logentry",
        "fields": {
            "action_flag": 3,
            "action_time": "2012-10-15T23:11:18Z",
            "object_repr": "Adam McAdmin: lalalala...",
            "object_id": "1",
            "change_message": "",
            "user": 1,
            "content_type": 7
        }
    },
    {
        "pk": 13,
        "model": "admin.logentry",
        "fields": {
            "action_flag": 3,
            "action_time": "2012-10-15T23:11:17Z",
            "object_repr": "Adam McAdmin: lalalalalalla....",
            "object_id": "16",
            "change_message": "",
            "user": 1,
            "content_type": 7
        }
    },
    {
        "pk": 14,
        "model": "admin.logentry",
        "fields": {
            "action_flag": 3,
            "action_time": "2012-10-15T23:11:17Z",
            "object_repr": "Adam McAdmin: test6...",
            "object_id": "15",
            "change_message": "",
            "user": 1,
            "content_type": 7
        }
    },
    {
        "pk": 12,
        "model": "admin.logentry",
        "fields": {
            "action_flag": 2,
            "action_time": "2012-10-15T22:54:06Z",
            "object_repr": "nina",
            "object_id": "2",
            "change_message": "Changed password, first_name and last_name.",
            "user": 1,
            "content_type": 3
        }
    },
    {
        "pk": 11,
        "model": "admin.logentry",
        "fields": {
            "action_flag": 1,
            "action_time": "2012-10-15T22:51:03Z",
            "object_repr": "nina",
            "object_id": "2",
            "change_message": "",
            "user": 1,
            "content_type": 3
        }
    },
    {
        "pk": 10,
        "model": "admin.logentry",
        "fields": {
            "action_flag": 2,
            "action_time": "2012-10-15T21:25:51Z",
            "object_repr": "admin",
            "object_id": "1",
            "change_message": "Changed password, first_name and last_name.",
            "user": 1,
            "content_type": 3
        }
    },
    {
        "pk": 9,
        "model": "admin.logentry",
        "fields": {
            "action_flag": 1,
            "action_time": "2012-10-15T18:04:52Z",
            "object_repr": "PDF is messed up!",
            "object_id": "2",
            "change_message": "",
            "user": 1,
            "content_type": 15
        }
    },
    {
        "pk": 8,
        "model": "admin.logentry",
        "fields": {
            "action_flag": 1,
            "action_time": "2012-10-15T18:04:43Z",
            "object_repr": "PDF",
            "object_id": "2",
            "change_message": "",
            "user": 1,
            "content_type": 16
        }
    },
    {
        "pk": 7,
        "model": "admin.logentry",
        "fields": {
            "action_flag": 1,
            "action_time": "2012-10-15T18:04:36Z",
            "object_repr": "XML is messed up!",
            "object_id": "1",
            "change_message": "",
            "user": 1,
            "content_type": 15
        }
    },
    {
        "pk": 6,
        "model": "admin.logentry",
        "fields": {
            "action_flag": 1,
            "action_time": "2012-10-15T18:04:25Z",
            "object_repr": "XML",
            "object_id": "1",
            "change_message": "",
            "user": 1,
            "content_type": 16
        }
    },
    {
        "pk": 5,
        "model": "admin.logentry",
        "fields": {
            "action_flag": 2,
            "action_time": "2012-10-15T18:04:00Z",
            "object_repr": "pone.0000001",
            "object_id": "1",
            "change_message": "No fields changed.",
            "user": 1,
            "content_type": 13
        }
    },
    {
        "pk": 4,
        "model": "admin.logentry",
        "fields": {
            "action_flag": 1,
            "action_time": "2012-10-15T18:03:58Z",
            "object_repr": "pone.0000001: Delivered",
            "object_id": "1",
            "change_message": "",
            "user": 1,
            "content_type": 11
        }
    },
    {
        "pk": 3,
        "model": "admin.logentry",
        "fields": {
            "action_flag": 1,
            "action_time": "2012-10-15T18:03:40Z",
            "object_repr": "pone.0000001",
            "object_id": "1",
            "change_message": "",
            "user": 1,
            "content_type": 13
        }
    },
    {
        "pk": 2,
        "model": "admin.logentry",
        "fields": {
            "action_flag": 1,
            "action_time": "2012-10-15T18:03:27Z",
            "object_repr": "Delivered",
            "object_id": "1",
            "change_message": "",
            "user": 1,
            "content_type": 10
        }
    },
    {
        "pk": 1,
        "model": "admin.logentry",
        "fields": {
            "action_flag": 1,
            "action_time": "2012-10-15T18:03:12Z",
            "object_repr": "PLOS One",
            "object_id": "1",
            "change_message": "",
            "user": 1,
            "content_type": 12
        }
    },
    {
        "pk": 1,
        "model": "articleflow.articlestate",
        "fields": {
            "from_transition_user": 1,
            "from_transition": null,
            "created": "2012-10-15T18:03:58Z",
            "state": 1,
            "last_modified": "2012-10-15T18:03:58Z",
            "article": 1
        }
    },
    {
        "pk": 2,
        "model": "articleflow.articlestate",
        "fields": {
            "from_transition_user": 1,
            "from_transition": null,
            "created": "2012-10-30T21:43:37Z",
            "state": 1,
            "last_modified": "2012-10-30T21:44:58Z",
            "article": 2
        }
    },
    {
        "pk": 3,
        "model": "articleflow.articlestate",
        "fields": {
            "from_transition_user": 1,
            "from_transition": null,
            "created": "2012-10-30T21:43:57Z",
            "state": 1,
            "last_modified": "2012-10-30T21:44:18Z",
            "article": 3
        }
    },
    {
        "pk": 4,
        "model": "articleflow.articlestate",
        "fields": {
            "from_transition_user": 1,
            "from_transition": null,
            "created": "2012-10-30T21:44:14Z",
            "state": 1,
            "last_modified": "2012-10-30T21:44:14Z",
            "article": 4
        }
    },
    {
        "pk": 81,
        "model": "issues.issue",
        "fields": {
            "category": 1,
            "status": 1,
            "description": "The XML is messed up.",
            "created": "2012-10-30T21:26:48Z",
            "last_modified": "2012-10-30T21:26:48Z",
            "error": null,
            "submitter": null,
            "article": 1
        }
    },
    {
        "pk": 82,
        "model": "issues.issue",
        "fields": {
            "category": 2,
            "status": 1,
            "description": "The PDF is messed up too.",
            "created": "2012-10-30T21:27:09Z",
            "last_modified": "2012-10-30T21:27:09Z",
            "error": null,
            "submitter": null,
            "article": 1
        }
    },
    {
        "pk": 83,
        "model": "issues.issue",
        "fields": {
            "category": 3,
            "status": 1,
            "description": "Test on pmed issue",
            "created": "2012-10-30T21:45:31Z",
            "last_modified": "2012-10-30T21:45:31Z",
            "error": null,
            "submitter": null,
            "article": 2
        }
    }
]