[{"pk": 1, "model": "articleflow.journal", "fields": {"short_name": "pone", "created": "2013-03-27T23:02:38Z", "em_ambra_stage_prefix": "plosone", "em_db_name": "PONE", "em_url_prefix": "pone", "last_modified": "2013-03-28T21:27:13Z", "full_name": "PLOS ONE"}}, {"pk": 3, "model": "articleflow.journal", "fields": {"short_name": "ppat", "created": "2013-03-27T23:02:38Z", "em_ambra_stage_prefix": "plospathogens", "em_db_name": "PPATHOGENS", "em_url_prefix": "ppathogens", "last_modified": "2013-03-28T21:27:17Z", "full_name": "PLOS Pathogens"}}, {"pk": 5, "model": "articleflow.journal", "fields": {"short_name": "pgen", "created": "2013-03-27T23:02:38Z", "em_ambra_stage_prefix": "plosgenetics", "em_db_name": "PGENETICS", "em_url_prefix": "pgenetics", "last_modified": "2013-03-28T21:27:21Z", "full_name": "PLOS Genetics"}}, {"pk": 7, "model": "articleflow.journal", "fields": {"short_name": "pbio", "created": "2013-03-27T23:02:38Z", "em_ambra_stage_prefix": "plosbiology", "em_db_name": "PBIOLOGY", "em_url_prefix": "pbiology", "last_modified": "2013-03-28T21:27:24Z", "full_name": "PLOS Biology"}}, {"pk": 9, "model": "articleflow.journal", "fields": {"short_name": "pntd", "created": "2013-03-27T23:02:38Z", "em_ambra_stage_prefix": "plosntds", "em_db_name": "PNTD", "em_url_prefix": "pntd", "last_modified": "2013-03-28T21:27:30Z", "full_name": "PLOS Neglected Tropical Diseases"}}, {"pk": 11, "model": "articleflow.journal", "fields": {"short_name": "pcbi", "created": "2013-03-27T23:02:38Z", "em_ambra_stage_prefix": "ploscompbiol", "em_db_name": "PCOMPBIOL", "em_url_prefix": "pcompbiol", "last_modified": "2013-03-28T21:27:34Z", "full_name": "PLOS Computational Biology"}}, {"pk": 13, "model": "articleflow.journal", "fields": {"short_name": "pmed", "created": "2013-03-27T23:02:38Z", "em_ambra_stage_prefix": "plosmedicine", "em_db_name": "PMEDICINE", "em_url_prefix": "pmedicine", "last_modified": "2013-03-28T21:27:38Z", "full_name": "PLOS Medicine"}}, {"pk": 1, "model": "articleflow.typesetter", "fields": {"created": null, "name": "Merops", "last_modified": "2013-05-23T20:55:18Z", "description": ""}}, {"pk": 2, "model": "articleflow.typesetter", "fields": {"created": null, "name": "CW", "last_modified": "2013-05-23T20:55:24Z", "description": "Charles Worth"}}, {"pk": 1, "model": "issues.category", "fields": {"user_selectable": true, "name": "XML", "last_modified": "2013-02-14T20:09:03Z", "created": "2013-02-14T19:50:29Z"}}, {"pk": 2, "model": "issues.category", "fields": {"user_selectable": true, "name": "PDF", "last_modified": "2013-02-14T20:09:08Z", "created": "2013-02-14T19:50:29Z"}}, {"pk": 3, "model": "issues.category", "fields": {"user_selectable": true, "name": "XML+PDF", "last_modified": "2013-02-14T20:09:13Z", "created": "2013-02-14T19:50:29Z"}}, {"pk": 4, "model": "issues.category", "fields": {"user_selectable": true, "name": "SI", "last_modified": "2013-02-14T20:09:19Z", "created": "2013-02-14T19:50:29Z"}}, {"pk": 5, "model": "issues.category", "fields": {"user_selectable": false, "name": "Legacy", "last_modified": "2013-04-12T23:59:23Z", "created": "2013-02-14T19:50:29Z"}}, {"pk": 3, "model": "auth.group", "fields": {"name": "admin", "permissions": []}}, {"pk": 5, "model": "auth.group", "fields": {"name": "management", "permissions": []}}, {"pk": 9, "model": "auth.group", "fields": {"name": "merops web correctors", "permissions": []}}, {"pk": 7, "model": "auth.group", "fields": {"name": "merops web qcers", "permissions": []}}, {"pk": 13, "model": "auth.group", "fields": {"name": "nobody", "permissions": []}}, {"pk": 11, "model": "auth.group", "fields": {"name": "plos pmers", "permissions": []}}, {"pk": 1, "model": "auth.group", "fields": {"name": "production", "permissions": []}}, {"pk": 2, "model": "auth.group", "fields": {"name": "web", "permissions": []}}, {"pk": 17, "model": "auth.group", "fields": {"name": "web corrections outsourcers", "permissions": []}}, {"pk": 19, "model": "auth.group", "fields": {"name": "web correctors", "permissions": []}}, {"pk": 4, "model": "auth.group", "fields": {"name": "zyg", "permissions": []}}, {"pk": 45, "model": "articleflow.transition", "fields": {"from_state": 55, "assign_previous_assignee": false, "unique_name": null, "new_assignee_notification": null, "name": "Deliver", "created": "2013-04-02T19:35:57Z", "preference_weight": 0, "assign_transition_user": false, "autoassign_new_assignee": false, "last_modified": "2013-02-20T21:11:15Z", "disallow_open_items": false, "allowed_groups": [["admin"]], "file_upload_destination": null, "file_upload_description": null, "to_state": 59}}, {"pk": 47, "model": "articleflow.transition", "fields": {"from_state": 57, "assign_previous_assignee": false, "unique_name": null, "new_assignee_notification": null, "name": "Deliver", "created": "2013-04-02T19:35:57Z", "preference_weight": 0, "assign_transition_user": false, "autoassign_new_assignee": false, "last_modified": "2013-02-20T21:11:19Z", "disallow_open_items": false, "allowed_groups": [["admin"]], "file_upload_destination": null, "file_upload_description": null, "to_state": 59}}, {"pk": 51, "model": "articleflow.transition", "fields": {"from_state": 61, "assign_previous_assignee": false, "unique_name": null, "new_assignee_notification": null, "name": "Assign to QC (CW)", "created": "2013-04-02T19:35:57Z", "preference_weight": 0, "assign_transition_user": false, "autoassign_new_assignee": false, "last_modified": "2013-02-20T21:11:56Z", "disallow_open_items": false, "allowed_groups": [["admin"]], "file_upload_destination": null, "file_upload_description": null, "to_state": 63}}, {"pk": 53, "model": "articleflow.transition", "fields": {"from_state": 61, "assign_previous_assignee": false, "unique_name": null, "new_assignee_notification": null, "name": "Assign to QC (Merops)", "created": "2013-04-02T19:35:57Z", "preference_weight": 0, "assign_transition_user": false, "autoassign_new_assignee": false, "last_modified": "2013-02-20T21:12:01Z", "disallow_open_items": false, "allowed_groups": [["admin"]], "file_upload_destination": null, "file_upload_description": null, "to_state": 65}}, {"pk": 55, "model": "articleflow.transition", "fields": {"from_state": 63, "assign_previous_assignee": false, "unique_name": null, "new_assignee_notification": null, "name": "Needs Web Corrections (CW)", "created": "2013-04-02T19:35:57Z", "preference_weight": 50, "assign_transition_user": false, "autoassign_new_assignee": false, "last_modified": "2013-02-20T21:13:04Z", "disallow_open_items": false, "allowed_groups": [["production"], ["admin"], ["zyg"]], "file_upload_destination": null, "file_upload_description": null, "to_state": 69}}, {"pk": 57, "model": "articleflow.transition", "fields": {"from_state": 65, "assign_previous_assignee": false, "unique_name": null, "new_assignee_notification": null, "name": "Needs Web Corrections (Merops)", "created": "2013-04-02T19:35:57Z", "preference_weight": 50, "assign_transition_user": false, "autoassign_new_assignee": false, "last_modified": "2013-02-20T21:13:14Z", "disallow_open_items": false, "allowed_groups": [["production"], ["admin"], ["zyg"]], "file_upload_destination": null, "file_upload_description": null, "to_state": 67}}, {"pk": 59, "model": "articleflow.transition", "fields": {"from_state": 63, "assign_previous_assignee": false, "unique_name": null, "new_assignee_notification": null, "name": "OK", "created": "2013-04-02T19:35:57Z", "preference_weight": 100, "assign_transition_user": false, "autoassign_new_assignee": false, "last_modified": "2013-04-06T00:10:55Z", "disallow_open_items": true, "allowed_groups": [["production"], ["admin"], ["zyg"]], "file_upload_destination": null, "file_upload_description": null, "to_state": 71}}, {"pk": 61, "model": "articleflow.transition", "fields": {"from_state": 65, "assign_previous_assignee": false, "unique_name": "ready_for_qc_merops_ok", "new_assignee_notification": null, "name": "OK", "created": "2013-04-02T19:35:57Z", "preference_weight": 100, "assign_transition_user": false, "autoassign_new_assignee": false, "last_modified": "2013-09-12T19:17:02Z", "disallow_open_items": true, "allowed_groups": [["production"], ["admin"], ["zyg"]], "file_upload_destination": "", "file_upload_description": "", "to_state": 71}}, {"pk": 63, "model": "articleflow.transition", "fields": {"from_state": 63, "assign_previous_assignee": false, "unique_name": null, "new_assignee_notification": null, "name": "Send back to CW", "created": "2013-04-02T19:35:57Z", "preference_weight": 25, "assign_transition_user": true, "autoassign_new_assignee": false, "last_modified": "2013-04-11T23:36:31Z", "disallow_open_items": false, "allowed_groups": [["admin"]], "file_upload_destination": null, "file_upload_description": null, "to_state": 77}}, {"pk": 65, "model": "articleflow.transition", "fields": {"from_state": 65, "assign_previous_assignee": false, "unique_name": "ready_for_qc_merops_to_prepare_manuscript", "new_assignee_notification": null, "name": "Send back to Merops", "created": "2013-04-02T19:35:57Z", "preference_weight": 25, "assign_transition_user": false, "autoassign_new_assignee": false, "last_modified": "2013-07-12T16:11:43Z", "disallow_open_items": false, "allowed_groups": [["admin"]], "file_upload_destination": "", "file_upload_description": "", "to_state": 91}}, {"pk": 67, "model": "articleflow.transition", "fields": {"from_state": 69, "assign_previous_assignee": false, "unique_name": "send_back_to_production_cw", "new_assignee_notification": 3, "name": "Send back to Production", "created": "2013-04-02T19:35:57Z", "preference_weight": 25, "assign_transition_user": false, "autoassign_new_assignee": false, "last_modified": "2013-08-22T15:44:26Z", "disallow_open_items": false, "allowed_groups": [["web"], ["admin"]], "file_upload_destination": "", "file_upload_description": "", "to_state": 63}}, {"pk": 69, "model": "articleflow.transition", "fields": {"from_state": 67, "assign_previous_assignee": false, "unique_name": "send_back_to_production_merops", "new_assignee_notification": 3, "name": "Send back to Production", "created": "2013-04-02T19:35:57Z", "preference_weight": 25, "assign_transition_user": false, "autoassign_new_assignee": false, "last_modified": "2013-08-22T15:44:06Z", "disallow_open_items": false, "allowed_groups": [["web"], ["admin"]], "file_upload_destination": "", "file_upload_description": "", "to_state": 65}}, {"pk": 71, "model": "articleflow.transition", "fields": {"from_state": 69, "assign_previous_assignee": false, "unique_name": "web_corrections_send_back_to_cw", "new_assignee_notification": null, "name": "Send back to CW", "created": "2013-04-02T19:35:57Z", "preference_weight": 25, "assign_transition_user": true, "autoassign_new_assignee": false, "last_modified": "2013-08-26T02:29:06Z", "disallow_open_items": false, "allowed_groups": [["web"], ["admin"], ["web corrections outsourcers"]], "file_upload_destination": "", "file_upload_description": "", "to_state": 55}}, {"pk": 73, "model": "articleflow.transition", "fields": {"from_state": 67, "assign_previous_assignee": false, "unique_name": "merops_web_corrections_to_prepare_manuscript", "new_assignee_notification": null, "name": "Send back to Merops", "created": "2013-04-02T19:35:57Z", "preference_weight": 25, "assign_transition_user": false, "autoassign_new_assignee": false, "last_modified": "2013-06-13T15:24:19Z", "disallow_open_items": false, "allowed_groups": [["web"], ["admin"], ["merops web correctors"]], "file_upload_destination": "", "file_upload_description": "", "to_state": 91}}, {"pk": 75, "model": "articleflow.transition", "fields": {"from_state": 67, "assign_previous_assignee": false, "unique_name": null, "new_assignee_notification": null, "name": "Ready to Publish", "created": "2013-04-02T19:35:57Z", "preference_weight": 100, "assign_transition_user": false, "autoassign_new_assignee": false, "last_modified": "2013-04-06T00:11:14Z", "disallow_open_items": false, "allowed_groups": [["web"], ["admin"]], "file_upload_destination": null, "file_upload_description": null, "to_state": 71}}, {"pk": 77, "model": "articleflow.transition", "fields": {"from_state": 69, "assign_previous_assignee": false, "unique_name": "web_corrections_cw_ready_to_publish", "new_assignee_notification": null, "name": "Ready to Publish", "created": "2013-04-02T19:35:57Z", "preference_weight": 100, "assign_transition_user": false, "autoassign_new_assignee": false, "last_modified": "2013-10-01T15:19:31Z", "disallow_open_items": true, "allowed_groups": [["web"], ["admin"]], "file_upload_destination": "", "file_upload_description": "", "to_state": 71}}, {"pk": 79, "model": "articleflow.transition", "fields": {"from_state": 71, "assign_previous_assignee": false, "unique_name": "publish_on_stage", "new_assignee_notification": null, "name": "Publish on Stage", "created": "2013-04-02T19:35:57Z", "preference_weight": 0, "assign_transition_user": false, "autoassign_new_assignee": false, "last_modified": "2013-08-01T20:49:03Z", "disallow_open_items": false, "allowed_groups": [["admin"]], "file_upload_destination": "", "file_upload_description": "", "to_state": 73}}, {"pk": 81, "model": "articleflow.transition", "fields": {"from_state": 73, "assign_previous_assignee": false, "unique_name": null, "new_assignee_notification": null, "name": "Publish on Live", "created": "2013-04-02T19:35:57Z", "preference_weight": 100, "assign_transition_user": false, "autoassign_new_assignee": false, "last_modified": "2013-02-14T23:03:53Z", "disallow_open_items": false, "allowed_groups": [["admin"]], "file_upload_destination": null, "file_upload_description": null, "to_state": 75}}, {"pk": 82, "model": "articleflow.transition", "fields": {"from_state": 59, "assign_previous_assignee": false, "unique_name": null, "new_assignee_notification": null, "name": "Pull", "created": "2013-04-02T19:35:57Z", "preference_weight": 0, "assign_transition_user": false, "autoassign_new_assignee": false, "last_modified": "2013-02-20T21:11:09Z", "disallow_open_items": false, "allowed_groups": [["admin"]], "file_upload_destination": null, "file_upload_description": null, "to_state": 85}}, {"pk": 83, "model": "articleflow.transition", "fields": {"from_state": 85, "assign_previous_assignee": false, "unique_name": null, "new_assignee_notification": null, "name": "Ingest", "created": "2013-04-02T19:35:57Z", "preference_weight": 0, "assign_transition_user": false, "autoassign_new_assignee": false, "last_modified": "2013-02-20T21:11:06Z", "disallow_open_items": false, "allowed_groups": [["admin"]], "file_upload_destination": null, "file_upload_description": null, "to_state": 61}}, {"pk": 84, "model": "articleflow.transition", "fields": {"from_state": 63, "assign_previous_assignee": false, "unique_name": null, "new_assignee_notification": null, "name": "Assign to Urgent QC (CW)", "created": "2013-04-02T19:35:57Z", "preference_weight": 50, "assign_transition_user": false, "autoassign_new_assignee": false, "last_modified": "2013-04-08T21:37:45Z", "disallow_open_items": false, "allowed_groups": [["admin"]], "file_upload_destination": null, "file_upload_description": null, "to_state": 86}}, {"pk": 85, "model": "articleflow.transition", "fields": {"from_state": 65, "assign_previous_assignee": false, "unique_name": "assign_to_urgent_qc_merops", "new_assignee_notification": null, "name": "Assign to Urgent QC (Merops)", "created": "2013-04-02T19:35:57Z", "preference_weight": 50, "assign_transition_user": false, "autoassign_new_assignee": false, "last_modified": "2013-09-12T19:26:20Z", "disallow_open_items": false, "allowed_groups": [["admin"]], "file_upload_destination": "", "file_upload_description": "", "to_state": 87}}, {"pk": 86, "model": "articleflow.transition", "fields": {"from_state": 86, "assign_previous_assignee": false, "unique_name": "urgent_qc_to_needs_web_corrections_cw", "new_assignee_notification": null, "name": "Send to Web Corrections (CW)", "created": "2013-04-02T19:35:57Z", "preference_weight": 50, "assign_transition_user": false, "autoassign_new_assignee": false, "last_modified": "2013-09-23T17:48:20Z", "disallow_open_items": false, "allowed_groups": [["production"], ["admin"], ["zyg"]], "file_upload_destination": "", "file_upload_description": "", "to_state": 69}}, {"pk": 87, "model": "articleflow.transition", "fields": {"from_state": 87, "assign_previous_assignee": false, "unique_name": "", "new_assignee_notification": null, "name": "Send to Web Corrections", "created": "2013-04-02T19:35:57Z", "preference_weight": 50, "assign_transition_user": false, "autoassign_new_assignee": false, "last_modified": "2013-06-03T04:45:50Z", "disallow_open_items": false, "allowed_groups": [["production"], ["admin"], ["zyg"]], "file_upload_destination": "", "file_upload_description": "", "to_state": 67}}, {"pk": 88, "model": "articleflow.transition", "fields": {"from_state": 86, "assign_previous_assignee": false, "unique_name": "OK_urgent_qc_to_ready_to_publish", "new_assignee_notification": null, "name": "OK", "created": "2013-04-02T19:35:57Z", "preference_weight": 100, "assign_transition_user": false, "autoassign_new_assignee": false, "last_modified": "2013-06-03T04:46:49Z", "disallow_open_items": true, "allowed_groups": [["production"], ["admin"], ["zyg"]], "file_upload_destination": "", "file_upload_description": "", "to_state": 71}}, {"pk": 89, "model": "articleflow.transition", "fields": {"from_state": 87, "assign_previous_assignee": false, "unique_name": null, "new_assignee_notification": null, "name": "OK", "created": "2013-04-02T19:35:57Z", "preference_weight": 100, "assign_transition_user": false, "autoassign_new_assignee": false, "last_modified": "2013-04-06T00:10:19Z", "disallow_open_items": true, "allowed_groups": [["production"], ["admin"]], "file_upload_destination": null, "file_upload_description": null, "to_state": 71}}, {"pk": 90, "model": "articleflow.transition", "fields": {"from_state": 91, "assign_previous_assignee": false, "unique_name": "merops_reprocess", "new_assignee_notification": null, "name": "Reprocess", "created": "2013-05-30T22:41:58Z", "preference_weight": 50, "assign_transition_user": true, "autoassign_new_assignee": false, "last_modified": "2013-08-05T18:16:05Z", "disallow_open_items": false, "allowed_groups": [["production"], ["web"], ["admin"], ["zyg"]], "file_upload_destination": "/var/spool/delivery/merops/merops/watch/ /var/spool/delivery/merops/merops/watch-bu/", "file_upload_description": "Upload a word document to reprocess.", "to_state": 89}}, {"pk": 91, "model": "articleflow.transition", "fields": {"from_state": 91, "assign_previous_assignee": false, "unique_name": "merops_finish", "new_assignee_notification": null, "name": "Finish", "created": "2013-05-30T22:43:26Z", "preference_weight": 100, "assign_transition_user": true, "autoassign_new_assignee": false, "last_modified": "2013-08-05T18:16:12Z", "disallow_open_items": false, "allowed_groups": [["production"], ["web"], ["admin"], ["zyg"]], "file_upload_destination": "/var/spool/delivery/merops/finish/watch/ /var/spool/delivery/merops/finish/watch-bu/", "file_upload_description": "Upload a word document to finish.", "to_state": 92}}, {"pk": 92, "model": "articleflow.transition", "fields": {"from_state": 67, "assign_previous_assignee": false, "unique_name": "send_back_to_merops_production", "new_assignee_notification": null, "name": "Send back to Merops Production", "created": "2013-05-30T22:52:52Z", "preference_weight": 25, "assign_transition_user": false, "autoassign_new_assignee": false, "last_modified": "2013-08-19T15:49:31Z", "disallow_open_items": false, "allowed_groups": [["nobody"]], "file_upload_destination": "", "file_upload_description": "", "to_state": 91}}, {"pk": 93, "model": "articleflow.transition", "fields": {"from_state": 73, "assign_previous_assignee": false, "unique_name": "send_back_to_web_corrections_cw_from_pubbed_stage", "new_assignee_notification": null, "name": "Send back to Web Corrections (CW)", "created": "2013-04-15T13:54:08Z", "preference_weight": 50, "assign_transition_user": false, "autoassign_new_assignee": false, "last_modified": "2013-06-10T22:56:14Z", "disallow_open_items": false, "allowed_groups": [["production"], ["web"], ["admin"], ["zyg"]], "file_upload_destination": "", "file_upload_description": "", "to_state": 69}}, {"pk": 95, "model": "articleflow.transition", "fields": {"from_state": 71, "assign_previous_assignee": false, "unique_name": "send_back_to_web_corrections_cw_from_ready_to_pub", "new_assignee_notification": null, "name": "Send back to Web Corrections (CW)", "created": "2013-04-15T13:54:08Z", "preference_weight": 50, "assign_transition_user": false, "autoassign_new_assignee": false, "last_modified": "2013-06-10T22:56:01Z", "disallow_open_items": false, "allowed_groups": [["production"], ["web"], ["admin"], ["zyg"]], "file_upload_destination": "", "file_upload_description": "", "to_state": 69}}, {"pk": 97, "model": "articleflow.transition", "fields": {"from_state": 84, "assign_previous_assignee": false, "unique_name": null, "new_assignee_notification": null, "name": "Fake Pull", "created": "2013-04-15T13:54:08Z", "preference_weight": 0, "assign_transition_user": false, "autoassign_new_assignee": false, "last_modified": "2013-04-15T19:28:09Z", "disallow_open_items": false, "allowed_groups": [["admin"]], "file_upload_destination": null, "file_upload_description": null, "to_state": 85}}, {"pk": 99, "model": "articleflow.transition", "fields": {"from_state": 73, "assign_previous_assignee": false, "unique_name": null, "new_assignee_notification": null, "name": "Reset QC", "created": "2013-05-01T18:31:43Z", "preference_weight": 0, "assign_transition_user": false, "autoassign_new_assignee": false, "last_modified": "2013-05-01T18:31:43Z", "disallow_open_items": false, "allowed_groups": [["admin"]], "file_upload_destination": null, "file_upload_description": null, "to_state": 63}}, {"pk": 101, "model": "articleflow.transition", "fields": {"from_state": 75, "assign_previous_assignee": false, "unique_name": "send_back_to_web_corrections_cw_from_pubbed_live", "new_assignee_notification": null, "name": "Send back to Web Corrections (CW)", "created": "2013-06-03T18:02:32Z", "preference_weight": 50, "assign_transition_user": true, "autoassign_new_assignee": false, "last_modified": "2013-06-10T22:56:28Z", "disallow_open_items": false, "allowed_groups": [["web"], ["admin"]], "file_upload_destination": "", "file_upload_description": "", "to_state": 69}}, {"pk": 103, "model": "articleflow.transition", "fields": {"from_state": 63, "assign_previous_assignee": false, "unique_name": "move_to_ready_for_qc_merops", "new_assignee_notification": null, "name": "Move to Ready for QC (Merops)", "created": "2013-06-03T22:54:59Z", "preference_weight": 0, "assign_transition_user": false, "autoassign_new_assignee": false, "last_modified": "2013-06-03T22:54:59Z", "disallow_open_items": false, "allowed_groups": [["admin"]], "file_upload_destination": "", "file_upload_description": "", "to_state": 65}}, {"pk": 105, "model": "articleflow.transition", "fields": {"from_state": 93, "assign_previous_assignee": false, "unique_name": "merops_pull", "new_assignee_notification": null, "name": "Pull", "created": "2013-06-05T21:04:14Z", "preference_weight": 0, "assign_transition_user": false, "autoassign_new_assignee": false, "last_modified": "2013-06-05T21:04:14Z", "disallow_open_items": false, "allowed_groups": [["admin"]], "file_upload_destination": "", "file_upload_description": "", "to_state": 85}}, {"pk": 107, "model": "articleflow.transition", "fields": {"from_state": 86, "assign_previous_assignee": false, "unique_name": "move_to_urgent_qc_merops", "new_assignee_notification": null, "name": "Move to Urgent QC (Merops)", "created": "2013-06-10T18:22:52Z", "preference_weight": 0, "assign_transition_user": false, "autoassign_new_assignee": false, "last_modified": "2013-06-10T18:22:52Z", "disallow_open_items": false, "allowed_groups": [["admin"]], "file_upload_destination": "", "file_upload_description": "", "to_state": 65}}, {"pk": 109, "model": "articleflow.transition", "fields": {"from_state": 92, "assign_previous_assignee": false, "unique_name": "send_back_to_prepare_manuscript", "new_assignee_notification": null, "name": "Send back to prepare manuscript", "created": "2013-06-12T17:59:56Z", "preference_weight": 0, "assign_transition_user": false, "autoassign_new_assignee": false, "last_modified": "2013-06-12T17:59:56Z", "disallow_open_items": false, "allowed_groups": [["admin"]], "file_upload_destination": "", "file_upload_description": "", "to_state": 91}}, {"pk": 111, "model": "articleflow.transition", "fields": {"from_state": 93, "assign_previous_assignee": false, "unique_name": "queue_for_article_pull", "new_assignee_notification": null, "name": "Queue for Article Pull", "created": "2013-06-21T15:56:18Z", "preference_weight": 0, "assign_transition_user": false, "autoassign_new_assignee": false, "last_modified": "2013-06-21T15:56:18Z", "disallow_open_items": false, "allowed_groups": [["admin"]], "file_upload_destination": "", "file_upload_description": "", "to_state": 94}}, {"pk": 113, "model": "articleflow.transition", "fields": {"from_state": 55, "assign_previous_assignee": false, "unique_name": "at_cw_to_web_corrections_cw", "new_assignee_notification": null, "name": "Send back to Web Corrections (CW)", "created": "2013-06-21T19:21:36Z", "preference_weight": 50, "assign_transition_user": false, "autoassign_new_assignee": false, "last_modified": "2013-06-21T19:21:36Z", "disallow_open_items": false, "allowed_groups": [["web"], ["admin"]], "file_upload_destination": "", "file_upload_description": "", "to_state": 69}}, {"pk": 115, "model": "articleflow.transition", "fields": {"from_state": 65, "assign_previous_assignee": false, "unique_name": "ready_for_qc_merops_ready_to_build_package", "new_assignee_notification": null, "name": "Queue for re-pulling", "created": "2013-06-24T22:12:25Z", "preference_weight": 25, "assign_transition_user": false, "autoassign_new_assignee": false, "last_modified": "2013-09-30T17:58:02Z", "disallow_open_items": false, "allowed_groups": [["admin"], ["merops web qcers"]], "file_upload_destination": "", "file_upload_description": "", "to_state": 94}}, {"pk": 117, "model": "articleflow.transition", "fields": {"from_state": 85, "assign_previous_assignee": false, "unique_name": "pulled_to_prepare_manuscript", "new_assignee_notification": null, "name": "Send back to prepare manuscript (Merops only)", "created": "2013-07-15T16:20:04Z", "preference_weight": 0, "assign_transition_user": true, "autoassign_new_assignee": false, "last_modified": "2013-10-28T22:48:43Z", "disallow_open_items": false, "allowed_groups": [["admin"]], "file_upload_destination": "", "file_upload_description": "", "to_state": 91}}, {"pk": 119, "model": "articleflow.transition", "fields": {"from_state": 67, "assign_previous_assignee": false, "unique_name": "needs_web_corrections_merops_waiting_for_delivery_from_cw", "new_assignee_notification": null, "name": "Hold for CW delivery", "created": "2013-08-19T15:47:19Z", "preference_weight": 25, "assign_transition_user": false, "autoassign_new_assignee": false, "last_modified": "2013-08-19T15:47:19Z", "disallow_open_items": false, "allowed_groups": [["web"], ["admin"], ["merops web correctors"]], "file_upload_destination": "", "file_upload_description": "", "to_state": 95}}, {"pk": 121, "model": "articleflow.transition", "fields": {"from_state": 69, "assign_previous_assignee": true, "unique_name": "assign_to_urgent_web_corrections_cw", "new_assignee_notification": 1, "name": "Assign to Urgent Web Corrections", "created": "2013-08-22T15:48:32Z", "preference_weight": 0, "assign_transition_user": false, "autoassign_new_assignee": false, "last_modified": "2013-08-22T15:48:32Z", "disallow_open_items": false, "allowed_groups": [["admin"]], "file_upload_destination": "", "file_upload_description": "", "to_state": 97}}, {"pk": 123, "model": "articleflow.transition", "fields": {"from_state": 67, "assign_previous_assignee": true, "unique_name": "assign_to_urgent_web_corrections_merops", "new_assignee_notification": 1, "name": "Assign to Urgent Web Corrections", "created": "2013-08-22T15:48:56Z", "preference_weight": 0, "assign_transition_user": false, "autoassign_new_assignee": false, "last_modified": "2013-08-22T15:48:56Z", "disallow_open_items": false, "allowed_groups": [["admin"]], "file_upload_destination": "", "file_upload_description": "", "to_state": 99}}, {"pk": 125, "model": "articleflow.transition", "fields": {"from_state": 97, "assign_previous_assignee": false, "unique_name": "urgent_send_back_to_production_cw", "new_assignee_notification": 3, "name": "Send back to Production", "created": "2013-08-22T16:17:16Z", "preference_weight": 25, "assign_transition_user": false, "autoassign_new_assignee": false, "last_modified": "2013-08-22T16:17:16Z", "disallow_open_items": false, "allowed_groups": [["web"], ["admin"]], "file_upload_destination": "", "file_upload_description": "", "to_state": 63}}, {"pk": 127, "model": "articleflow.transition", "fields": {"from_state": 97, "assign_previous_assignee": false, "unique_name": "urgent_send_back_to_cw", "new_assignee_notification": null, "name": "Send back to CW", "created": "2013-08-22T16:19:38Z", "preference_weight": 25, "assign_transition_user": false, "autoassign_new_assignee": false, "last_modified": "2013-09-16T16:27:35Z", "disallow_open_items": false, "allowed_groups": [["web"], ["admin"], ["web corrections outsourcers"]], "file_upload_destination": "", "file_upload_description": "", "to_state": 77}}, {"pk": 129, "model": "articleflow.transition", "fields": {"from_state": 97, "assign_previous_assignee": false, "unique_name": "urgent_web_corrections_publish_cw", "new_assignee_notification": null, "name": "Ready to Publish", "created": "2013-08-22T16:20:33Z", "preference_weight": 100, "assign_transition_user": false, "autoassign_new_assignee": false, "last_modified": "2013-10-01T15:20:31Z", "disallow_open_items": false, "allowed_groups": [["web"], ["admin"]], "file_upload_destination": "", "file_upload_description": "", "to_state": 71}}, {"pk": 131, "model": "articleflow.transition", "fields": {"from_state": 99, "assign_previous_assignee": false, "unique_name": "urgent_web_corrections_merops_ready_to_publish", "new_assignee_notification": null, "name": "Ready to Publish", "created": "2013-08-22T16:21:28Z", "preference_weight": 100, "assign_transition_user": false, "autoassign_new_assignee": false, "last_modified": "2013-08-22T16:21:28Z", "disallow_open_items": false, "allowed_groups": [["web"], ["admin"], ["merops web correctors"]], "file_upload_destination": "", "file_upload_description": "", "to_state": 71}}, {"pk": 133, "model": "articleflow.transition", "fields": {"from_state": 99, "assign_previous_assignee": false, "unique_name": "urgent_web_corrections_send_back_to_merops", "new_assignee_notification": null, "name": "Send back to Merops", "created": "2013-08-22T16:22:16Z", "preference_weight": 25, "assign_transition_user": false, "autoassign_new_assignee": false, "last_modified": "2013-08-22T16:22:16Z", "disallow_open_items": false, "allowed_groups": [["web"], ["admin"], ["merops web correctors"]], "file_upload_destination": "", "file_upload_description": "", "to_state": 91}}, {"pk": 135, "model": "articleflow.transition", "fields": {"from_state": 99, "assign_previous_assignee": false, "unique_name": "urgent_send_back_to_production_merops", "new_assignee_notification": 3, "name": "Send back to Production", "created": "2013-08-22T16:23:14Z", "preference_weight": 25, "assign_transition_user": false, "autoassign_new_assignee": false, "last_modified": "2013-08-22T16:23:14Z", "disallow_open_items": false, "allowed_groups": [["web"], ["admin"], ["merops web correctors"]], "file_upload_destination": "", "file_upload_description": "", "to_state": 65}}, {"pk": 137, "model": "articleflow.transition", "fields": {"from_state": 99, "assign_previous_assignee": false, "unique_name": "urgent_web_corrections_waiting_for_delivery_cw", "new_assignee_notification": null, "name": "Hold for CW delivery", "created": "2013-08-22T16:24:26Z", "preference_weight": 25, "assign_transition_user": false, "autoassign_new_assignee": false, "last_modified": "2013-08-22T16:24:26Z", "disallow_open_items": false, "allowed_groups": [["web"], ["admin"], ["merops web correctors"]], "file_upload_destination": "", "file_upload_description": "", "to_state": 95}}, {"pk": 139, "model": "articleflow.transition", "fields": {"from_state": 69, "assign_previous_assignee": false, "unique_name": "web_corrections_reassign_to_plos", "new_assignee_notification": null, "name": "Send to PLOS", "created": "2013-08-26T02:30:21Z", "preference_weight": 50, "assign_transition_user": false, "autoassign_new_assignee": true, "last_modified": "2013-10-09T23:24:51Z", "disallow_open_items": false, "allowed_groups": [["web"], ["admin"], ["web corrections outsourcers"]], "file_upload_destination": "", "file_upload_description": "", "to_state": 97}}, {"pk": 141, "model": "articleflow.transition", "fields": {"from_state": 65, "assign_previous_assignee": false, "unique_name": "hold_for_cw_delivery_from_ready_for_qc", "new_assignee_notification": null, "name": "Hold for CW delivery", "created": "2013-09-30T17:55:51Z", "preference_weight": 25, "assign_transition_user": false, "autoassign_new_assignee": false, "last_modified": "2013-09-30T17:55:51Z", "disallow_open_items": false, "allowed_groups": [["admin"], ["management"]], "file_upload_destination": "", "file_upload_description": "", "to_state": 95}}, {"pk": 143, "model": "articleflow.transition", "fields": {"from_state": 87, "assign_previous_assignee": false, "unique_name": "hold_for_cw_delivery_from_urgent_qc", "new_assignee_notification": null, "name": "Hold for CW delivery", "created": "2013-09-30T17:56:41Z", "preference_weight": 25, "assign_transition_user": false, "autoassign_new_assignee": false, "last_modified": "2013-09-30T17:56:41Z", "disallow_open_items": false, "allowed_groups": [["admin"], ["management"]], "file_upload_destination": "", "file_upload_description": "", "to_state": 95}}, {"pk": 145, "model": "articleflow.transition", "fields": {"from_state": 101, "assign_previous_assignee": false, "unique_name": "final_review_cw_to_ready_to_publish", "new_assignee_notification": null, "name": "Ready to Publish", "created": "2013-10-01T15:10:37Z", "preference_weight": 100, "assign_transition_user": false, "autoassign_new_assignee": false, "last_modified": "2013-10-01T15:10:37Z", "disallow_open_items": false, "allowed_groups": [["web"], ["admin"]], "file_upload_destination": "", "file_upload_description": "", "to_state": 71}}, {"pk": 147, "model": "articleflow.transition", "fields": {"from_state": 101, "assign_previous_assignee": false, "unique_name": "final_review_cw_to_web_corrections", "new_assignee_notification": null, "name": "Send Back to Corrections", "created": "2013-10-01T15:16:24Z", "preference_weight": 50, "assign_transition_user": false, "autoassign_new_assignee": false, "last_modified": "2013-10-01T15:16:24Z", "disallow_open_items": false, "allowed_groups": [["web"], ["admin"]], "file_upload_destination": "", "file_upload_description": "", "to_state": 69}}, {"pk": 149, "model": "articleflow.transition", "fields": {"from_state": 69, "assign_previous_assignee": false, "unique_name": "needs_web_corrections_cw_to_final_review", "new_assignee_notification": null, "name": "Ready to Publish", "created": "2013-10-01T15:18:21Z", "preference_weight": 100, "assign_transition_user": false, "autoassign_new_assignee": false, "last_modified": "2013-10-01T15:18:21Z", "disallow_open_items": false, "allowed_groups": [["web corrections outsourcers"]], "file_upload_destination": "", "file_upload_description": "", "to_state": 101}}, {"pk": 151, "model": "articleflow.transition", "fields": {"from_state": 97, "assign_previous_assignee": false, "unique_name": "urgent_web_corrections_cw_to_final_review", "new_assignee_notification": null, "name": "Ready to Publish", "created": "2013-10-01T15:21:23Z", "preference_weight": 100, "assign_transition_user": false, "autoassign_new_assignee": false, "last_modified": "2013-10-01T15:21:23Z", "disallow_open_items": false, "allowed_groups": [["web corrections outsourcers"]], "file_upload_destination": "", "file_upload_description": "", "to_state": 101}}, {"pk": 153, "model": "articleflow.transition", "fields": {"from_state": 103, "assign_previous_assignee": false, "unique_name": "final_review_merops_to_ready_to_publish", "new_assignee_notification": null, "name": "Ready to Publish", "created": "2013-10-01T15:38:43Z", "preference_weight": 100, "assign_transition_user": false, "autoassign_new_assignee": false, "last_modified": "2013-10-07T16:03:50Z", "disallow_open_items": false, "allowed_groups": [["web"], ["admin"]], "file_upload_destination": "", "file_upload_description": "", "to_state": 71}}, {"pk": 155, "model": "articleflow.transition", "fields": {"from_state": 103, "assign_previous_assignee": false, "unique_name": "final_review_merops_to_web_corrections", "new_assignee_notification": null, "name": "Send back to Corrections", "created": "2013-10-01T15:40:56Z", "preference_weight": 50, "assign_transition_user": false, "autoassign_new_assignee": false, "last_modified": "2013-10-01T15:40:56Z", "disallow_open_items": false, "allowed_groups": [["web"], ["admin"]], "file_upload_destination": "", "file_upload_description": "", "to_state": 67}}, {"pk": 157, "model": "articleflow.transition", "fields": {"from_state": 67, "assign_previous_assignee": false, "unique_name": "send_to_plos_merops", "new_assignee_notification": null, "name": "Send to PLOS", "created": "2013-10-04T00:26:10Z", "preference_weight": 50, "assign_transition_user": false, "autoassign_new_assignee": true, "last_modified": "2013-10-09T23:24:30Z", "disallow_open_items": false, "allowed_groups": [["web corrections outsourcers"], ["web correctors"]], "file_upload_destination": "", "file_upload_description": "", "to_state": 99}}, {"pk": 159, "model": "articleflow.transition", "fields": {"from_state": 67, "assign_previous_assignee": false, "unique_name": "web_corrections_merops_to_final_review", "new_assignee_notification": null, "name": "Ready to Publish", "created": "2013-10-04T00:32:39Z", "preference_weight": 100, "assign_transition_user": false, "autoassign_new_assignee": false, "last_modified": "2013-10-07T15:34:26Z", "disallow_open_items": true, "allowed_groups": [["web corrections outsourcers"]], "file_upload_destination": "", "file_upload_description": "", "to_state": 103}}, {"pk": 161, "model": "articleflow.transition", "fields": {"from_state": 101, "assign_previous_assignee": false, "unique_name": "final_review_cw_to_web_corrections_to_me", "new_assignee_notification": null, "name": "Send back to Corrections (in my queue)", "created": "2013-10-04T00:36:34Z", "preference_weight": 50, "assign_transition_user": true, "autoassign_new_assignee": false, "last_modified": "2013-10-04T00:36:34Z", "disallow_open_items": false, "allowed_groups": [["web"], ["admin"]], "file_upload_destination": "", "file_upload_description": "", "to_state": 69}}, {"pk": 163, "model": "articleflow.transition", "fields": {"from_state": 103, "assign_previous_assignee": false, "unique_name": "final_review_merops_to_web_corrections_to_me", "new_assignee_notification": null, "name": "Send back to Corrections (in my queue)", "created": "2013-10-04T00:37:53Z", "preference_weight": 50, "assign_transition_user": true, "autoassign_new_assignee": false, "last_modified": "2013-10-04T00:37:53Z", "disallow_open_items": false, "allowed_groups": [["web"], ["admin"]], "file_upload_destination": "", "file_upload_description": "", "to_state": 67}}, {"pk": 165, "model": "articleflow.transition", "fields": {"from_state": 99, "assign_previous_assignee": false, "unique_name": "urgent_web_corrections_merops_final_review", "new_assignee_notification": null, "name": "Ready to Publish", "created": "2013-10-04T01:00:27Z", "preference_weight": 100, "assign_transition_user": false, "autoassign_new_assignee": false, "last_modified": "2013-10-04T01:00:27Z", "disallow_open_items": false, "allowed_groups": [["web corrections outsourcers"]], "file_upload_destination": "", "file_upload_description": "", "to_state": 103}}, {"pk": 167, "model": "articleflow.transition", "fields": {"from_state": 99, "assign_previous_assignee": false, "unique_name": "send_to_plos_urgent_merops", "new_assignee_notification": null, "name": "Send to PLOS", "created": "2013-10-09T23:27:22Z", "preference_weight": 50, "assign_transition_user": false, "autoassign_new_assignee": true, "last_modified": "2013-10-09T23:27:22Z", "disallow_open_items": false, "allowed_groups": [["web corrections outsourcers"]], "file_upload_destination": "", "file_upload_description": "", "to_state": 99}}, {"pk": 169, "model": "articleflow.transition", "fields": {"from_state": 97, "assign_previous_assignee": false, "unique_name": "send_to_plos_urgent_cw", "new_assignee_notification": null, "name": "Send to PLOS", "created": "2013-10-09T23:28:57Z", "preference_weight": 50, "assign_transition_user": false, "autoassign_new_assignee": true, "last_modified": "2013-10-09T23:28:57Z", "disallow_open_items": false, "allowed_groups": [["web corrections outsourcers"]], "file_upload_destination": "", "file_upload_description": "", "to_state": 97}}, {"pk": 171, "model": "articleflow.transition", "fields": {"from_state": 94, "assign_previous_assignee": false, "unique_name": "ready_to_build_article_package_to_prepare_manuscript", "new_assignee_notification": null, "name": "Send back to Merops", "created": "2013-10-28T22:56:36Z", "preference_weight": 0, "assign_transition_user": true, "autoassign_new_assignee": false, "last_modified": "2013-10-28T22:56:36Z", "disallow_open_items": false, "allowed_groups": [["admin"]], "file_upload_destination": "", "file_upload_description": "", "to_state": 91}}, {"pk": 84, "model": "articleflow.state", "fields": {"reassign_previous": true, "unique_name": "new", "name": "New", "created": "2013-04-02T19:35:57Z", "typesetters": [], "last_modified": "2013-09-16T18:31:29Z", "worker_groups": [], "auto_assign": 1, "progress_index": -1000}}, {"pk": 105, "model": "articleflow.state", "fields": {"reassign_previous": true, "unique_name": "disabled", "name": "Disabled", "created": "2014-01-17T23:48:19Z", "typesetters": [], "last_modified": "2014-01-17T23:48:19Z", "worker_groups": [], "auto_assign": 1, "progress_index": -999}}, {"pk": 88, "model": "articleflow.state", "fields": {"reassign_previous": true, "unique_name": "delivered_from_aries", "name": "Delivered from Aries", "created": "2013-05-29T22:41:33Z", "typesetters": [], "last_modified": "2013-05-30T22:31:51Z", "worker_groups": [["admin"]], "auto_assign": 1, "progress_index": -60}}, {"pk": 89, "model": "articleflow.state", "fields": {"reassign_previous": true, "unique_name": "queued_for_meropsing", "name": "Queued for Meropsing", "created": "2013-05-30T16:37:16Z", "typesetters": [], "last_modified": "2013-05-30T22:30:53Z", "worker_groups": [["admin"]], "auto_assign": 1, "progress_index": -50}}, {"pk": 90, "model": "articleflow.state", "fields": {"reassign_previous": true, "unique_name": "meropsed", "name": "Meropsed", "created": "2013-05-30T19:39:19Z", "typesetters": [], "last_modified": "2013-05-30T22:30:45Z", "worker_groups": [["admin"]], "auto_assign": 1, "progress_index": -40}}, {"pk": 91, "model": "articleflow.state", "fields": {"reassign_previous": true, "unique_name": "prepare_manuscript", "name": "Prepare Manuscript", "created": "2013-05-30T19:52:31Z", "typesetters": [], "last_modified": "2013-06-14T15:45:52Z", "worker_groups": [["admin"], ["zyg"], ["plos pmers"]], "auto_assign": 1, "progress_index": -30}}, {"pk": 92, "model": "articleflow.state", "fields": {"reassign_previous": true, "unique_name": "queued_for_finish", "name": "Queued for Finish XML", "created": "2013-05-30T20:43:34Z", "typesetters": [], "last_modified": "2013-05-30T22:30:32Z", "worker_groups": [["admin"]], "auto_assign": 1, "progress_index": -20}}, {"pk": 93, "model": "articleflow.state", "fields": {"reassign_previous": true, "unique_name": "finish_out", "name": "Finish XML Complete", "created": "2013-05-30T20:45:16Z", "typesetters": [], "last_modified": "2013-05-30T22:30:25Z", "worker_groups": [], "auto_assign": 1, "progress_index": -10}}, {"pk": 55, "model": "articleflow.state", "fields": {"reassign_previous": true, "unique_name": null, "name": "At CW", "created": "2013-04-02T19:35:57Z", "typesetters": [], "last_modified": "2013-02-19T23:31:56Z", "worker_groups": [], "auto_assign": 1, "progress_index": -10}}, {"pk": 57, "model": "articleflow.state", "fields": {"reassign_previous": true, "unique_name": null, "name": "At Merops", "created": "2013-04-02T19:35:57Z", "typesetters": [], "last_modified": "2013-02-19T23:31:46Z", "worker_groups": [], "auto_assign": 1, "progress_index": -10}}, {"pk": 77, "model": "articleflow.state", "fields": {"reassign_previous": true, "unique_name": null, "name": "Back at CW", "created": "2013-04-02T19:35:57Z", "typesetters": [], "last_modified": "2013-02-19T23:35:14Z", "worker_groups": [], "auto_assign": 1, "progress_index": -5}}, {"pk": 79, "model": "articleflow.state", "fields": {"reassign_previous": true, "unique_name": null, "name": "Back at Merops", "created": "2013-04-02T19:35:57Z", "typesetters": [], "last_modified": "2013-02-19T23:35:09Z", "worker_groups": [], "auto_assign": 1, "progress_index": -5}}, {"pk": 95, "model": "articleflow.state", "fields": {"reassign_previous": true, "unique_name": "waiting_for_delivery_from_cw", "name": "Waiting for delivery from CW", "created": "2013-08-19T15:44:56Z", "typesetters": [1, 2], "last_modified": "2013-08-19T15:44:56Z", "worker_groups": [["web"], ["admin"], ["merops web correctors"]], "auto_assign": 1, "progress_index": 0}}, {"pk": 94, "model": "articleflow.state", "fields": {"reassign_previous": true, "unique_name": "ready_to_build_article_package", "name": "Ready to Build Article Package", "created": "2013-05-30T21:28:26Z", "typesetters": [], "last_modified": "2013-05-30T22:30:19Z", "worker_groups": [["admin"]], "auto_assign": 1, "progress_index": 0}}, {"pk": 59, "model": "articleflow.state", "fields": {"reassign_previous": true, "unique_name": "delivered", "name": "Delivered", "created": "2013-04-02T19:35:57Z", "typesetters": [], "last_modified": "2013-09-10T15:33:34Z", "worker_groups": [], "auto_assign": 1, "progress_index": 10}}, {"pk": 85, "model": "articleflow.state", "fields": {"reassign_previous": true, "unique_name": "pulled", "name": "Pulled", "created": "2013-04-02T19:35:57Z", "typesetters": [], "last_modified": "2013-08-14T22:10:50Z", "worker_groups": [], "auto_assign": 1, "progress_index": 20}}, {"pk": 61, "model": "articleflow.state", "fields": {"reassign_previous": true, "unique_name": "ingested", "name": "Ingested", "created": "2013-04-02T19:35:57Z", "typesetters": [], "last_modified": "2013-06-20T22:22:58Z", "worker_groups": [], "auto_assign": 1, "progress_index": 30}}, {"pk": 63, "model": "articleflow.state", "fields": {"reassign_previous": true, "unique_name": "ready_for_qc_cw", "name": "Ready for QC (CW)", "created": "2013-04-02T19:35:57Z", "typesetters": [2], "last_modified": "2013-07-31T04:54:25Z", "worker_groups": [["production"], ["admin"], ["zyg"]], "auto_assign": 1, "progress_index": 40}}, {"pk": 65, "model": "articleflow.state", "fields": {"reassign_previous": true, "unique_name": "ready_for_qc_merops", "name": "Ready for QC (Merops)", "created": "2013-04-02T19:35:57Z", "typesetters": [1], "last_modified": "2013-10-04T17:58:56Z", "worker_groups": [["production"], ["web"], ["zyg"], ["merops web qcers"]], "auto_assign": 1, "progress_index": 40}}, {"pk": 86, "model": "articleflow.state", "fields": {"reassign_previous": true, "unique_name": "urgent_qc_cw", "name": "Urgent QC (CW)", "created": "2013-04-02T19:35:57Z", "typesetters": [2], "last_modified": "2014-01-03T21:18:12Z", "worker_groups": [["production"]], "auto_assign": 2, "progress_index": 45}}, {"pk": 87, "model": "articleflow.state", "fields": {"reassign_previous": true, "unique_name": "urgent_qc_merops", "name": "Urgent QC (Merops)", "created": "2013-04-02T19:35:57Z", "typesetters": [1], "last_modified": "2013-10-04T17:59:11Z", "worker_groups": [["production"], ["zyg"]], "auto_assign": 1, "progress_index": 45}}, {"pk": 67, "model": "articleflow.state", "fields": {"reassign_previous": true, "unique_name": "needs_web_corrections_merops", "name": "Needs Web Corrections (Merops)", "created": "2013-04-02T19:35:57Z", "typesetters": [1], "last_modified": "2013-07-31T04:54:42Z", "worker_groups": [["merops web correctors"]], "auto_assign": 2, "progress_index": 50}}, {"pk": 69, "model": "articleflow.state", "fields": {"reassign_previous": true, "unique_name": "needs_web_corrections_cw", "name": "Needs Web Corrections (CW)", "created": "2013-04-02T19:35:57Z", "typesetters": [2], "last_modified": "2013-09-08T17:11:14Z", "worker_groups": [["web"], ["web corrections outsourcers"], ["web correctors"]], "auto_assign": 1, "progress_index": 50}}, {"pk": 99, "model": "articleflow.state", "fields": {"reassign_previous": true, "unique_name": "urgent_web_corrections_merops", "name": "Urgent Web Corrections (Merops)", "created": "2013-08-22T15:47:25Z", "typesetters": [1], "last_modified": "2013-10-04T00:38:49Z", "worker_groups": [["web"], ["merops web correctors"]], "auto_assign": 2, "progress_index": 55}}, {"pk": 97, "model": "articleflow.state", "fields": {"reassign_previous": true, "unique_name": "urgent_web_corrections_cw", "name": "Urgent Web Corrections (CW)", "created": "2013-08-22T15:46:57Z", "typesetters": [2], "last_modified": "2013-10-08T16:09:54Z", "worker_groups": [["web"]], "auto_assign": 2, "progress_index": 55}}, {"pk": 101, "model": "articleflow.state", "fields": {"reassign_previous": true, "unique_name": "final_review_cw", "name": "Final Review (CW)", "created": "2013-10-01T15:05:24Z", "typesetters": [2], "last_modified": "2013-10-01T15:06:39Z", "worker_groups": [["admin"], ["web correctors"]], "auto_assign": 1, "progress_index": 57}}, {"pk": 103, "model": "articleflow.state", "fields": {"reassign_previous": true, "unique_name": "final_review_merops", "name": "Final Review (Merops)", "created": "2013-10-01T15:36:23Z", "typesetters": [1], "last_modified": "2013-10-01T15:36:23Z", "worker_groups": [["web"], ["admin"]], "auto_assign": 1, "progress_index": 57}}, {"pk": 71, "model": "articleflow.state", "fields": {"reassign_previous": true, "unique_name": "ready_to_publish", "name": "Ready to Publish", "created": "2013-04-02T19:35:57Z", "typesetters": [1, 2], "last_modified": "2013-07-31T04:54:52Z", "worker_groups": [], "auto_assign": 1, "progress_index": 60}}, {"pk": 73, "model": "articleflow.state", "fields": {"reassign_previous": true, "unique_name": "published_on_stage", "name": "Published on Stage", "created": "2013-04-02T19:35:57Z", "typesetters": [1, 2], "last_modified": "2013-07-31T04:55:02Z", "worker_groups": [], "auto_assign": 1, "progress_index": 70}}, {"pk": 75, "model": "articleflow.state", "fields": {"reassign_previous": true, "unique_name": "published_live", "name": "Published Live", "created": "2013-04-02T19:35:57Z", "typesetters": [1, 2], "last_modified": "2013-07-31T04:55:07Z", "worker_groups": [], "auto_assign": 1, "progress_index": 80}}]