[{"pk": 1, "model": "articleflow.journal", "fields": {"last_modified": "2013-03-11T21:55:12Z", "short_name": "pone", "full_name": "PLOS ONE", "em_name": "PONE"}}, {"pk": 3, "model": "articleflow.journal", "fields": {"last_modified": "2013-03-11T21:55:07Z", "short_name": "ppat", "full_name": "PLOS Pathogens", "em_name": "PPATHOGENS"}}, {"pk": 5, "model": "articleflow.journal", "fields": {"last_modified": "2013-03-11T21:54:58Z", "short_name": "pgen", "full_name": "PLOS Genetics", "em_name": "PGENETICS"}}, {"pk": 7, "model": "articleflow.journal", "fields": {"last_modified": "2013-03-11T21:54:51Z", "short_name": "pbio", "full_name": "PLOS Biology", "em_name": "PBIOLOGY"}}, {"pk": 9, "model": "articleflow.journal", "fields": {"last_modified": "2013-03-11T21:54:37Z", "short_name": "pntd", "full_name": "PLOS Neglected Tropical Diseases", "em_name": "PNTD"}}, {"pk": 11, "model": "articleflow.journal", "fields": {"last_modified": "2013-03-11T21:54:22Z", "short_name": "pcbi", "full_name": "PLOS Computational Biology", "em_name": "PCOMPBIOL"}}, {"pk": 13, "model": "articleflow.journal", "fields": {"last_modified": "2013-03-11T21:54:14Z", "short_name": "pmed", "full_name": "PLOS Medicine", "em_name": "PMEDICINE"}}, {"pk": 1, "model": "issues.category", "fields": {"last_modified": "2013-02-14T20:09:03Z", "name": "XML", "created": "2013-02-14T19:50:29Z"}}, {"pk": 2, "model": "issues.category", "fields": {"last_modified": "2013-02-14T20:09:08Z", "name": "PDF", "created": "2013-02-14T19:50:29Z"}}, {"pk": 3, "model": "issues.category", "fields": {"last_modified": "2013-02-14T20:09:13Z", "name": "XML+PDF", "created": "2013-02-14T19:50:29Z"}}, {"pk": 4, "model": "issues.category", "fields": {"last_modified": "2013-02-14T20:09:19Z", "name": "SI", "created": "2013-02-14T19:50:29Z"}}, {"pk": 5, "model": "issues.category", "fields": {"last_modified": "2013-02-14T20:09:24Z", "name": "Legacy", "created": "2013-02-14T19:50:29Z"}}, {"pk": 3, "model": "auth.group", "fields": {"name": "admin", "permissions": []}}, {"pk": 1, "model": "auth.group", "fields": {"name": "production", "permissions": []}}, {"pk": 2, "model": "auth.group", "fields": {"name": "web", "permissions": []}}, {"pk": 4, "model": "auth.group", "fields": {"name": "zyg", "permissions": []}}, {"pk": 1, "model": "auth.user", "fields": {"username": "admin", "first_name": "", "last_name": "", "is_active": true, "is_superuser": true, "is_staff": true, "last_login": "2013-02-14T21:13:10Z", "groups": [], "user_permissions": [], "password": "pbkdf2_sha256$10000$mFYP3RfzqWaX$EjmQLVLN3UU8KnpJ0B27nIF2EWAbMLzYdxbpEWIG8LQ=", "email": "jlabarba@plos.org", "date_joined": "2013-02-09T19:54:48Z"}}, {"pk": 2, "model": "auth.user", "fields": {"username": "jlabarba", "first_name": "Jack", "last_name": "LaBarba", "is_active": true, "is_superuser": true, "is_staff": true, "last_login": "2013-03-06T00:02:34Z", "groups": [["production"], ["web"], ["admin"]], "user_permissions": [], "password": "!", "email": "jlabarba@plos.org", "date_joined": "2013-02-09T22:24:09Z"}}, {"pk": 3, "model": "auth.user", "fields": {"username": "prod_test", "first_name": "", "last_name": "", "is_active": true, "is_superuser": false, "is_staff": false, "last_login": "2013-02-10T03:39:25Z", "groups": [["production"]], "user_permissions": [], "password": "pbkdf2_sha256$10000$T33iNDNtBpSM$WNYGyI5S7u35xJarj/jF6p1RARJzd3cNnvp+CbP7o1Y=", "email": "", "date_joined": "2013-02-10T03:39:25Z"}}, {"pk": 4, "model": "auth.user", "fields": {"username": "jharney", "first_name": "", "last_name": "", "is_active": true, "is_superuser": true, "is_staff": true, "last_login": "2013-02-14T21:10:38Z", "groups": [["production"], ["web"], ["admin"]], "user_permissions": [], "password": "pbkdf2_sha256$10000$0sypJLOGOhqv$uiuCvpfHzDcg6Y8uDwXGmAiKQ+f98UJAKo7Az5fmja0=", "email": "", "date_joined": "2013-02-14T21:10:38Z"}}, {"pk": 5, "model": "auth.user", "fields": {"username": "web_test", "first_name": "web", "last_name": "test", "is_active": true, "is_superuser": false, "is_staff": false, "last_login": "2013-02-14T22:33:45Z", "groups": [["web"]], "user_permissions": [], "password": "pbkdf2_sha256$10000$A1RfppX2THGs$TEnC/pfNzkduBXxk3yW1vgiJRaWZGSayrX74XzrcTN0=", "email": "", "date_joined": "2013-02-14T22:33:45Z"}}, {"pk": 6, "model": "auth.user", "fields": {"username": "admin_test", "first_name": "admin", "last_name": "test", "is_active": true, "is_superuser": false, "is_staff": true, "last_login": "2013-02-14T22:35:02Z", "groups": [["production"], ["web"], ["admin"]], "user_permissions": [], "password": "pbkdf2_sha256$10000$YKRc3hMLbDcY$YyFj+TXa1iYWYw89Gqr46xcZoFYUDmTF+R0D/MjLtlI=", "email": "", "date_joined": "2013-02-14T22:35:02Z"}}, {"pk": 7, "model": "auth.user", "fields": {"username": "jsenate", "first_name": "", "last_name": "", "is_active": true, "is_superuser": false, "is_staff": false, "last_login": "2013-02-16T03:19:26Z", "groups": [], "user_permissions": [], "password": "veryinsecurepassword", "email": "", "date_joined": "2013-02-16T03:19:26Z"}}, {"pk": 8, "model": "auth.user", "fields": {"username": "nmeechoonuk", "first_name": "", "last_name": "", "is_active": true, "is_superuser": false, "is_staff": false, "last_login": "2013-02-16T03:19:27Z", "groups": [], "user_permissions": [], "password": "veryinsecurepassword", "email": "", "date_joined": "2013-02-16T03:19:27Z"}}, {"pk": 9, "model": "auth.user", "fields": {"username": "ingestSweep", "first_name": "", "last_name": "", "is_active": true, "is_superuser": false, "is_staff": false, "last_login": "2013-02-19T21:35:54Z", "groups": [], "user_permissions": [], "password": "veryinsecurepassword", "email": "", "date_joined": "2013-02-19T21:35:54Z"}}, {"pk": 10, "model": "auth.user", "fields": {"username": "mwhiteford", "first_name": "", "last_name": "", "is_active": true, "is_superuser": false, "is_staff": false, "last_login": "2013-02-19T21:35:54Z", "groups": [], "user_permissions": [], "password": "veryinsecurepassword", "email": "", "date_joined": "2013-02-19T21:35:54Z"}}, {"pk": 11, "model": "auth.user", "fields": {"username": "gstorelli", "first_name": "", "last_name": "", "is_active": true, "is_superuser": false, "is_staff": false, "last_login": "2013-02-19T21:44:10Z", "groups": [], "user_permissions": [], "password": "veryinsecurepassword", "email": "", "date_joined": "2013-02-19T21:44:10Z"}}, {"pk": 12, "model": "auth.user", "fields": {"username": "yhurd", "first_name": "", "last_name": "", "is_active": true, "is_superuser": false, "is_staff": false, "last_login": "2013-02-19T21:44:10Z", "groups": [], "user_permissions": [], "password": "veryinsecurepassword", "email": "", "date_joined": "2013-02-19T21:44:10Z"}}, {"pk": 13, "model": "auth.user", "fields": {"username": "zyg_test", "first_name": "zyg", "last_name": "test", "is_active": true, "is_superuser": false, "is_staff": false, "last_login": "2013-02-20T21:23:19Z", "groups": [["zyg"]], "user_permissions": [], "password": "pbkdf2_sha256$10000$GZlJXTltO1Vv$FM5kP+ikTTif+4XxX1agfooHmAKRJXsZVxGgO010zFI=", "email": "", "date_joined": "2013-02-20T21:23:19Z"}}, {"pk": 14, "model": "auth.user", "fields": {"username": "vyin", "first_name": "", "last_name": "", "is_active": true, "is_superuser": true, "is_staff": true, "last_login": "2013-03-06T00:02:55Z", "groups": [["admin"], ["production"], ["web"], ["zyg"]], "user_permissions": [], "password": "pbkdf2_sha256$10000$1BfntrCEAN0c$+0X/UQI7OR1o8L3azP26O2AvOjvzHprVYKCxfR+vjfc=", "email": "", "date_joined": "2013-03-06T00:02:55Z"}}, {"pk": 45, "model": "articleflow.transition", "fields": {"from_state": 55, "name": "Deliver", "preference_weight": 0, "last_modified": "2013-02-20T21:11:15Z", "disallow_open_items": false, "allowed_groups": [["admin"]], "to_state": 59}}, {"pk": 47, "model": "articleflow.transition", "fields": {"from_state": 57, "name": "Deliver", "preference_weight": 0, "last_modified": "2013-02-20T21:11:19Z", "disallow_open_items": false, "allowed_groups": [["admin"]], "to_state": 59}}, {"pk": 51, "model": "articleflow.transition", "fields": {"from_state": 61, "name": "Assign to QC (CW)", "preference_weight": 0, "last_modified": "2013-02-20T21:11:56Z", "disallow_open_items": false, "allowed_groups": [["admin"]], "to_state": 63}}, {"pk": 53, "model": "articleflow.transition", "fields": {"from_state": 61, "name": "Assign to QC (Merops)", "preference_weight": 0, "last_modified": "2013-02-20T21:12:01Z", "disallow_open_items": false, "allowed_groups": [["admin"]], "to_state": 65}}, {"pk": 55, "model": "articleflow.transition", "fields": {"from_state": 63, "name": "Needs Web Corrections (CW)", "preference_weight": 50, "last_modified": "2013-02-20T21:13:04Z", "disallow_open_items": false, "allowed_groups": [["production"], ["admin"], ["zyg"]], "to_state": 69}}, {"pk": 57, "model": "articleflow.transition", "fields": {"from_state": 65, "name": "Needs Web Corrections (Merops)", "preference_weight": 50, "last_modified": "2013-02-20T21:13:14Z", "disallow_open_items": false, "allowed_groups": [["production"], ["admin"], ["zyg"]], "to_state": 67}}, {"pk": 59, "model": "articleflow.transition", "fields": {"from_state": 63, "name": "Ready to Publish", "preference_weight": 100, "last_modified": "2013-02-20T21:13:27Z", "disallow_open_items": true, "allowed_groups": [["production"], ["admin"], ["zyg"]], "to_state": 71}}, {"pk": 61, "model": "articleflow.transition", "fields": {"from_state": 65, "name": "Ready to Publish", "preference_weight": 100, "last_modified": "2013-02-20T21:13:32Z", "disallow_open_items": true, "allowed_groups": [["production"], ["admin"], ["zyg"]], "to_state": 71}}, {"pk": 63, "model": "articleflow.transition", "fields": {"from_state": 63, "name": "Send back to CW", "preference_weight": 25, "last_modified": "2013-02-20T21:13:48Z", "disallow_open_items": false, "allowed_groups": [["admin"]], "to_state": 77}}, {"pk": 65, "model": "articleflow.transition", "fields": {"from_state": 65, "name": "Send back to Merops", "preference_weight": 25, "last_modified": "2013-02-20T21:15:33Z", "disallow_open_items": false, "allowed_groups": [["admin"]], "to_state": 79}}, {"pk": 67, "model": "articleflow.transition", "fields": {"from_state": 69, "name": "Send back to Production", "preference_weight": 25, "last_modified": "2013-02-14T23:03:03Z", "disallow_open_items": false, "allowed_groups": [["web"], ["admin"]], "to_state": 63}}, {"pk": 69, "model": "articleflow.transition", "fields": {"from_state": 67, "name": "Send back to Production", "preference_weight": 25, "last_modified": "2013-02-14T23:03:00Z", "disallow_open_items": false, "allowed_groups": [["web"], ["admin"]], "to_state": 65}}, {"pk": 71, "model": "articleflow.transition", "fields": {"from_state": 69, "name": "Send back to CW", "preference_weight": 25, "last_modified": "2013-02-14T23:03:22Z", "disallow_open_items": false, "allowed_groups": [["web"], ["admin"]], "to_state": 55}}, {"pk": 73, "model": "articleflow.transition", "fields": {"from_state": 67, "name": "Send back to Merops", "preference_weight": 25, "last_modified": "2013-02-14T23:03:26Z", "disallow_open_items": false, "allowed_groups": [["web"], ["admin"]], "to_state": 57}}, {"pk": 75, "model": "articleflow.transition", "fields": {"from_state": 67, "name": "Ready to Publish", "preference_weight": 100, "last_modified": "2013-02-14T23:03:37Z", "disallow_open_items": true, "allowed_groups": [["web"], ["admin"]], "to_state": 71}}, {"pk": 77, "model": "articleflow.transition", "fields": {"from_state": 69, "name": "Ready to Publish", "preference_weight": 100, "last_modified": "2013-02-14T23:03:43Z", "disallow_open_items": true, "allowed_groups": [["web"], ["admin"]], "to_state": 71}}, {"pk": 79, "model": "articleflow.transition", "fields": {"from_state": 71, "name": "Publish on Stage", "preference_weight": 100, "last_modified": "2013-02-14T23:03:48Z", "disallow_open_items": false, "allowed_groups": [["admin"]], "to_state": 73}}, {"pk": 81, "model": "articleflow.transition", "fields": {"from_state": 73, "name": "Publish on Live", "preference_weight": 100, "last_modified": "2013-02-14T23:03:53Z", "disallow_open_items": false, "allowed_groups": [["admin"]], "to_state": 75}}, {"pk": 82, "model": "articleflow.transition", "fields": {"from_state": 59, "name": "Pull", "preference_weight": 0, "last_modified": "2013-02-20T21:11:09Z", "disallow_open_items": false, "allowed_groups": [["admin"]], "to_state": 85}}, {"pk": 83, "model": "articleflow.transition", "fields": {"from_state": 85, "name": "Ingest", "preference_weight": 0, "last_modified": "2013-02-20T21:11:06Z", "disallow_open_items": false, "allowed_groups": [["admin"]], "to_state": 61}}, {"pk": 84, "model": "articleflow.transition", "fields": {"from_state": 63, "name": "Assign to Urgent QC (CW)", "preference_weight": 50, "last_modified": "2013-02-20T21:17:48Z", "disallow_open_items": false, "allowed_groups": [["production"], ["admin"]], "to_state": 86}}, {"pk": 85, "model": "articleflow.transition", "fields": {"from_state": 65, "name": "Assign to Urgent QC (Merops)", "preference_weight": 50, "last_modified": "2013-02-20T21:18:10Z", "disallow_open_items": false, "allowed_groups": [["production"], ["admin"]], "to_state": 87}}, {"pk": 86, "model": "articleflow.transition", "fields": {"from_state": 86, "name": "Send to Web Corrections (CW)", "preference_weight": 50, "last_modified": "2013-02-20T21:21:24Z", "disallow_open_items": false, "allowed_groups": [["production"], ["admin"]], "to_state": 69}}, {"pk": 87, "model": "articleflow.transition", "fields": {"from_state": 87, "name": "Send to Web Corrections", "preference_weight": 50, "last_modified": "2013-02-20T21:21:44Z", "disallow_open_items": false, "allowed_groups": [["production"], ["admin"]], "to_state": 67}}, {"pk": 88, "model": "articleflow.transition", "fields": {"from_state": 86, "name": "Ready to Publish", "preference_weight": 100, "last_modified": "2013-02-20T21:22:06Z", "disallow_open_items": false, "allowed_groups": [["production"], ["admin"]], "to_state": 71}}, {"pk": 89, "model": "articleflow.transition", "fields": {"from_state": 87, "name": "Ready to Publish", "preference_weight": 100, "last_modified": "2013-02-20T21:22:40Z", "disallow_open_items": false, "allowed_groups": [["production"], ["admin"]], "to_state": 71}}, {"pk": 55, "model": "articleflow.state", "fields": {"auto_assign": 1, "last_modified": "2013-02-19T23:31:56Z", "worker_groups": [], "name": "At CW", "progress_index": -10}}, {"pk": 57, "model": "articleflow.state", "fields": {"auto_assign": 1, "last_modified": "2013-02-19T23:31:46Z", "worker_groups": [], "name": "At Merops", "progress_index": -10}}, {"pk": 79, "model": "articleflow.state", "fields": {"auto_assign": 1, "last_modified": "2013-02-19T23:35:09Z", "worker_groups": [], "name": "Back at Merops", "progress_index": -5}}, {"pk": 77, "model": "articleflow.state", "fields": {"auto_assign": 1, "last_modified": "2013-02-19T23:35:14Z", "worker_groups": [], "name": "Back at CW", "progress_index": -5}}, {"pk": 84, "model": "articleflow.state", "fields": {"auto_assign": 1, "last_modified": "2013-02-04T19:33:25Z", "worker_groups": [], "name": "New", "progress_index": 0}}, {"pk": 59, "model": "articleflow.state", "fields": {"auto_assign": 1, "last_modified": "2013-02-19T23:30:57Z", "worker_groups": [], "name": "Delivered", "progress_index": 10}}, {"pk": 85, "model": "articleflow.state", "fields": {"auto_assign": 1, "last_modified": "2013-02-19T23:30:49Z", "worker_groups": [], "name": "Pulled", "progress_index": 20}}, {"pk": 61, "model": "articleflow.state", "fields": {"auto_assign": 1, "last_modified": "2013-02-19T23:31:33Z", "worker_groups": [], "name": "Ingested", "progress_index": 30}}, {"pk": 63, "model": "articleflow.state", "fields": {"auto_assign": 1, "last_modified": "2013-02-20T19:26:44Z", "worker_groups": [["production"], ["admin"]], "name": "Ready for QC (CW)", "progress_index": 40}}, {"pk": 65, "model": "articleflow.state", "fields": {"auto_assign": 1, "last_modified": "2013-02-20T19:26:39Z", "worker_groups": [], "name": "Ready for QC (Merops)", "progress_index": 40}}, {"pk": 86, "model": "articleflow.state", "fields": {"auto_assign": 2, "last_modified": "2013-02-20T19:26:54Z", "worker_groups": [["production"]], "name": "Urgent QC (CW)", "progress_index": 45}}, {"pk": 87, "model": "articleflow.state", "fields": {"auto_assign": 2, "last_modified": "2013-02-20T19:26:50Z", "worker_groups": [["production"]], "name": "Urgent QC (Merops)", "progress_index": 45}}, {"pk": 69, "model": "articleflow.state", "fields": {"auto_assign": 1, "last_modified": "2013-02-19T23:32:19Z", "worker_groups": [], "name": "Needs Web Corrections (CW)", "progress_index": 50}}, {"pk": 67, "model": "articleflow.state", "fields": {"auto_assign": 1, "last_modified": "2013-02-19T23:32:15Z", "worker_groups": [], "name": "Needs Web Corrections (Merops)", "progress_index": 50}}, {"pk": 71, "model": "articleflow.state", "fields": {"auto_assign": 1, "last_modified": "2013-02-19T23:34:15Z", "worker_groups": [], "name": "Ready to Publish", "progress_index": 60}}, {"pk": 75, "model": "articleflow.state", "fields": {"auto_assign": 1, "last_modified": "2013-02-19T23:34:38Z", "worker_groups": [], "name": "Published Live", "progress_index": 70}}, {"pk": 73, "model": "articleflow.state", "fields": {"auto_assign": 1, "last_modified": "2013-02-19T23:34:33Z", "worker_groups": [], "name": "Published on Stage", "progress_index": 70}}]