[
  {
    "pk": 25,
    "model": "contenttypes.contenttype",
    "fields": {
      "model": "article",
      "name": "article",
      "app_label": "articleflow"
    }
  },
  {
    "pk": 21,
    "model": "contenttypes.contenttype",
    "fields": {
      "model": "articlestate",
      "name": "article state",
      "app_label": "articleflow"
    }
  },
  {
    "pk": 33,
    "model": "contenttypes.contenttype",
    "fields": {
      "model": "category",
      "name": "category",
      "app_label": "issues"
    }
  },
  {
    "pk": 13,
    "model": "contenttypes.contenttype",
    "fields": {
      "model": "comment",
      "name": "comment",
      "app_label": "comments"
    }
  },
  {
    "pk": 15,
    "model": "contenttypes.contenttype",
    "fields": {
      "model": "commentflag",
      "name": "comment flag",
      "app_label": "comments"
    }
  },
  {
    "pk": 7,
    "model": "contenttypes.contenttype",
    "fields": {
      "model": "contenttype",
      "name": "content type",
      "app_label": "contenttypes"
    }
  },
  {
    "pk": 35,
    "model": "contenttypes.contenttype",
    "fields": {
      "model": "error",
      "name": "error",
      "app_label": "errors"
    }
  },
  {
    "pk": 39,
    "model": "contenttypes.contenttype",
    "fields": {
      "model": "errorset",
      "name": "error set",
      "app_label": "errors"
    }
  },
  {
    "pk": 37,
    "model": "contenttypes.contenttype",
    "fields": {
      "model": "errorstatus",
      "name": "error status",
      "app_label": "errors"
    }
  },
  {
    "pk": 3,
    "model": "contenttypes.contenttype",
    "fields": {
      "model": "group",
      "name": "group",
      "app_label": "auth"
    }
  },
  {
    "pk": 29,
    "model": "contenttypes.contenttype",
    "fields": {
      "model": "issue",
      "name": "issue",
      "app_label": "issues"
    }
  },
  {
    "pk": 31,
    "model": "contenttypes.contenttype",
    "fields": {
      "model": "issuestatus",
      "name": "issue status",
      "app_label": "issues"
    }
  },
  {
    "pk": 23,
    "model": "contenttypes.contenttype",
    "fields": {
      "model": "journal",
      "name": "journal",
      "app_label": "articleflow"
    }
  },
  {
    "pk": 17,
    "model": "contenttypes.contenttype",
    "fields": {
      "model": "logentry",
      "name": "log entry",
      "app_label": "admin"
    }
  },
  {
    "pk": 1,
    "model": "contenttypes.contenttype",
    "fields": {
      "model": "permission",
      "name": "permission",
      "app_label": "auth"
    }
  },
  {
    "pk": 9,
    "model": "contenttypes.contenttype",
    "fields": {
      "model": "session",
      "name": "session",
      "app_label": "sessions"
    }
  },
  {
    "pk": 11,
    "model": "contenttypes.contenttype",
    "fields": {
      "model": "site",
      "name": "site",
      "app_label": "sites"
    }
  },
  {
    "pk": 19,
    "model": "contenttypes.contenttype",
    "fields": {
      "model": "state",
      "name": "state",
      "app_label": "articleflow"
    }
  },
  {
    "pk": 27,
    "model": "contenttypes.contenttype",
    "fields": {
      "model": "transition",
      "name": "transition",
      "app_label": "articleflow"
    }
  },
  {
    "pk": 5,
    "model": "contenttypes.contenttype",
    "fields": {
      "model": "user",
      "name": "user",
      "app_label": "auth"
    }
  },
  {
    "pk": "984dd1b4285d7e2f581b1bd9020251a9",
    "model": "sessions.session",
    "fields": {
      "expire_date": "2013-02-08T15:57:43Z",
      "session_data": "ZGU5NTgxNGNhNjI5OTNhYmZiNDE2Zjg0OWNhNjg3MDE3ZDg3ZmE3MjqAAn1xAShVEl9hdXRoX3Vz\nZXJfYmFja2VuZHECVSlkamFuZ28uY29udHJpYi5hdXRoLmJhY2tlbmRzLk1vZGVsQmFja2VuZHED\nVQ1fYXV0aF91c2VyX2lkcQSKAQF1Lg==\n"
    }
  },
  {
    "pk": 1,
    "model": "sites.site",
    "fields": {
      "domain": "example.com",
      "name": "example.com"
    }
  },
  {
    "pk": 55,
    "model": "articleflow.state",
    "fields": {
      "last_modified": "2013-01-22T22:36:39Z",
      "name": "At CW"
    }
  },
  {
    "pk": 57,
    "model": "articleflow.state",
    "fields": {
      "last_modified": "2013-01-22T22:36:53Z",
      "name": "At Merops"
    }
  },
  {
    "pk": 59,
    "model": "articleflow.state",
    "fields": {
      "last_modified": "2013-01-22T22:37:01Z",
      "name": "Delivered"
    }
  },
  {
    "pk": 61,
    "model": "articleflow.state",
    "fields": {
      "last_modified": "2013-01-22T22:37:10Z",
      "name": "Ingested"
    }
  },
  {
    "pk": 63,
    "model": "articleflow.state",
    "fields": {
      "last_modified": "2013-01-22T22:37:18Z",
      "name": "Ready for QC (CW)"
    }
  },
  {
    "pk": 65,
    "model": "articleflow.state",
    "fields": {
      "last_modified": "2013-01-22T22:37:25Z",
      "name": "Ready for QC (Merops)"
    }
  },
  {
    "pk": 67,
    "model": "articleflow.state",
    "fields": {
      "last_modified": "2013-01-22T22:37:36Z",
      "name": "Needs Web Corrections (Merops)"
    }
  },
  {
    "pk": 69,
    "model": "articleflow.state",
    "fields": {
      "last_modified": "2013-01-22T22:40:42Z",
      "name": "Needs Web Corrections (CW)"
    }
  },
  {
    "pk": 71,
    "model": "articleflow.state",
    "fields": {
      "last_modified": "2013-01-22T22:40:48Z",
      "name": "Ready to Publish"
    }
  },
  {
    "pk": 73,
    "model": "articleflow.state",
    "fields": {
      "last_modified": "2013-01-22T22:40:53Z",
      "name": "Published on Stage"
    }
  },
  {
    "pk": 75,
    "model": "articleflow.state",
    "fields": {
      "last_modified": "2013-01-22T22:40:57Z",
      "name": "Published Live"
    }
  },
  {
    "pk": 77,
    "model": "articleflow.state",
    "fields": {
      "last_modified": "2013-01-22T22:41:03Z",
      "name": "Back at CW"
    }
  },
  {
    "pk": 79,
    "model": "articleflow.state",
    "fields": {
      "last_modified": "2013-01-22T22:41:07Z",
      "name": "Back at Merops"
    }
  },
  {
    "pk": 1,
    "model": "articleflow.journal",
    "fields": {
      "last_modified": "2013-01-22T23:03:49Z",
      "short_name": "pone",
      "full_name": "PLOS ONE"
    }
  },
  {
    "pk": 3,
    "model": "articleflow.journal",
    "fields": {
      "last_modified": "2013-01-25T15:59:08Z",
      "short_name": "ppat",
      "full_name": "PLOS Pathogens"
    }
  },
  {
    "pk": 5,
    "model": "articleflow.journal",
    "fields": {
      "last_modified": "2013-01-25T15:59:20Z",
      "short_name": "pgen",
      "full_name": "PLOS Genetics"
    }
  },
  {
    "pk": 7,
    "model": "articleflow.journal",
    "fields": {
      "last_modified": "2013-01-25T15:59:33Z",
      "short_name": "pbio",
      "full_name": "PLOS Biology"
    }
  },
  {
    "pk": 9,
    "model": "articleflow.journal",
    "fields": {
      "last_modified": "2013-01-25T16:08:33Z",
      "short_name": "pntd",
      "full_name": "PLOS Neglected Tropical Diseases"
    }
  },
  {
    "pk": 11,
    "model": "articleflow.journal",
    "fields": {
      "last_modified": "2013-01-25T16:09:36Z",
      "short_name": "pcbi",
      "full_name": "PLOS Computational Biology"
    }
  },
  {
    "pk": 13,
    "model": "articleflow.journal",
    "fields": {
      "last_modified": "2013-01-25T16:09:55Z",
      "short_name": "pmed",
      "full_name": "PLOS Medicine"
    }
  },
  {
    "pk": 1,
    "model": "articleflow.article",
    "fields": {
      "doi": "pone.0000001",
      "pubdate": "2013-01-22",
      "created": "2013-01-22T23:04:20Z",
      "journal": 1,
      "current_articlestate": 17,
      "last_modified": "2013-01-23T00:28:52Z"
    }
  },
  {
    "pk": 45,
    "model": "articleflow.transition",
    "fields": {
      "from_state": 55,
      "name": "Deliver",
      "preference_weight": 100,
      "last_modified": "2013-01-22T22:51:23Z",
      "disallow_open_items": false,
      "to_state": 59
    }
  },
  {
    "pk": 47,
    "model": "articleflow.transition",
    "fields": {
      "from_state": 57,
      "name": "Deliver",
      "preference_weight": 100,
      "last_modified": "2013-01-22T22:51:37Z",
      "disallow_open_items": false,
      "to_state": 59
    }
  },
  {
    "pk": 49,
    "model": "articleflow.transition",
    "fields": {
      "from_state": 59,
      "name": "Ingest",
      "preference_weight": 100,
      "last_modified": "2013-01-22T22:51:51Z",
      "disallow_open_items": false,
      "to_state": 61
    }
  },
  {
    "pk": 51,
    "model": "articleflow.transition",
    "fields": {
      "from_state": 61,
      "name": "Assign to QC (CW)",
      "preference_weight": 100,
      "last_modified": "2013-01-22T22:52:29Z",
      "disallow_open_items": false,
      "to_state": 63
    }
  },
  {
    "pk": 53,
    "model": "articleflow.transition",
    "fields": {
      "from_state": 61,
      "name": "Assign to QC (Merops)",
      "preference_weight": 100,
      "last_modified": "2013-01-22T22:53:02Z",
      "disallow_open_items": false,
      "to_state": 65
    }
  },
  {
    "pk": 55,
    "model": "articleflow.transition",
    "fields": {
      "from_state": 63,
      "name": "Needs Web Corrections (CW)",
      "preference_weight": 50,
      "last_modified": "2013-01-22T22:53:50Z",
      "disallow_open_items": false,
      "to_state": 69
    }
  },
  {
    "pk": 57,
    "model": "articleflow.transition",
    "fields": {
      "from_state": 65,
      "name": "Needs Web Corrections (Merops)",
      "preference_weight": 50,
      "last_modified": "2013-01-22T22:54:15Z",
      "disallow_open_items": false,
      "to_state": 67
    }
  },
  {
    "pk": 59,
    "model": "articleflow.transition",
    "fields": {
      "from_state": 63,
      "name": "Ready to Publish",
      "preference_weight": 100,
      "last_modified": "2013-01-22T22:54:30Z",
      "disallow_open_items": true,
      "to_state": 71
    }
  },
  {
    "pk": 61,
    "model": "articleflow.transition",
    "fields": {
      "from_state": 65,
      "name": "Ready to Publish",
      "preference_weight": 100,
      "last_modified": "2013-01-22T22:54:49Z",
      "disallow_open_items": true,
      "to_state": 71
    }
  },
  {
    "pk": 63,
    "model": "articleflow.transition",
    "fields": {
      "from_state": 63,
      "name": "Send back to CW",
      "preference_weight": 25,
      "last_modified": "2013-01-22T22:55:30Z",
      "disallow_open_items": false,
      "to_state": 77
    }
  },
  {
    "pk": 65,
    "model": "articleflow.transition",
    "fields": {
      "from_state": 65,
      "name": "Send back to Merops",
      "preference_weight": 25,
      "last_modified": "2013-01-22T22:55:47Z",
      "disallow_open_items": false,
      "to_state": 79
    }
  },
  {
    "pk": 67,
    "model": "articleflow.transition",
    "fields": {
      "from_state": 69,
      "name": "Send back to Production",
      "preference_weight": 25,
      "last_modified": "2013-01-22T22:56:36Z",
      "disallow_open_items": false,
      "to_state": 63
    }
  },
  {
    "pk": 69,
    "model": "articleflow.transition",
    "fields": {
      "from_state": 67,
      "name": "Send back to Production",
      "preference_weight": 25,
      "last_modified": "2013-01-22T22:57:08Z",
      "disallow_open_items": false,
      "to_state": 65
    }
  },
  {
    "pk": 71,
    "model": "articleflow.transition",
    "fields": {
      "from_state": 69,
      "name": "Send back to CW",
      "preference_weight": 25,
      "last_modified": "2013-01-22T23:00:15Z",
      "disallow_open_items": false,
      "to_state": 55
    }
  },
  {
    "pk": 73,
    "model": "articleflow.transition",
    "fields": {
      "from_state": 67,
      "name": "Send back to Merops",
      "preference_weight": 25,
      "last_modified": "2013-01-22T23:01:23Z",
      "disallow_open_items": false,
      "to_state": 57
    }
  },
  {
    "pk": 75,
    "model": "articleflow.transition",
    "fields": {
      "from_state": 67,
      "name": "Ready to Publish",
      "preference_weight": 100,
      "last_modified": "2013-01-22T23:02:43Z",
      "disallow_open_items": true,
      "to_state": 71
    }
  },
  {
    "pk": 77,
    "model": "articleflow.transition",
    "fields": {
      "from_state": 69,
      "name": "Ready to Publish",
      "preference_weight": 100,
      "last_modified": "2013-01-22T23:02:38Z",
      "disallow_open_items": true,
      "to_state": 71
    }
  },
  {
    "pk": 79,
    "model": "articleflow.transition",
    "fields": {
      "from_state": 71,
      "name": "Publish on Stage",
      "preference_weight": 100,
      "last_modified": "2013-01-22T23:03:01Z",
      "disallow_open_items": false,
      "to_state": 73
    }
  },
  {
    "pk": 81,
    "model": "articleflow.transition",
    "fields": {
      "from_state": 73,
      "name": "Publish on Live",
      "preference_weight": 100,
      "last_modified": "2013-01-22T23:03:18Z",
      "disallow_open_items": false,
      "to_state": 75
    }
  },
  {
    "pk": 51,
    "model": "auth.permission",
    "fields": {
      "codename": "add_logentry",
      "name": "Can add log entry",
      "content_type": [
        "admin",
        "logentry"
      ]
    }
  },
  {
    "pk": 53,
    "model": "auth.permission",
    "fields": {
      "codename": "change_logentry",
      "name": "Can change log entry",
      "content_type": [
        "admin",
        "logentry"
      ]
    }
  },
  {
    "pk": 55,
    "model": "auth.permission",
    "fields": {
      "codename": "delete_logentry",
      "name": "Can delete log entry",
      "content_type": [
        "admin",
        "logentry"
      ]
    }
  },
  {
    "pk": 75,
    "model": "auth.permission",
    "fields": {
      "codename": "add_article",
      "name": "Can add article",
      "content_type": [
        "articleflow",
        "article"
      ]
    }
  },
  {
    "pk": 77,
    "model": "auth.permission",
    "fields": {
      "codename": "change_article",
      "name": "Can change article",
      "content_type": [
        "articleflow",
        "article"
      ]
    }
  },
  {
    "pk": 79,
    "model": "auth.permission",
    "fields": {
      "codename": "delete_article",
      "name": "Can delete article",
      "content_type": [
        "articleflow",
        "article"
      ]
    }
  },
  {
    "pk": 63,
    "model": "auth.permission",
    "fields": {
      "codename": "add_articlestate",
      "name": "Can add article state",
      "content_type": [
        "articleflow",
        "articlestate"
      ]
    }
  },
  {
    "pk": 65,
    "model": "auth.permission",
    "fields": {
      "codename": "change_articlestate",
      "name": "Can change article state",
      "content_type": [
        "articleflow",
        "articlestate"
      ]
    }
  },
  {
    "pk": 67,
    "model": "auth.permission",
    "fields": {
      "codename": "delete_articlestate",
      "name": "Can delete article state",
      "content_type": [
        "articleflow",
        "articlestate"
      ]
    }
  },
  {
    "pk": 69,
    "model": "auth.permission",
    "fields": {
      "codename": "add_journal",
      "name": "Can add journal",
      "content_type": [
        "articleflow",
        "journal"
      ]
    }
  },
  {
    "pk": 71,
    "model": "auth.permission",
    "fields": {
      "codename": "change_journal",
      "name": "Can change journal",
      "content_type": [
        "articleflow",
        "journal"
      ]
    }
  },
  {
    "pk": 73,
    "model": "auth.permission",
    "fields": {
      "codename": "delete_journal",
      "name": "Can delete journal",
      "content_type": [
        "articleflow",
        "journal"
      ]
    }
  },
  {
    "pk": 57,
    "model": "auth.permission",
    "fields": {
      "codename": "add_state",
      "name": "Can add state",
      "content_type": [
        "articleflow",
        "state"
      ]
    }
  },
  {
    "pk": 59,
    "model": "auth.permission",
    "fields": {
      "codename": "change_state",
      "name": "Can change state",
      "content_type": [
        "articleflow",
        "state"
      ]
    }
  },
  {
    "pk": 61,
    "model": "auth.permission",
    "fields": {
      "codename": "delete_state",
      "name": "Can delete state",
      "content_type": [
        "articleflow",
        "state"
      ]
    }
  },
  {
    "pk": 81,
    "model": "auth.permission",
    "fields": {
      "codename": "add_transition",
      "name": "Can add transition",
      "content_type": [
        "articleflow",
        "transition"
      ]
    }
  },
  {
    "pk": 83,
    "model": "auth.permission",
    "fields": {
      "codename": "change_transition",
      "name": "Can change transition",
      "content_type": [
        "articleflow",
        "transition"
      ]
    }
  },
  {
    "pk": 85,
    "model": "auth.permission",
    "fields": {
      "codename": "delete_transition",
      "name": "Can delete transition",
      "content_type": [
        "articleflow",
        "transition"
      ]
    }
  },
  {
    "pk": 7,
    "model": "auth.permission",
    "fields": {
      "codename": "add_group",
      "name": "Can add group",
      "content_type": [
        "auth",
        "group"
      ]
    }
  },
  {
    "pk": 9,
    "model": "auth.permission",
    "fields": {
      "codename": "change_group",
      "name": "Can change group",
      "content_type": [
        "auth",
        "group"
      ]
    }
  },
  {
    "pk": 11,
    "model": "auth.permission",
    "fields": {
      "codename": "delete_group",
      "name": "Can delete group",
      "content_type": [
        "auth",
        "group"
      ]
    }
  },
  {
    "pk": 1,
    "model": "auth.permission",
    "fields": {
      "codename": "add_permission",
      "name": "Can add permission",
      "content_type": [
        "auth",
        "permission"
      ]
    }
  },
  {
    "pk": 3,
    "model": "auth.permission",
    "fields": {
      "codename": "change_permission",
      "name": "Can change permission",
      "content_type": [
        "auth",
        "permission"
      ]
    }
  },
  {
    "pk": 5,
    "model": "auth.permission",
    "fields": {
      "codename": "delete_permission",
      "name": "Can delete permission",
      "content_type": [
        "auth",
        "permission"
      ]
    }
  },
  {
    "pk": 13,
    "model": "auth.permission",
    "fields": {
      "codename": "add_user",
      "name": "Can add user",
      "content_type": [
        "auth",
        "user"
      ]
    }
  },
  {
    "pk": 15,
    "model": "auth.permission",
    "fields": {
      "codename": "change_user",
      "name": "Can change user",
      "content_type": [
        "auth",
        "user"
      ]
    }
  },
  {
    "pk": 17,
    "model": "auth.permission",
    "fields": {
      "codename": "delete_user",
      "name": "Can delete user",
      "content_type": [
        "auth",
        "user"
      ]
    }
  },
  {
    "pk": 37,
    "model": "auth.permission",
    "fields": {
      "codename": "add_comment",
      "name": "Can add comment",
      "content_type": [
        "comments",
        "comment"
      ]
    }
  },
  {
    "pk": 43,
    "model": "auth.permission",
    "fields": {
      "codename": "can_moderate",
      "name": "Can moderate comments",
      "content_type": [
        "comments",
        "comment"
      ]
    }
  },
  {
    "pk": 39,
    "model": "auth.permission",
    "fields": {
      "codename": "change_comment",
      "name": "Can change comment",
      "content_type": [
        "comments",
        "comment"
      ]
    }
  },
  {
    "pk": 41,
    "model": "auth.permission",
    "fields": {
      "codename": "delete_comment",
      "name": "Can delete comment",
      "content_type": [
        "comments",
        "comment"
      ]
    }
  },
  {
    "pk": 45,
    "model": "auth.permission",
    "fields": {
      "codename": "add_commentflag",
      "name": "Can add comment flag",
      "content_type": [
        "comments",
        "commentflag"
      ]
    }
  },
  {
    "pk": 47,
    "model": "auth.permission",
    "fields": {
      "codename": "change_commentflag",
      "name": "Can change comment flag",
      "content_type": [
        "comments",
        "commentflag"
      ]
    }
  },
  {
    "pk": 49,
    "model": "auth.permission",
    "fields": {
      "codename": "delete_commentflag",
      "name": "Can delete comment flag",
      "content_type": [
        "comments",
        "commentflag"
      ]
    }
  },
  {
    "pk": 19,
    "model": "auth.permission",
    "fields": {
      "codename": "add_contenttype",
      "name": "Can add content type",
      "content_type": [
        "contenttypes",
        "contenttype"
      ]
    }
  },
  {
    "pk": 21,
    "model": "auth.permission",
    "fields": {
      "codename": "change_contenttype",
      "name": "Can change content type",
      "content_type": [
        "contenttypes",
        "contenttype"
      ]
    }
  },
  {
    "pk": 23,
    "model": "auth.permission",
    "fields": {
      "codename": "delete_contenttype",
      "name": "Can delete content type",
      "content_type": [
        "contenttypes",
        "contenttype"
      ]
    }
  },
  {
    "pk": 105,
    "model": "auth.permission",
    "fields": {
      "codename": "add_error",
      "name": "Can add error",
      "content_type": [
        "errors",
        "error"
      ]
    }
  },
  {
    "pk": 107,
    "model": "auth.permission",
    "fields": {
      "codename": "change_error",
      "name": "Can change error",
      "content_type": [
        "errors",
        "error"
      ]
    }
  },
  {
    "pk": 109,
    "model": "auth.permission",
    "fields": {
      "codename": "delete_error",
      "name": "Can delete error",
      "content_type": [
        "errors",
        "error"
      ]
    }
  },
  {
    "pk": 117,
    "model": "auth.permission",
    "fields": {
      "codename": "add_errorset",
      "name": "Can add error set",
      "content_type": [
        "errors",
        "errorset"
      ]
    }
  },
  {
    "pk": 119,
    "model": "auth.permission",
    "fields": {
      "codename": "change_errorset",
      "name": "Can change error set",
      "content_type": [
        "errors",
        "errorset"
      ]
    }
  },
  {
    "pk": 121,
    "model": "auth.permission",
    "fields": {
      "codename": "delete_errorset",
      "name": "Can delete error set",
      "content_type": [
        "errors",
        "errorset"
      ]
    }
  },
  {
    "pk": 111,
    "model": "auth.permission",
    "fields": {
      "codename": "add_errorstatus",
      "name": "Can add error status",
      "content_type": [
        "errors",
        "errorstatus"
      ]
    }
  },
  {
    "pk": 113,
    "model": "auth.permission",
    "fields": {
      "codename": "change_errorstatus",
      "name": "Can change error status",
      "content_type": [
        "errors",
        "errorstatus"
      ]
    }
  },
  {
    "pk": 115,
    "model": "auth.permission",
    "fields": {
      "codename": "delete_errorstatus",
      "name": "Can delete error status",
      "content_type": [
        "errors",
        "errorstatus"
      ]
    }
  },
  {
    "pk": 99,
    "model": "auth.permission",
    "fields": {
      "codename": "add_category",
      "name": "Can add category",
      "content_type": [
        "issues",
        "category"
      ]
    }
  },
  {
    "pk": 101,
    "model": "auth.permission",
    "fields": {
      "codename": "change_category",
      "name": "Can change category",
      "content_type": [
        "issues",
        "category"
      ]
    }
  },
  {
    "pk": 103,
    "model": "auth.permission",
    "fields": {
      "codename": "delete_category",
      "name": "Can delete category",
      "content_type": [
        "issues",
        "category"
      ]
    }
  },
  {
    "pk": 87,
    "model": "auth.permission",
    "fields": {
      "codename": "add_issue",
      "name": "Can add issue",
      "content_type": [
        "issues",
        "issue"
      ]
    }
  },
  {
    "pk": 89,
    "model": "auth.permission",
    "fields": {
      "codename": "change_issue",
      "name": "Can change issue",
      "content_type": [
        "issues",
        "issue"
      ]
    }
  },
  {
    "pk": 91,
    "model": "auth.permission",
    "fields": {
      "codename": "delete_issue",
      "name": "Can delete issue",
      "content_type": [
        "issues",
        "issue"
      ]
    }
  },
  {
    "pk": 93,
    "model": "auth.permission",
    "fields": {
      "codename": "add_issuestatus",
      "name": "Can add issue status",
      "content_type": [
        "issues",
        "issuestatus"
      ]
    }
  },
  {
    "pk": 95,
    "model": "auth.permission",
    "fields": {
      "codename": "change_issuestatus",
      "name": "Can change issue status",
      "content_type": [
        "issues",
        "issuestatus"
      ]
    }
  },
  {
    "pk": 97,
    "model": "auth.permission",
    "fields": {
      "codename": "delete_issuestatus",
      "name": "Can delete issue status",
      "content_type": [
        "issues",
        "issuestatus"
      ]
    }
  },
  {
    "pk": 25,
    "model": "auth.permission",
    "fields": {
      "codename": "add_session",
      "name": "Can add session",
      "content_type": [
        "sessions",
        "session"
      ]
    }
  },
  {
    "pk": 27,
    "model": "auth.permission",
    "fields": {
      "codename": "change_session",
      "name": "Can change session",
      "content_type": [
        "sessions",
        "session"
      ]
    }
  },
  {
    "pk": 29,
    "model": "auth.permission",
    "fields": {
      "codename": "delete_session",
      "name": "Can delete session",
      "content_type": [
        "sessions",
        "session"
      ]
    }
  },
  {
    "pk": 31,
    "model": "auth.permission",
    "fields": {
      "codename": "add_site",
      "name": "Can add site",
      "content_type": [
        "sites",
        "site"
      ]
    }
  },
  {
    "pk": 33,
    "model": "auth.permission",
    "fields": {
      "codename": "change_site",
      "name": "Can change site",
      "content_type": [
        "sites",
        "site"
      ]
    }
  },
  {
    "pk": 35,
    "model": "auth.permission",
    "fields": {
      "codename": "delete_site",
      "name": "Can delete site",
      "content_type": [
        "sites",
        "site"
      ]
    }
  },
  {
    "pk": 1,
    "model": "auth.user",
    "fields": {
      "username": "admin",
      "first_name": "",
      "last_name": "",
      "is_active": true,
      "is_superuser": true,
      "is_staff": true,
      "last_login": "2013-01-25T15:57:43Z",
      "groups": [],
      "user_permissions": [],
      "password": "pbkdf2_sha256$10000$VrZstwkp7Oqw$ICFVKOYRHcVXMjyYziv2ecSHfXKRnJtKzGt7XbD578s=",
      "email": "jlabarba@plos.org",
      "date_joined": "2013-01-25T01:10:19Z"
    }
  },
  {
    "pk": 11,
    "model": "admin.logentry",
    "fields": {
      "action_flag": 1,
      "action_time": "2013-01-25T16:09:55Z",
      "object_repr": "PLOS Medicine",
      "object_id": "13",
      "change_message": "",
      "user": [
        "admin"
      ],
      "content_type": [
        "articleflow",
        "journal"
      ]
    }
  },
  {
    "pk": 9,
    "model": "admin.logentry",
    "fields": {
      "action_flag": 1,
      "action_time": "2013-01-25T16:09:36Z",
      "object_repr": "PLOS Computational Biology",
      "object_id": "11",
      "change_message": "",
      "user": [
        "admin"
      ],
      "content_type": [
        "articleflow",
        "journal"
      ]
    }
  },
  {
    "pk": 7,
    "model": "admin.logentry",
    "fields": {
      "action_flag": 1,
      "action_time": "2013-01-25T16:08:33Z",
      "object_repr": "PLOS Neglected Tropical Diseases",
      "object_id": "9",
      "change_message": "",
      "user": [
        "admin"
      ],
      "content_type": [
        "articleflow",
        "journal"
      ]
    }
  },
  {
    "pk": 5,
    "model": "admin.logentry",
    "fields": {
      "action_flag": 1,
      "action_time": "2013-01-25T15:59:33Z",
      "object_repr": "PLOS Biology",
      "object_id": "7",
      "change_message": "",
      "user": [
        "admin"
      ],
      "content_type": [
        "articleflow",
        "journal"
      ]
    }
  },
  {
    "pk": 3,
    "model": "admin.logentry",
    "fields": {
      "action_flag": 1,
      "action_time": "2013-01-25T15:59:20Z",
      "object_repr": "PLOS Genetics",
      "object_id": "5",
      "change_message": "",
      "user": [
        "admin"
      ],
      "content_type": [
        "articleflow",
        "journal"
      ]
    }
  },
  {
    "pk": 1,
    "model": "admin.logentry",
    "fields": {
      "action_flag": 1,
      "action_time": "2013-01-25T15:59:08Z",
      "object_repr": "PLOS Pathogens",
      "object_id": "3",
      "change_message": "",
      "user": [
        "admin"
      ],
      "content_type": [
        "articleflow",
        "journal"
      ]
    }
  },
  {
    "pk": 1,
    "model": "articleflow.articlestate",
    "fields": {
      "from_transition_user": null,
      "from_transition": null,
      "created": "2013-01-22T23:04:34Z",
      "state": 55,
      "last_modified": "2013-01-22T23:04:34Z",
      "article": 1
    }
  },
  {
    "pk": 3,
    "model": "articleflow.articlestate",
    "fields": {
      "from_transition_user": [
        "admin"
      ],
      "from_transition": 45,
      "created": "2013-01-23T00:28:19Z",
      "state": 59,
      "last_modified": "2013-01-23T00:28:19Z",
      "article": 1
    }
  },
  {
    "pk": 5,
    "model": "articleflow.articlestate",
    "fields": {
      "from_transition_user": [
        "admin"
      ],
      "from_transition": 49,
      "created": "2013-01-23T00:28:23Z",
      "state": 61,
      "last_modified": "2013-01-23T00:28:23Z",
      "article": 1
    }
  },
  {
    "pk": 7,
    "model": "articleflow.articlestate",
    "fields": {
      "from_transition_user": [
        "admin"
      ],
      "from_transition": 53,
      "created": "2013-01-23T00:28:26Z",
      "state": 65,
      "last_modified": "2013-01-23T00:28:26Z",
      "article": 1
    }
  },
  {
    "pk": 9,
    "model": "articleflow.articlestate",
    "fields": {
      "from_transition_user": [
        "admin"
      ],
      "from_transition": 57,
      "created": "2013-01-23T00:28:45Z",
      "state": 67,
      "last_modified": "2013-01-23T00:28:45Z",
      "article": 1
    }
  },
  {
    "pk": 11,
    "model": "articleflow.articlestate",
    "fields": {
      "from_transition_user": [
        "admin"
      ],
      "from_transition": 73,
      "created": "2013-01-23T00:28:48Z",
      "state": 57,
      "last_modified": "2013-01-23T00:28:48Z",
      "article": 1
    }
  },
  {
    "pk": 13,
    "model": "articleflow.articlestate",
    "fields": {
      "from_transition_user": [
        "admin"
      ],
      "from_transition": 47,
      "created": "2013-01-23T00:28:50Z",
      "state": 59,
      "last_modified": "2013-01-23T00:28:50Z",
      "article": 1
    }
  },
  {
    "pk": 15,
    "model": "articleflow.articlestate",
    "fields": {
      "from_transition_user": [
        "admin"
      ],
      "from_transition": 49,
      "created": "2013-01-23T00:28:51Z",
      "state": 61,
      "last_modified": "2013-01-23T00:28:51Z",
      "article": 1
    }
  },
  {
    "pk": 17,
    "model": "articleflow.articlestate",
    "fields": {
      "from_transition_user": [
        "admin"
      ],
      "from_transition": 53,
      "created": "2013-01-23T00:28:52Z",
      "state": 65,
      "last_modified": "2013-01-23T00:28:52Z",
      "article": 1
    }
  }
]