[{"pk": 29, "model": "contenttypes.contenttype", "fields": {"model": "article", "name": "article", "app_label": "articleflow"}}, {"pk": 31, "model": "contenttypes.contenttype", "fields": {"model": "articleextras", "name": "article extras", "app_label": "articleflow"}}, {"pk": 27, "model": "contenttypes.contenttype", "fields": {"model": "articlestate", "name": "article state", "app_label": "articleflow"}}, {"pk": 13, "model": "contenttypes.contenttype", "fields": {"model": "category", "name": "category", "app_label": "issues"}}, {"pk": 7, "model": "contenttypes.contenttype", "fields": {"model": "comment", "name": "comment", "app_label": "comments"}}, {"pk": 8, "model": "contenttypes.contenttype", "fields": {"model": "commentflag", "name": "comment flag", "app_label": "comments"}}, {"pk": 4, "model": "contenttypes.contenttype", "fields": {"model": "contenttype", "name": "content type", "app_label": "contenttypes"}}, {"pk": 14, "model": "contenttypes.contenttype", "fields": {"model": "error", "name": "error", "app_label": "errors"}}, {"pk": 16, "model": "contenttypes.contenttype", "fields": {"model": "errorset", "name": "error set", "app_label": "errors"}}, {"pk": 15, "model": "contenttypes.contenttype", "fields": {"model": "errorstatus", "name": "error status", "app_label": "errors"}}, {"pk": 2, "model": "contenttypes.contenttype", "fields": {"model": "group", "name": "group", "app_label": "auth"}}, {"pk": 11, "model": "contenttypes.contenttype", "fields": {"model": "issue", "name": "issue", "app_label": "issues"}}, {"pk": 12, "model": "contenttypes.contenttype", "fields": {"model": "issuestatus", "name": "issue status", "app_label": "issues"}}, {"pk": 28, "model": "contenttypes.contenttype", "fields": {"model": "journal", "name": "journal", "app_label": "articleflow"}}, {"pk": 9, "model": "contenttypes.contenttype", "fields": {"model": "logentry", "name": "log entry", "app_label": "admin"}}, {"pk": 10, "model": "contenttypes.contenttype", "fields": {"model": "migrationhistory", "name": "migration history", "app_label": "south"}}, {"pk": 1, "model": "contenttypes.contenttype", "fields": {"model": "permission", "name": "permission", "app_label": "auth"}}, {"pk": 5, "model": "contenttypes.contenttype", "fields": {"model": "session", "name": "session", "app_label": "sessions"}}, {"pk": 6, "model": "contenttypes.contenttype", "fields": {"model": "site", "name": "site", "app_label": "sites"}}, {"pk": 26, "model": "contenttypes.contenttype", "fields": {"model": "state", "name": "state", "app_label": "articleflow"}}, {"pk": 30, "model": "contenttypes.contenttype", "fields": {"model": "transition", "name": "transition", "app_label": "articleflow"}}, {"pk": 3, "model": "contenttypes.contenttype", "fields": {"model": "user", "name": "user", "app_label": "auth"}}, {"pk": "1d4ee64521677e5c98096885ac132ab4", "model": "sessions.session", "fields": {"expire_date": "2013-02-19T21:37:18Z", "session_data": "YTRkMmYyYjIwZWI5OWY5ZDNmMGE3ODE5MmM5ZDNhYmI0MzY4ZGZmMDqAAn1xAShVCV9tZXNzYWdl\nc3ECXXEDY2RqYW5nby5jb250cmliLm1lc3NhZ2VzLnN0b3JhZ2UuYmFzZQpNZXNzYWdlCnEEKYFx\nBX1xBihVCmV4dHJhX3RhZ3NxB1gAAAAAVQdtZXNzYWdlcQhYMgAAAFRoZSBhcnRpY2xlICJwYmlv\nLjAwMDAwMDEiIHdhcyBhZGRlZCBzdWNjZXNzZnVsbHkuVQVsZXZlbHEJSxR1YmFVDV9hdXRoX3Vz\nZXJfaWSKAQFVEl9hdXRoX3VzZXJfYmFja2VuZFUpZGphbmdvLmNvbnRyaWIuYXV0aC5iYWNrZW5k\ncy5Nb2RlbEJhY2tlbmR1Lg==\n"}}, {"pk": "4df5cb0f66c7a123dd18a342aa0607d0", "model": "sessions.session", "fields": {"expire_date": "2013-02-14T22:39:35Z", "session_data": "MDYzN2VkYjg0MmVlODAzYWE1OThiYjU1NTEzYTYxOWI3MGI5YmE5ZjqAAn1xAShVEl9hdXRoX3Vz\nZXJfYmFja2VuZHECVSRkamFuZ29fYXV0aF9sZGFwLmJhY2tlbmQuTERBUEJhY2tlbmRxA1UNX2F1\ndGhfdXNlcl9pZHEEigEDdS4=\n"}}, {"pk": 1, "model": "sites.site", "fields": {"domain": "example.com", "name": "example.com"}}, {"pk": 1, "model": "south.migrationhistory", "fields": {"applied": "2013-01-28T18:06:15Z", "app_name": "articleflow", "migration": "0001_initial"}}, {"pk": 2, "model": "south.migrationhistory", "fields": {"applied": "2013-01-28T18:06:16Z", "app_name": "articleflow", "migration": "0002_auto__add_unique_article_doi"}}, {"pk": 3, "model": "south.migrationhistory", "fields": {"applied": "2013-02-04T17:42:29Z", "app_name": "articleflow", "migration": "0003_auto__add_articleextras"}}, {"pk": 4, "model": "south.migrationhistory", "fields": {"applied": "2013-02-04T17:52:51Z", "app_name": "articleflow", "migration": "0004_auto__del_field_articleextras_current_articlestate__add_field_articlee"}}, {"pk": 5, "model": "south.migrationhistory", "fields": {"applied": "2013-02-04T18:59:08Z", "app_name": "articleflow", "migration": "0005_auto__add_field_article_current_state"}}, {"pk": 6, "model": "south.migrationhistory", "fields": {"applied": "2013-02-05T16:56:08Z", "app_name": "articleflow", "migration": "0006_auto__add_field_article_article_extras"}}, {"pk": 7, "model": "south.migrationhistory", "fields": {"applied": "2013-02-06T01:13:49Z", "app_name": "articleflow", "migration": "0007_auto__add_field_articleextras_num_issues_total__add_field_articleextra"}}, {"pk": 55, "model": "articleflow.state", "fields": {"last_modified": "2013-01-22T22:36:39Z", "name": "At CW"}}, {"pk": 57, "model": "articleflow.state", "fields": {"last_modified": "2013-01-22T22:36:53Z", "name": "At Merops"}}, {"pk": 59, "model": "articleflow.state", "fields": {"last_modified": "2013-01-22T22:37:01Z", "name": "Delivered"}}, {"pk": 61, "model": "articleflow.state", "fields": {"last_modified": "2013-01-22T22:37:10Z", "name": "Ingested"}}, {"pk": 63, "model": "articleflow.state", "fields": {"last_modified": "2013-01-22T22:37:18Z", "name": "Ready for QC (CW)"}}, {"pk": 65, "model": "articleflow.state", "fields": {"last_modified": "2013-01-22T22:37:25Z", "name": "Ready for QC (Merops)"}}, {"pk": 67, "model": "articleflow.state", "fields": {"last_modified": "2013-01-22T22:37:36Z", "name": "Needs Web Corrections (Merops)"}}, {"pk": 69, "model": "articleflow.state", "fields": {"last_modified": "2013-01-22T22:40:42Z", "name": "Needs Web Corrections (CW)"}}, {"pk": 71, "model": "articleflow.state", "fields": {"last_modified": "2013-01-22T22:40:48Z", "name": "Ready to Publish"}}, {"pk": 73, "model": "articleflow.state", "fields": {"last_modified": "2013-01-22T22:40:53Z", "name": "Published on Stage"}}, {"pk": 75, "model": "articleflow.state", "fields": {"last_modified": "2013-01-22T22:40:57Z", "name": "Published Live"}}, {"pk": 77, "model": "articleflow.state", "fields": {"last_modified": "2013-01-22T22:41:03Z", "name": "Back at CW"}}, {"pk": 79, "model": "articleflow.state", "fields": {"last_modified": "2013-01-22T22:41:07Z", "name": "Back at Merops"}}, {"pk": 84, "model": "articleflow.state", "fields": {"last_modified": "2013-02-04T19:33:25Z", "name": "New"}}, {"pk": 1, "model": "articleflow.journal", "fields": {"last_modified": "2013-01-22T23:03:49Z", "short_name": "pone", "full_name": "PLOS ONE"}}, {"pk": 3, "model": "articleflow.journal", "fields": {"last_modified": "2013-01-25T15:59:08Z", "short_name": "ppat", "full_name": "PLOS Pathogens"}}, {"pk": 5, "model": "articleflow.journal", "fields": {"last_modified": "2013-01-25T15:59:20Z", "short_name": "pgen", "full_name": "PLOS Genetics"}}, {"pk": 7, "model": "articleflow.journal", "fields": {"last_modified": "2013-01-25T15:59:33Z", "short_name": "pbio", "full_name": "PLOS Biology"}}, {"pk": 9, "model": "articleflow.journal", "fields": {"last_modified": "2013-01-25T16:08:33Z", "short_name": "pntd", "full_name": "PLOS Neglected Tropical Diseases"}}, {"pk": 11, "model": "articleflow.journal", "fields": {"last_modified": "2013-01-25T16:09:36Z", "short_name": "pcbi", "full_name": "PLOS Computational Biology"}}, {"pk": 13, "model": "articleflow.journal", "fields": {"last_modified": "2013-01-25T16:09:55Z", "short_name": "pmed", "full_name": "PLOS Medicine"}}, {"pk": 1, "model": "articleflow.article", "fields": {"doi": "pone.0000001", "pubdate": "2013-01-22", "current_articlestate": 23, "journal": 1, "created": "2013-01-22T23:04:20Z", "current_state": 55, "last_modified": "2013-02-05T18:21:26Z", "article_extras": 2}}, {"pk": 2, "model": "articleflow.article", "fields": {"doi": "pone.0000002", "pubdate": "2013-01-30", "current_articlestate": 24, "journal": 1, "created": "2013-01-30T21:21:29Z", "current_state": 57, "last_modified": "2013-02-05T18:21:06Z", "article_extras": 13}}, {"pk": 3, "model": "articleflow.article", "fields": {"doi": "pone.0000003", "pubdate": "2013-01-30", "current_articlestate": 25, "journal": 1, "created": "2013-01-30T21:21:40Z", "current_state": 55, "last_modified": "2013-02-05T18:21:11Z", "article_extras": 14}}, {"pk": 4, "model": "articleflow.article", "fields": {"doi": "pone.0000004", "pubdate": "2013-02-04", "current_articlestate": 26, "journal": 1, "created": "2013-02-04T18:12:18Z", "current_state": 57, "last_modified": "2013-02-05T18:19:32Z", "article_extras": 3}}, {"pk": 12, "model": "articleflow.article", "fields": {"doi": "pone.0000005", "pubdate": "2013-02-04", "current_articlestate": 22, "journal": 1, "created": "2013-02-04T19:33:25Z", "current_state": 84, "last_modified": "2013-02-05T18:19:28Z", "article_extras": 11}}, {"pk": 14, "model": "articleflow.article", "fields": {"doi": "pone.0000006", "pubdate": "2013-02-05", "current_articlestate": 27, "journal": 1, "created": "2013-02-05T18:06:03Z", "current_state": 84, "last_modified": "2013-02-05T18:06:03Z", "article_extras": 12}}, {"pk": 15, "model": "articleflow.article", "fields": {"doi": "pbio.0000001", "pubdate": "2013-02-05", "current_articlestate": 28, "journal": 7, "created": "2013-02-05T21:37:18Z", "current_state": 84, "last_modified": "2013-02-05T21:37:18Z", "article_extras": 15}}, {"pk": 1, "model": "articleflow.articleextras", "fields": {"num_errors": 0, "num_errors_total": 0, "num_issues_xmlpdf": 0, "num_warnings": 0, "num_issues_si": 0, "num_issues_xml": 0, "num_issues_pdf": 0, "article": 0, "num_issues_total": 0}}, {"pk": 2, "model": "articleflow.articleextras", "fields": {"num_errors": 0, "num_errors_total": 0, "num_issues_xmlpdf": 1, "num_warnings": 0, "num_issues_si": 1, "num_issues_xml": 2, "num_issues_pdf": 1, "article": 1, "num_issues_total": 0}}, {"pk": 3, "model": "articleflow.articleextras", "fields": {"num_errors": 0, "num_errors_total": 0, "num_issues_xmlpdf": 0, "num_warnings": 1, "num_issues_si": 0, "num_issues_xml": 1, "num_issues_pdf": 0, "article": 4, "num_issues_total": 0}}, {"pk": 11, "model": "articleflow.articleextras", "fields": {"num_errors": 0, "num_errors_total": 0, "num_issues_xmlpdf": 1, "num_warnings": 0, "num_issues_si": 0, "num_issues_xml": 0, "num_issues_pdf": 0, "article": 12, "num_issues_total": 0}}, {"pk": 12, "model": "articleflow.articleextras", "fields": {"num_errors": 0, "num_errors_total": 0, "num_issues_xmlpdf": 0, "num_warnings": 0, "num_issues_si": 1, "num_issues_xml": 0, "num_issues_pdf": 0, "article": 14, "num_issues_total": 0}}, {"pk": 13, "model": "articleflow.articleextras", "fields": {"num_errors": 0, "num_errors_total": 0, "num_issues_xmlpdf": 1, "num_warnings": 0, "num_issues_si": 0, "num_issues_xml": 0, "num_issues_pdf": 0, "article": 2, "num_issues_total": 0}}, {"pk": 14, "model": "articleflow.articleextras", "fields": {"num_errors": 0, "num_errors_total": 0, "num_issues_xmlpdf": 0, "num_warnings": 0, "num_issues_si": 0, "num_issues_xml": 1, "num_issues_pdf": 1, "article": 3, "num_issues_total": 1}}, {"pk": 15, "model": "articleflow.articleextras", "fields": {"num_errors": 0, "num_errors_total": 0, "num_issues_xmlpdf": 0, "num_warnings": 0, "num_issues_si": 0, "num_issues_xml": 0, "num_issues_pdf": 0, "article": 15, "num_issues_total": 0}}, {"pk": 45, "model": "articleflow.transition", "fields": {"from_state": 55, "name": "Deliver", "preference_weight": 100, "last_modified": "2013-01-22T22:51:23Z", "disallow_open_items": false, "to_state": 59}}, {"pk": 47, "model": "articleflow.transition", "fields": {"from_state": 57, "name": "Deliver", "preference_weight": 100, "last_modified": "2013-01-22T22:51:37Z", "disallow_open_items": false, "to_state": 59}}, {"pk": 49, "model": "articleflow.transition", "fields": {"from_state": 59, "name": "Ingest", "preference_weight": 100, "last_modified": "2013-01-22T22:51:51Z", "disallow_open_items": false, "to_state": 61}}, {"pk": 51, "model": "articleflow.transition", "fields": {"from_state": 61, "name": "Assign to QC (CW)", "preference_weight": 100, "last_modified": "2013-01-22T22:52:29Z", "disallow_open_items": false, "to_state": 63}}, {"pk": 53, "model": "articleflow.transition", "fields": {"from_state": 61, "name": "Assign to QC (Merops)", "preference_weight": 100, "last_modified": "2013-01-22T22:53:02Z", "disallow_open_items": false, "to_state": 65}}, {"pk": 55, "model": "articleflow.transition", "fields": {"from_state": 63, "name": "Needs Web Corrections (CW)", "preference_weight": 50, "last_modified": "2013-01-22T22:53:50Z", "disallow_open_items": false, "to_state": 69}}, {"pk": 57, "model": "articleflow.transition", "fields": {"from_state": 65, "name": "Needs Web Corrections (Merops)", "preference_weight": 50, "last_modified": "2013-01-22T22:54:15Z", "disallow_open_items": false, "to_state": 67}}, {"pk": 59, "model": "articleflow.transition", "fields": {"from_state": 63, "name": "Ready to Publish", "preference_weight": 100, "last_modified": "2013-01-22T22:54:30Z", "disallow_open_items": true, "to_state": 71}}, {"pk": 61, "model": "articleflow.transition", "fields": {"from_state": 65, "name": "Ready to Publish", "preference_weight": 100, "last_modified": "2013-01-22T22:54:49Z", "disallow_open_items": true, "to_state": 71}}, {"pk": 63, "model": "articleflow.transition", "fields": {"from_state": 63, "name": "Send back to CW", "preference_weight": 25, "last_modified": "2013-01-22T22:55:30Z", "disallow_open_items": false, "to_state": 77}}, {"pk": 65, "model": "articleflow.transition", "fields": {"from_state": 65, "name": "Send back to Merops", "preference_weight": 25, "last_modified": "2013-01-22T22:55:47Z", "disallow_open_items": false, "to_state": 79}}, {"pk": 67, "model": "articleflow.transition", "fields": {"from_state": 69, "name": "Send back to Production", "preference_weight": 25, "last_modified": "2013-01-22T22:56:36Z", "disallow_open_items": false, "to_state": 63}}, {"pk": 69, "model": "articleflow.transition", "fields": {"from_state": 67, "name": "Send back to Production", "preference_weight": 25, "last_modified": "2013-01-22T22:57:08Z", "disallow_open_items": false, "to_state": 65}}, {"pk": 71, "model": "articleflow.transition", "fields": {"from_state": 69, "name": "Send back to CW", "preference_weight": 25, "last_modified": "2013-01-22T23:00:15Z", "disallow_open_items": false, "to_state": 55}}, {"pk": 73, "model": "articleflow.transition", "fields": {"from_state": 67, "name": "Send back to Merops", "preference_weight": 25, "last_modified": "2013-01-22T23:01:23Z", "disallow_open_items": false, "to_state": 57}}, {"pk": 75, "model": "articleflow.transition", "fields": {"from_state": 67, "name": "Ready to Publish", "preference_weight": 100, "last_modified": "2013-01-22T23:02:43Z", "disallow_open_items": true, "to_state": 71}}, {"pk": 77, "model": "articleflow.transition", "fields": {"from_state": 69, "name": "Ready to Publish", "preference_weight": 100, "last_modified": "2013-01-22T23:02:38Z", "disallow_open_items": true, "to_state": 71}}, {"pk": 79, "model": "articleflow.transition", "fields": {"from_state": 71, "name": "Publish on Stage", "preference_weight": 100, "last_modified": "2013-01-22T23:03:01Z", "disallow_open_items": false, "to_state": 73}}, {"pk": 81, "model": "articleflow.transition", "fields": {"from_state": 73, "name": "Publish on Live", "preference_weight": 100, "last_modified": "2013-01-22T23:03:18Z", "disallow_open_items": false, "to_state": 75}}, {"pk": 1, "model": "issues.issuestatus", "fields": {"status": 1, "last_modified": "2013-01-29T00:27:56Z", "issue": 1, "created": "2013-01-29T00:27:56Z"}}, {"pk": 2, "model": "issues.issuestatus", "fields": {"status": 1, "last_modified": "2013-01-29T00:28:21Z", "issue": 2, "created": "2013-01-29T00:28:21Z"}}, {"pk": 3, "model": "issues.issuestatus", "fields": {"status": 1, "last_modified": "2013-01-29T17:24:12Z", "issue": 3, "created": "2013-01-29T17:24:12Z"}}, {"pk": 4, "model": "issues.issuestatus", "fields": {"status": 1, "last_modified": "2013-01-29T17:24:23Z", "issue": 4, "created": "2013-01-29T17:24:23Z"}}, {"pk": 5, "model": "issues.issuestatus", "fields": {"status": 1, "last_modified": "2013-01-29T17:24:29Z", "issue": 5, "created": "2013-01-29T17:24:29Z"}}, {"pk": 6, "model": "issues.issuestatus", "fields": {"status": 2, "last_modified": "2013-01-31T19:48:55Z", "issue": 1, "created": "2013-01-31T19:48:55Z"}}, {"pk": 7, "model": "issues.issuestatus", "fields": {"status": 1, "last_modified": "2013-02-04T17:43:08Z", "issue": 6, "created": "2013-02-04T17:43:08Z"}}, {"pk": 8, "model": "issues.issuestatus", "fields": {"status": 1, "last_modified": "2013-02-04T17:53:54Z", "issue": 7, "created": "2013-02-04T17:53:54Z"}}, {"pk": 9, "model": "issues.issuestatus", "fields": {"status": 1, "last_modified": "2013-02-04T17:54:14Z", "issue": 8, "created": "2013-02-04T17:54:14Z"}}, {"pk": 10, "model": "issues.issuestatus", "fields": {"status": 1, "last_modified": "2013-02-04T17:55:01Z", "issue": 9, "created": "2013-02-04T17:55:01Z"}}, {"pk": 11, "model": "issues.issuestatus", "fields": {"status": 1, "last_modified": "2013-02-04T17:56:38Z", "issue": 10, "created": "2013-02-04T17:56:38Z"}}, {"pk": 12, "model": "issues.issuestatus", "fields": {"status": 1, "last_modified": "2013-02-04T17:57:04Z", "issue": 11, "created": "2013-02-04T17:57:04Z"}}, {"pk": 13, "model": "issues.issuestatus", "fields": {"status": 1, "last_modified": "2013-02-04T17:57:23Z", "issue": 12, "created": "2013-02-04T17:57:23Z"}}, {"pk": 14, "model": "issues.issuestatus", "fields": {"status": 1, "last_modified": "2013-02-04T17:57:31Z", "issue": 13, "created": "2013-02-04T17:57:31Z"}}, {"pk": 15, "model": "issues.issuestatus", "fields": {"status": 1, "last_modified": "2013-02-04T17:57:37Z", "issue": 14, "created": "2013-02-04T17:57:37Z"}}, {"pk": 16, "model": "issues.issuestatus", "fields": {"status": 1, "last_modified": "2013-02-04T17:57:48Z", "issue": 15, "created": "2013-02-04T17:57:48Z"}}, {"pk": 19, "model": "issues.issuestatus", "fields": {"status": 1, "last_modified": "2013-02-05T18:31:49Z", "issue": 18, "created": "2013-02-05T18:31:49Z"}}, {"pk": 20, "model": "issues.issuestatus", "fields": {"status": 1, "last_modified": "2013-02-05T18:32:58Z", "issue": 19, "created": "2013-02-05T18:32:58Z"}}, {"pk": 21, "model": "issues.issuestatus", "fields": {"status": 1, "last_modified": "2013-02-05T18:33:32Z", "issue": 20, "created": "2013-02-05T18:33:32Z"}}, {"pk": 22, "model": "issues.issuestatus", "fields": {"status": 1, "last_modified": "2013-02-05T18:34:23Z", "issue": 21, "created": "2013-02-05T18:34:23Z"}}, {"pk": 23, "model": "issues.issuestatus", "fields": {"status": 1, "last_modified": "2013-02-05T18:34:41Z", "issue": 22, "created": "2013-02-05T18:34:41Z"}}, {"pk": 24, "model": "issues.issuestatus", "fields": {"status": 1, "last_modified": "2013-02-06T01:14:31Z", "issue": 23, "created": "2013-02-06T01:14:31Z"}}, {"pk": 1, "model": "issues.category", "fields": {"last_modified": "2013-01-29T00:27:24Z", "name": "XML", "created": "2013-01-29T00:27:24Z"}}, {"pk": 2, "model": "issues.category", "fields": {"last_modified": "2013-01-29T00:27:27Z", "name": "PDF", "created": "2013-01-29T00:27:27Z"}}, {"pk": 3, "model": "issues.category", "fields": {"last_modified": "2013-01-29T00:27:32Z", "name": "XML+PDF", "created": "2013-01-29T00:27:32Z"}}, {"pk": 4, "model": "issues.category", "fields": {"last_modified": "2013-01-29T00:27:39Z", "name": "SI", "created": "2013-01-29T00:27:39Z"}}, {"pk": 1, "model": "errors.error", "fields": {"old_error": null, "created": "2013-01-29T23:13:26Z", "error_set": 1, "level": 1, "current_status": 1, "last_modified": "2013-01-29T23:13:26Z", "message": "Invalid external link href"}}, {"pk": 2, "model": "errors.error", "fields": {"old_error": null, "created": "2013-01-29T23:13:33Z", "error_set": 1, "level": 2, "current_status": 2, "last_modified": "2013-01-29T23:13:33Z", "message": "Something's broken"}}, {"pk": 4, "model": "errors.error", "fields": {"old_error": null, "created": "2013-02-04T18:32:32Z", "error_set": 3, "level": 1, "current_status": 4, "last_modified": "2013-02-04T18:32:32Z", "message": "an error"}}, {"pk": 5, "model": "errors.error", "fields": {"old_error": null, "created": "2013-02-04T18:32:47Z", "error_set": 3, "level": 1, "current_status": 5, "last_modified": "2013-02-04T18:32:47Z", "message": "Something's broken"}}, {"pk": 7, "model": "errors.error", "fields": {"old_error": null, "created": "2013-02-04T18:33:42Z", "error_set": 3, "level": 2, "current_status": 7, "last_modified": "2013-02-04T18:33:42Z", "message": "a warning"}}, {"pk": 11, "model": "errors.error", "fields": {"old_error": null, "created": "2013-02-04T18:50:32Z", "error_set": 4, "level": 2, "current_status": 11, "last_modified": "2013-02-04T18:50:32Z", "message": "aoeuaoeu"}}, {"pk": 12, "model": "errors.error", "fields": {"old_error": null, "created": "2013-02-04T18:50:51Z", "error_set": 4, "level": 2, "current_status": 12, "last_modified": "2013-02-04T18:50:51Z", "message": "aoeuaoeu"}}, {"pk": 13, "model": "errors.error", "fields": {"old_error": null, "created": "2013-02-04T18:51:00Z", "error_set": 3, "level": 2, "current_status": 13, "last_modified": "2013-02-04T18:51:00Z", "message": "aoeuaoeu"}}, {"pk": 14, "model": "errors.error", "fields": {"old_error": null, "created": "2013-02-04T18:51:11Z", "error_set": 4, "level": 1, "current_status": 14, "last_modified": "2013-02-04T18:51:11Z", "message": "aoeuaoeu"}}, {"pk": 16, "model": "errors.error", "fields": {"old_error": null, "created": "2013-02-05T18:28:56Z", "error_set": 7, "level": 2, "current_status": 16, "last_modified": "2013-02-05T18:28:56Z", "message": "a warning"}}, {"pk": 1, "model": "errors.errorstatus", "fields": {"state": 1, "created": "2013-01-29T23:13:26Z", "last_modified": "2013-01-29T23:13:26Z", "error": 1}}, {"pk": 2, "model": "errors.errorstatus", "fields": {"state": 1, "created": "2013-01-29T23:13:33Z", "last_modified": "2013-01-29T23:13:33Z", "error": 2}}, {"pk": 4, "model": "errors.errorstatus", "fields": {"state": 1, "created": "2013-02-04T18:32:32Z", "last_modified": "2013-02-04T18:32:32Z", "error": 4}}, {"pk": 5, "model": "errors.errorstatus", "fields": {"state": 1, "created": "2013-02-04T18:32:47Z", "last_modified": "2013-02-04T18:32:47Z", "error": 5}}, {"pk": 7, "model": "errors.errorstatus", "fields": {"state": 1, "created": "2013-02-04T18:33:42Z", "last_modified": "2013-02-04T18:33:42Z", "error": 7}}, {"pk": 11, "model": "errors.errorstatus", "fields": {"state": 1, "created": "2013-02-04T18:50:32Z", "last_modified": "2013-02-04T18:50:32Z", "error": 11}}, {"pk": 12, "model": "errors.errorstatus", "fields": {"state": 1, "created": "2013-02-04T18:50:51Z", "last_modified": "2013-02-04T18:50:51Z", "error": 12}}, {"pk": 13, "model": "errors.errorstatus", "fields": {"state": 1, "created": "2013-02-04T18:51:00Z", "last_modified": "2013-02-04T18:51:00Z", "error": 13}}, {"pk": 14, "model": "errors.errorstatus", "fields": {"state": 1, "created": "2013-02-04T18:51:11Z", "last_modified": "2013-02-04T18:51:11Z", "error": 14}}, {"pk": 16, "model": "errors.errorstatus", "fields": {"state": 1, "created": "2013-02-05T18:28:56Z", "last_modified": "2013-02-05T18:28:56Z", "error": 16}}, {"pk": 1, "model": "errors.errorset", "fields": {"source": 1, "created": "2013-01-29T23:13:07Z", "last_modified": "2013-01-29T23:13:07Z", "article": 1}}, {"pk": 3, "model": "errors.errorset", "fields": {"source": 1, "created": "2013-02-04T18:30:39Z", "last_modified": "2013-02-04T18:30:39Z", "article": 4}}, {"pk": 4, "model": "errors.errorset", "fields": {"source": 1, "created": "2013-02-04T18:39:32Z", "last_modified": "2013-02-04T18:39:32Z", "article": 4}}, {"pk": 7, "model": "errors.errorset", "fields": {"source": 1, "created": "2013-02-05T18:25:55Z", "last_modified": "2013-02-05T18:25:55Z", "article": 4}}, {"pk": 26, "model": "auth.permission", "fields": {"codename": "add_logentry", "name": "Can add log entry", "content_type": ["admin", "logentry"]}}, {"pk": 27, "model": "auth.permission", "fields": {"codename": "change_logentry", "name": "Can change log entry", "content_type": ["admin", "logentry"]}}, {"pk": 28, "model": "auth.permission", "fields": {"codename": "delete_logentry", "name": "Can delete log entry", "content_type": ["admin", "logentry"]}}, {"pk": 59, "model": "auth.permission", "fields": {"codename": "add_article", "name": "Can add article", "content_type": ["articleflow", "article"]}}, {"pk": 60, "model": "auth.permission", "fields": {"codename": "change_article", "name": "Can change article", "content_type": ["articleflow", "article"]}}, {"pk": 61, "model": "auth.permission", "fields": {"codename": "delete_article", "name": "Can delete article", "content_type": ["articleflow", "article"]}}, {"pk": 65, "model": "auth.permission", "fields": {"codename": "add_articleextras", "name": "Can add article extras", "content_type": ["articleflow", "articleextras"]}}, {"pk": 66, "model": "auth.permission", "fields": {"codename": "change_articleextras", "name": "Can change article extras", "content_type": ["articleflow", "articleextras"]}}, {"pk": 67, "model": "auth.permission", "fields": {"codename": "delete_articleextras", "name": "Can delete article extras", "content_type": ["articleflow", "articleextras"]}}, {"pk": 53, "model": "auth.permission", "fields": {"codename": "add_articlestate", "name": "Can add article state", "content_type": ["articleflow", "articlestate"]}}, {"pk": 54, "model": "auth.permission", "fields": {"codename": "change_articlestate", "name": "Can change article state", "content_type": ["articleflow", "articlestate"]}}, {"pk": 55, "model": "auth.permission", "fields": {"codename": "delete_articlestate", "name": "Can delete article state", "content_type": ["articleflow", "articlestate"]}}, {"pk": 56, "model": "auth.permission", "fields": {"codename": "add_journal", "name": "Can add journal", "content_type": ["articleflow", "journal"]}}, {"pk": 57, "model": "auth.permission", "fields": {"codename": "change_journal", "name": "Can change journal", "content_type": ["articleflow", "journal"]}}, {"pk": 58, "model": "auth.permission", "fields": {"codename": "delete_journal", "name": "Can delete journal", "content_type": ["articleflow", "journal"]}}, {"pk": 50, "model": "auth.permission", "fields": {"codename": "add_state", "name": "Can add state", "content_type": ["articleflow", "state"]}}, {"pk": 51, "model": "auth.permission", "fields": {"codename": "change_state", "name": "Can change state", "content_type": ["articleflow", "state"]}}, {"pk": 52, "model": "auth.permission", "fields": {"codename": "delete_state", "name": "Can delete state", "content_type": ["articleflow", "state"]}}, {"pk": 62, "model": "auth.permission", "fields": {"codename": "add_transition", "name": "Can add transition", "content_type": ["articleflow", "transition"]}}, {"pk": 63, "model": "auth.permission", "fields": {"codename": "change_transition", "name": "Can change transition", "content_type": ["articleflow", "transition"]}}, {"pk": 64, "model": "auth.permission", "fields": {"codename": "delete_transition", "name": "Can delete transition", "content_type": ["articleflow", "transition"]}}, {"pk": 4, "model": "auth.permission", "fields": {"codename": "add_group", "name": "Can add group", "content_type": ["auth", "group"]}}, {"pk": 5, "model": "auth.permission", "fields": {"codename": "change_group", "name": "Can change group", "content_type": ["auth", "group"]}}, {"pk": 6, "model": "auth.permission", "fields": {"codename": "delete_group", "name": "Can delete group", "content_type": ["auth", "group"]}}, {"pk": 1, "model": "auth.permission", "fields": {"codename": "add_permission", "name": "Can add permission", "content_type": ["auth", "permission"]}}, {"pk": 2, "model": "auth.permission", "fields": {"codename": "change_permission", "name": "Can change permission", "content_type": ["auth", "permission"]}}, {"pk": 3, "model": "auth.permission", "fields": {"codename": "delete_permission", "name": "Can delete permission", "content_type": ["auth", "permission"]}}, {"pk": 7, "model": "auth.permission", "fields": {"codename": "add_user", "name": "Can add user", "content_type": ["auth", "user"]}}, {"pk": 8, "model": "auth.permission", "fields": {"codename": "change_user", "name": "Can change user", "content_type": ["auth", "user"]}}, {"pk": 9, "model": "auth.permission", "fields": {"codename": "delete_user", "name": "Can delete user", "content_type": ["auth", "user"]}}, {"pk": 19, "model": "auth.permission", "fields": {"codename": "add_comment", "name": "Can add comment", "content_type": ["comments", "comment"]}}, {"pk": 22, "model": "auth.permission", "fields": {"codename": "can_moderate", "name": "Can moderate comments", "content_type": ["comments", "comment"]}}, {"pk": 20, "model": "auth.permission", "fields": {"codename": "change_comment", "name": "Can change comment", "content_type": ["comments", "comment"]}}, {"pk": 21, "model": "auth.permission", "fields": {"codename": "delete_comment", "name": "Can delete comment", "content_type": ["comments", "comment"]}}, {"pk": 23, "model": "auth.permission", "fields": {"codename": "add_commentflag", "name": "Can add comment flag", "content_type": ["comments", "commentflag"]}}, {"pk": 24, "model": "auth.permission", "fields": {"codename": "change_commentflag", "name": "Can change comment flag", "content_type": ["comments", "commentflag"]}}, {"pk": 25, "model": "auth.permission", "fields": {"codename": "delete_commentflag", "name": "Can delete comment flag", "content_type": ["comments", "commentflag"]}}, {"pk": 10, "model": "auth.permission", "fields": {"codename": "add_contenttype", "name": "Can add content type", "content_type": ["contenttypes", "contenttype"]}}, {"pk": 11, "model": "auth.permission", "fields": {"codename": "change_contenttype", "name": "Can change content type", "content_type": ["contenttypes", "contenttype"]}}, {"pk": 12, "model": "auth.permission", "fields": {"codename": "delete_contenttype", "name": "Can delete content type", "content_type": ["contenttypes", "contenttype"]}}, {"pk": 41, "model": "auth.permission", "fields": {"codename": "add_error", "name": "Can add error", "content_type": ["errors", "error"]}}, {"pk": 42, "model": "auth.permission", "fields": {"codename": "change_error", "name": "Can change error", "content_type": ["errors", "error"]}}, {"pk": 43, "model": "auth.permission", "fields": {"codename": "delete_error", "name": "Can delete error", "content_type": ["errors", "error"]}}, {"pk": 47, "model": "auth.permission", "fields": {"codename": "add_errorset", "name": "Can add error set", "content_type": ["errors", "errorset"]}}, {"pk": 48, "model": "auth.permission", "fields": {"codename": "change_errorset", "name": "Can change error set", "content_type": ["errors", "errorset"]}}, {"pk": 49, "model": "auth.permission", "fields": {"codename": "delete_errorset", "name": "Can delete error set", "content_type": ["errors", "errorset"]}}, {"pk": 44, "model": "auth.permission", "fields": {"codename": "add_errorstatus", "name": "Can add error status", "content_type": ["errors", "errorstatus"]}}, {"pk": 45, "model": "auth.permission", "fields": {"codename": "change_errorstatus", "name": "Can change error status", "content_type": ["errors", "errorstatus"]}}, {"pk": 46, "model": "auth.permission", "fields": {"codename": "delete_errorstatus", "name": "Can delete error status", "content_type": ["errors", "errorstatus"]}}, {"pk": 38, "model": "auth.permission", "fields": {"codename": "add_category", "name": "Can add category", "content_type": ["issues", "category"]}}, {"pk": 39, "model": "auth.permission", "fields": {"codename": "change_category", "name": "Can change category", "content_type": ["issues", "category"]}}, {"pk": 40, "model": "auth.permission", "fields": {"codename": "delete_category", "name": "Can delete category", "content_type": ["issues", "category"]}}, {"pk": 32, "model": "auth.permission", "fields": {"codename": "add_issue", "name": "Can add issue", "content_type": ["issues", "issue"]}}, {"pk": 33, "model": "auth.permission", "fields": {"codename": "change_issue", "name": "Can change issue", "content_type": ["issues", "issue"]}}, {"pk": 34, "model": "auth.permission", "fields": {"codename": "delete_issue", "name": "Can delete issue", "content_type": ["issues", "issue"]}}, {"pk": 35, "model": "auth.permission", "fields": {"codename": "add_issuestatus", "name": "Can add issue status", "content_type": ["issues", "issuestatus"]}}, {"pk": 36, "model": "auth.permission", "fields": {"codename": "change_issuestatus", "name": "Can change issue status", "content_type": ["issues", "issuestatus"]}}, {"pk": 37, "model": "auth.permission", "fields": {"codename": "delete_issuestatus", "name": "Can delete issue status", "content_type": ["issues", "issuestatus"]}}, {"pk": 13, "model": "auth.permission", "fields": {"codename": "add_session", "name": "Can add session", "content_type": ["sessions", "session"]}}, {"pk": 14, "model": "auth.permission", "fields": {"codename": "change_session", "name": "Can change session", "content_type": ["sessions", "session"]}}, {"pk": 15, "model": "auth.permission", "fields": {"codename": "delete_session", "name": "Can delete session", "content_type": ["sessions", "session"]}}, {"pk": 16, "model": "auth.permission", "fields": {"codename": "add_site", "name": "Can add site", "content_type": ["sites", "site"]}}, {"pk": 17, "model": "auth.permission", "fields": {"codename": "change_site", "name": "Can change site", "content_type": ["sites", "site"]}}, {"pk": 18, "model": "auth.permission", "fields": {"codename": "delete_site", "name": "Can delete site", "content_type": ["sites", "site"]}}, {"pk": 29, "model": "auth.permission", "fields": {"codename": "add_migrationhistory", "name": "Can add migration history", "content_type": ["south", "migrationhistory"]}}, {"pk": 30, "model": "auth.permission", "fields": {"codename": "change_migrationhistory", "name": "Can change migration history", "content_type": ["south", "migrationhistory"]}}, {"pk": 31, "model": "auth.permission", "fields": {"codename": "delete_migrationhistory", "name": "Can delete migration history", "content_type": ["south", "migrationhistory"]}}, {"pk": 1, "model": "auth.user", "fields": {"username": "admin", "first_name": "", "last_name": "", "is_active": true, "is_superuser": true, "is_staff": true, "last_login": "2013-02-05T21:36:39Z", "groups": [], "user_permissions": [], "password": "pbkdf2_sha256$10000$zOTtH8l5P9o6$OqjVogfPmnDatOJ64TUAB9MuFLkmnw2I+Ypf7LJlOq8=", "email": "jlabarba@plos.org", "date_joined": "2013-01-28T18:05:51Z"}}, {"pk": 2, "model": "auth.user", "fields": {"username": "jlabarba", "first_name": "Jack", "last_name": "LaBarba", "is_active": true, "is_superuser": false, "is_staff": false, "last_login": "2013-01-29T00:26:58Z", "groups": [], "user_permissions": [], "password": "!", "email": "jlabarba@plos.org", "date_joined": "2013-01-29T00:26:58Z"}}, {"pk": 3, "model": "auth.user", "fields": {"username": "nmeechoonuk", "first_name": "Nina", "last_name": "Meechoonuk", "is_active": true, "is_superuser": false, "is_staff": false, "last_login": "2013-01-31T22:39:35Z", "groups": [], "user_permissions": [], "password": "!", "email": "nmeechoonuk@plos.org", "date_joined": "2013-01-31T22:39:35Z"}}, {"pk": 1, "model": "comments.comment", "fields": {"comment": "oaeuoaeu", "user_url": "", "submit_date": "2013-01-31T19:49:10Z", "ip_address": "10.135.2.181", "object_pk": "1", "site": 1, "is_removed": false, "user": ["admin"], "content_type": ["issues", "issue"], "is_public": true, "user_name": "admin", "user_email": "jlabarba@plos.org"}}, {"pk": 2, "model": "comments.comment", "fields": {"comment": "aoeuaoeu", "user_url": "", "submit_date": "2013-01-31T19:49:11Z", "ip_address": "10.135.2.181", "object_pk": "1", "site": 1, "is_removed": false, "user": ["admin"], "content_type": ["issues", "issue"], "is_public": true, "user_name": "admin", "user_email": "jlabarba@plos.org"}}, {"pk": 42, "model": "admin.logentry", "fields": {"action_flag": 1, "action_time": "2013-02-05T21:37:18Z", "object_repr": "pbio.0000001", "object_id": "15", "change_message": "", "user": ["admin"], "content_type": ["articleflow", "article"]}}, {"pk": 41, "model": "admin.logentry", "fields": {"action_flag": 3, "action_time": "2013-02-05T18:31:41Z", "object_repr": "uiduid", "object_id": "17", "change_message": "", "user": ["admin"], "content_type": ["issues", "issue"]}}, {"pk": 40, "model": "admin.logentry", "fields": {"action_flag": 3, "action_time": "2013-02-05T18:31:40Z", "object_repr": "uiduid", "object_id": "16", "change_message": "", "user": ["admin"], "content_type": ["issues", "issue"]}}, {"pk": 39, "model": "admin.logentry", "fields": {"action_flag": 1, "action_time": "2013-02-05T18:28:56Z", "object_repr": "Warning: a warning", "object_id": "16", "change_message": "", "user": ["admin"], "content_type": ["errors", "error"]}}, {"pk": 38, "model": "admin.logentry", "fields": {"action_flag": 1, "action_time": "2013-02-05T18:25:55Z", "object_repr": "pone.0000004: ariesPull, 2013-02-05 18:25:55.764831+00:00", "object_id": "7", "change_message": "", "user": ["admin"], "content_type": ["errors", "errorset"]}}, {"pk": 37, "model": "admin.logentry", "fields": {"action_flag": 2, "action_time": "2013-02-05T18:21:26Z", "object_repr": "pone.0000001", "object_id": "1", "change_message": "Changed article_extras.", "user": ["admin"], "content_type": ["articleflow", "article"]}}, {"pk": 36, "model": "admin.logentry", "fields": {"action_flag": 1, "action_time": "2013-02-05T18:21:11Z", "object_repr": "Article_extras: (doi: pone.0000003)", "object_id": "14", "change_message": "", "user": ["admin"], "content_type": ["articleflow", "articleextras"]}}, {"pk": 35, "model": "admin.logentry", "fields": {"action_flag": 1, "action_time": "2013-02-05T18:21:06Z", "object_repr": "Article_extras: (doi: pone.0000002)", "object_id": "13", "change_message": "", "user": ["admin"], "content_type": ["articleflow", "articleextras"]}}, {"pk": 34, "model": "admin.logentry", "fields": {"action_flag": 2, "action_time": "2013-02-05T18:19:32Z", "object_repr": "pone.0000004", "object_id": "4", "change_message": "Changed article_extras.", "user": ["admin"], "content_type": ["articleflow", "article"]}}, {"pk": 33, "model": "admin.logentry", "fields": {"action_flag": 2, "action_time": "2013-02-05T18:19:28Z", "object_repr": "pone.0000005", "object_id": "12", "change_message": "Changed article_extras.", "user": ["admin"], "content_type": ["articleflow", "article"]}}, {"pk": 32, "model": "admin.logentry", "fields": {"action_flag": 1, "action_time": "2013-02-05T18:06:03Z", "object_repr": "pone.0000006", "object_id": "14", "change_message": "", "user": ["admin"], "content_type": ["articleflow", "article"]}}, {"pk": 31, "model": "admin.logentry", "fields": {"action_flag": 1, "action_time": "2013-02-04T23:20:40Z", "object_repr": "pone.0000004: At Merops", "object_id": "26", "change_message": "", "user": ["admin"], "content_type": ["articleflow", "articlestate"]}}, {"pk": 30, "model": "admin.logentry", "fields": {"action_flag": 1, "action_time": "2013-02-04T23:20:35Z", "object_repr": "pone.0000003: At CW", "object_id": "25", "change_message": "", "user": ["admin"], "content_type": ["articleflow", "articlestate"]}}, {"pk": 29, "model": "admin.logentry", "fields": {"action_flag": 1, "action_time": "2013-02-04T23:20:29Z", "object_repr": "pone.0000002: At Merops", "object_id": "24", "change_message": "", "user": ["admin"], "content_type": ["articleflow", "articlestate"]}}, {"pk": 28, "model": "admin.logentry", "fields": {"action_flag": 1, "action_time": "2013-02-04T23:20:24Z", "object_repr": "pone.0000001: At CW", "object_id": "23", "change_message": "", "user": ["admin"], "content_type": ["articleflow", "articlestate"]}}, {"pk": 27, "model": "admin.logentry", "fields": {"action_flag": 1, "action_time": "2013-02-04T19:33:25Z", "object_repr": "pone.0000005", "object_id": "12", "change_message": "", "user": ["admin"], "content_type": ["articleflow", "article"]}}, {"pk": 26, "model": "admin.logentry", "fields": {"action_flag": 3, "action_time": "2013-02-04T19:08:03Z", "object_repr": "Blank", "object_id": "81", "change_message": "", "user": ["admin"], "content_type": ["articleflow", "state"]}}, {"pk": 25, "model": "admin.logentry", "fields": {"action_flag": 1, "action_time": "2013-02-04T19:06:02Z", "object_repr": "Blank", "object_id": "81", "change_message": "", "user": ["admin"], "content_type": ["articleflow", "state"]}}, {"pk": 24, "model": "admin.logentry", "fields": {"action_flag": 3, "action_time": "2013-02-04T19:06:00Z", "object_repr": "Error", "object_id": "80", "change_message": "", "user": ["admin"], "content_type": ["articleflow", "state"]}}, {"pk": 23, "model": "admin.logentry", "fields": {"action_flag": 1, "action_time": "2013-02-04T19:05:42Z", "object_repr": "Error", "object_id": "80", "change_message": "", "user": ["admin"], "content_type": ["articleflow", "state"]}}, {"pk": 22, "model": "admin.logentry", "fields": {"action_flag": 1, "action_time": "2013-02-04T19:01:29Z", "object_repr": "pone.0000004: At CW", "object_id": "21", "change_message": "", "user": ["admin"], "content_type": ["articleflow", "articlestate"]}}, {"pk": 21, "model": "admin.logentry", "fields": {"action_flag": 1, "action_time": "2013-02-04T18:51:11Z", "object_repr": "Error: aoeuaoeu", "object_id": "14", "change_message": "", "user": ["admin"], "content_type": ["errors", "error"]}}, {"pk": 20, "model": "admin.logentry", "fields": {"action_flag": 1, "action_time": "2013-02-04T18:51:00Z", "object_repr": "Warning: aoeuaoeu", "object_id": "13", "change_message": "", "user": ["admin"], "content_type": ["errors", "error"]}}, {"pk": 19, "model": "admin.logentry", "fields": {"action_flag": 1, "action_time": "2013-02-04T18:50:51Z", "object_repr": "Warning: aoeuaoeu", "object_id": "12", "change_message": "", "user": ["admin"], "content_type": ["errors", "error"]}}, {"pk": 18, "model": "admin.logentry", "fields": {"action_flag": 1, "action_time": "2013-02-04T18:50:32Z", "object_repr": "Warning: aoeuaoeu", "object_id": "11", "change_message": "", "user": ["admin"], "content_type": ["errors", "error"]}}, {"pk": 17, "model": "admin.logentry", "fields": {"action_flag": 1, "action_time": "2013-02-04T18:39:32Z", "object_repr": "pone.0000004: ariesPull, 2013-02-04 18:39:32.764251+00:00", "object_id": "4", "change_message": "", "user": ["admin"], "content_type": ["errors", "errorset"]}}, {"pk": 16, "model": "admin.logentry", "fields": {"action_flag": 1, "action_time": "2013-02-04T18:33:42Z", "object_repr": "Warning: a warning", "object_id": "7", "change_message": "", "user": ["admin"], "content_type": ["errors", "error"]}}, {"pk": 15, "model": "admin.logentry", "fields": {"action_flag": 1, "action_time": "2013-02-04T18:32:47Z", "object_repr": "Error: Something's broken", "object_id": "5", "change_message": "", "user": ["admin"], "content_type": ["errors", "error"]}}, {"pk": 14, "model": "admin.logentry", "fields": {"action_flag": 1, "action_time": "2013-02-04T18:32:32Z", "object_repr": "Error: an error", "object_id": "4", "change_message": "", "user": ["admin"], "content_type": ["errors", "error"]}}, {"pk": 13, "model": "admin.logentry", "fields": {"action_flag": 1, "action_time": "2013-02-04T18:30:39Z", "object_repr": "ariesPull, 2013-02-04 18:30:39.919643+00:00", "object_id": "3", "change_message": "", "user": ["admin"], "content_type": ["errors", "errorset"]}}, {"pk": 12, "model": "admin.logentry", "fields": {"action_flag": 1, "action_time": "2013-02-04T18:12:18Z", "object_repr": "pone.0000004", "object_id": "4", "change_message": "", "user": ["admin"], "content_type": ["articleflow", "article"]}}, {"pk": 11, "model": "admin.logentry", "fields": {"action_flag": 1, "action_time": "2013-01-30T21:22:22Z", "object_repr": "pone.0000003: At Merops", "object_id": "19", "change_message": "", "user": ["admin"], "content_type": ["articleflow", "articlestate"]}}, {"pk": 10, "model": "admin.logentry", "fields": {"action_flag": 1, "action_time": "2013-01-30T21:22:09Z", "object_repr": "pone.0000002: At CW", "object_id": "18", "change_message": "", "user": ["admin"], "content_type": ["articleflow", "articlestate"]}}, {"pk": 9, "model": "admin.logentry", "fields": {"action_flag": 1, "action_time": "2013-01-30T21:21:40Z", "object_repr": "pone.0000003", "object_id": "3", "change_message": "", "user": ["admin"], "content_type": ["articleflow", "article"]}}, {"pk": 8, "model": "admin.logentry", "fields": {"action_flag": 1, "action_time": "2013-01-30T21:21:29Z", "object_repr": "pone.0000002", "object_id": "2", "change_message": "", "user": ["admin"], "content_type": ["articleflow", "article"]}}, {"pk": 7, "model": "admin.logentry", "fields": {"action_flag": 1, "action_time": "2013-01-29T23:13:33Z", "object_repr": "Warning: Something's broken", "object_id": "2", "change_message": "", "user": ["admin"], "content_type": ["errors", "error"]}}, {"pk": 6, "model": "admin.logentry", "fields": {"action_flag": 1, "action_time": "2013-01-29T23:13:26Z", "object_repr": "Error: Invalid external link href", "object_id": "1", "change_message": "", "user": ["admin"], "content_type": ["errors", "error"]}}, {"pk": 5, "model": "admin.logentry", "fields": {"action_flag": 1, "action_time": "2013-01-29T23:13:07Z", "object_repr": "ariesPull, 2013-01-29 23:13:07.441262+00:00", "object_id": "1", "change_message": "", "user": ["admin"], "content_type": ["errors", "errorset"]}}, {"pk": 4, "model": "admin.logentry", "fields": {"action_flag": 1, "action_time": "2013-01-29T00:27:39Z", "object_repr": "SI", "object_id": "4", "change_message": "", "user": ["admin"], "content_type": ["issues", "category"]}}, {"pk": 3, "model": "admin.logentry", "fields": {"action_flag": 1, "action_time": "2013-01-29T00:27:32Z", "object_repr": "XML+PDF", "object_id": "3", "change_message": "", "user": ["admin"], "content_type": ["issues", "category"]}}, {"pk": 2, "model": "admin.logentry", "fields": {"action_flag": 1, "action_time": "2013-01-29T00:27:27Z", "object_repr": "PDF", "object_id": "2", "change_message": "", "user": ["admin"], "content_type": ["issues", "category"]}}, {"pk": 1, "model": "admin.logentry", "fields": {"action_flag": 1, "action_time": "2013-01-29T00:27:24Z", "object_repr": "XML", "object_id": "1", "change_message": "", "user": ["admin"], "content_type": ["issues", "category"]}}, {"pk": 1, "model": "articleflow.articlestate", "fields": {"from_transition_user": null, "from_transition": null, "created": "2013-01-22T23:04:34Z", "state": 55, "last_modified": "2013-01-22T23:04:34Z", "article": 1}}, {"pk": 3, "model": "articleflow.articlestate", "fields": {"from_transition_user": ["admin"], "from_transition": 45, "created": "2013-01-23T00:28:19Z", "state": 59, "last_modified": "2013-01-23T00:28:19Z", "article": 1}}, {"pk": 5, "model": "articleflow.articlestate", "fields": {"from_transition_user": ["admin"], "from_transition": 49, "created": "2013-01-23T00:28:23Z", "state": 61, "last_modified": "2013-01-23T00:28:23Z", "article": 1}}, {"pk": 7, "model": "articleflow.articlestate", "fields": {"from_transition_user": ["admin"], "from_transition": 53, "created": "2013-01-23T00:28:26Z", "state": 65, "last_modified": "2013-01-23T00:28:26Z", "article": 1}}, {"pk": 9, "model": "articleflow.articlestate", "fields": {"from_transition_user": ["admin"], "from_transition": 57, "created": "2013-01-23T00:28:45Z", "state": 67, "last_modified": "2013-01-23T00:28:45Z", "article": 1}}, {"pk": 11, "model": "articleflow.articlestate", "fields": {"from_transition_user": ["admin"], "from_transition": 73, "created": "2013-01-23T00:28:48Z", "state": 57, "last_modified": "2013-01-23T00:28:48Z", "article": 1}}, {"pk": 13, "model": "articleflow.articlestate", "fields": {"from_transition_user": ["admin"], "from_transition": 47, "created": "2013-01-23T00:28:50Z", "state": 59, "last_modified": "2013-01-23T00:28:50Z", "article": 1}}, {"pk": 15, "model": "articleflow.articlestate", "fields": {"from_transition_user": ["admin"], "from_transition": 49, "created": "2013-01-23T00:28:51Z", "state": 61, "last_modified": "2013-01-23T00:28:51Z", "article": 1}}, {"pk": 17, "model": "articleflow.articlestate", "fields": {"from_transition_user": ["admin"], "from_transition": 53, "created": "2013-01-23T00:28:52Z", "state": 65, "last_modified": "2013-01-23T00:28:52Z", "article": 1}}, {"pk": 18, "model": "articleflow.articlestate", "fields": {"from_transition_user": null, "from_transition": null, "created": "2013-01-30T21:22:09Z", "state": 55, "last_modified": "2013-01-30T21:22:09Z", "article": 2}}, {"pk": 19, "model": "articleflow.articlestate", "fields": {"from_transition_user": null, "from_transition": null, "created": "2013-01-30T21:22:22Z", "state": 57, "last_modified": "2013-01-30T21:22:22Z", "article": 3}}, {"pk": 20, "model": "articleflow.articlestate", "fields": {"from_transition_user": ["admin"], "from_transition": 45, "created": "2013-01-31T22:41:36Z", "state": 59, "last_modified": "2013-01-31T22:41:36Z", "article": 2}}, {"pk": 21, "model": "articleflow.articlestate", "fields": {"from_transition_user": null, "from_transition": null, "created": "2013-02-04T19:01:29Z", "state": 55, "last_modified": "2013-02-04T19:01:29Z", "article": 4}}, {"pk": 22, "model": "articleflow.articlestate", "fields": {"from_transition_user": null, "from_transition": null, "created": "2013-02-04T19:33:25Z", "state": 84, "last_modified": "2013-02-04T19:33:25Z", "article": 12}}, {"pk": 23, "model": "articleflow.articlestate", "fields": {"from_transition_user": null, "from_transition": null, "created": "2013-02-04T23:20:24Z", "state": 55, "last_modified": "2013-02-04T23:20:24Z", "article": 1}}, {"pk": 24, "model": "articleflow.articlestate", "fields": {"from_transition_user": null, "from_transition": null, "created": "2013-02-04T23:20:29Z", "state": 57, "last_modified": "2013-02-04T23:20:29Z", "article": 2}}, {"pk": 25, "model": "articleflow.articlestate", "fields": {"from_transition_user": null, "from_transition": null, "created": "2013-02-04T23:20:35Z", "state": 55, "last_modified": "2013-02-04T23:20:35Z", "article": 3}}, {"pk": 26, "model": "articleflow.articlestate", "fields": {"from_transition_user": null, "from_transition": null, "created": "2013-02-04T23:20:40Z", "state": 57, "last_modified": "2013-02-04T23:20:40Z", "article": 4}}, {"pk": 27, "model": "articleflow.articlestate", "fields": {"from_transition_user": null, "from_transition": null, "created": "2013-02-05T18:06:03Z", "state": 84, "last_modified": "2013-02-05T18:06:03Z", "article": 14}}, {"pk": 28, "model": "articleflow.articlestate", "fields": {"from_transition_user": null, "from_transition": null, "created": "2013-02-05T21:37:18Z", "state": 84, "last_modified": "2013-02-05T21:37:18Z", "article": 15}}, {"pk": 1, "model": "issues.issue", "fields": {"category": 1, "description": "XML stuff is bad", "created": "2013-01-29T00:27:56Z", "current_status": 6, "last_modified": "2013-01-31T19:48:55Z", "error": null, "submitter": null, "article": 1}}, {"pk": 2, "model": "issues.issue", "fields": {"category": 1, "description": "more xml problems", "created": "2013-01-29T00:28:21Z", "current_status": 2, "last_modified": "2013-01-29T00:28:21Z", "error": null, "submitter": null, "article": 1}}, {"pk": 3, "model": "issues.issue", "fields": {"category": 2, "description": "PDF errorrrr!", "created": "2013-01-29T17:24:12Z", "current_status": 3, "last_modified": "2013-01-29T17:24:12Z", "error": null, "submitter": null, "article": 1}}, {"pk": 4, "model": "issues.issue", "fields": {"category": 3, "description": "lalala", "created": "2013-01-29T17:24:22Z", "current_status": 4, "last_modified": "2013-01-29T17:24:23Z", "error": null, "submitter": null, "article": 1}}, {"pk": 5, "model": "issues.issue", "fields": {"category": 4, "description": "SI error!", "created": "2013-01-29T17:24:29Z", "current_status": 5, "last_modified": "2013-01-29T17:24:29Z", "error": null, "submitter": null, "article": 1}}, {"pk": 6, "model": "issues.issue", "fields": {"category": 2, "description": "aoeuaoeu", "created": "2013-02-04T17:43:08Z", "current_status": 7, "last_modified": "2013-02-04T17:43:08Z", "error": null, "submitter": null, "article": 1}}, {"pk": 7, "model": "issues.issue", "fields": {"category": 1, "description": "lallaa", "created": "2013-02-04T17:53:54Z", "current_status": 8, "last_modified": "2013-02-04T17:53:54Z", "error": null, "submitter": null, "article": 1}}, {"pk": 8, "model": "issues.issue", "fields": {"category": 1, "description": "lallaa", "created": "2013-02-04T17:54:13Z", "current_status": 9, "last_modified": "2013-02-04T17:54:14Z", "error": null, "submitter": null, "article": 1}}, {"pk": 9, "model": "issues.issue", "fields": {"category": 1, "description": "aoeuaoeu", "created": "2013-02-04T17:55:01Z", "current_status": 10, "last_modified": "2013-02-04T17:55:01Z", "error": null, "submitter": null, "article": 1}}, {"pk": 10, "model": "issues.issue", "fields": {"category": 1, "description": "aoeuaoeu", "created": "2013-02-04T17:56:38Z", "current_status": 11, "last_modified": "2013-02-04T17:56:38Z", "error": null, "submitter": null, "article": 1}}, {"pk": 11, "model": "issues.issue", "fields": {"category": 1, "description": "hidhidh", "created": "2013-02-04T17:57:04Z", "current_status": 12, "last_modified": "2013-02-04T17:57:04Z", "error": null, "submitter": null, "article": 1}}, {"pk": 12, "model": "issues.issue", "fields": {"category": 2, "description": "lalala", "created": "2013-02-04T17:57:23Z", "current_status": 13, "last_modified": "2013-02-04T17:57:23Z", "error": null, "submitter": null, "article": 1}}, {"pk": 13, "model": "issues.issue", "fields": {"category": 4, "description": "nennee", "created": "2013-02-04T17:57:31Z", "current_status": 14, "last_modified": "2013-02-04T17:57:31Z", "error": null, "submitter": null, "article": 1}}, {"pk": 14, "model": "issues.issue", "fields": {"category": 3, "description": "noahtudohtaeu", "created": "2013-02-04T17:57:37Z", "current_status": 15, "last_modified": "2013-02-04T17:57:37Z", "error": null, "submitter": null, "article": 1}}, {"pk": 15, "model": "issues.issue", "fields": {"category": 1, "description": "euieui", "created": "2013-02-04T17:57:48Z", "current_status": 16, "last_modified": "2013-02-04T17:57:48Z", "error": null, "submitter": null, "article": 1}}, {"pk": 18, "model": "issues.issue", "fields": {"category": 3, "description": "uiuidiud", "created": "2013-02-05T18:31:49Z", "current_status": 19, "last_modified": "2013-02-05T18:31:49Z", "error": null, "submitter": null, "article": 2}}, {"pk": 19, "model": "issues.issue", "fields": {"category": 4, "description": "idhidh", "created": "2013-02-05T18:32:58Z", "current_status": 20, "last_modified": "2013-02-05T18:32:58Z", "error": null, "submitter": null, "article": 14}}, {"pk": 20, "model": "issues.issue", "fields": {"category": 3, "description": "kxbkxbk", "created": "2013-02-05T18:33:31Z", "current_status": 21, "last_modified": "2013-02-05T18:33:32Z", "error": null, "submitter": null, "article": 12}}, {"pk": 21, "model": "issues.issue", "fields": {"category": 2, "description": "lalala", "created": "2013-02-05T18:34:23Z", "current_status": 22, "last_modified": "2013-02-05T18:34:23Z", "error": null, "submitter": null, "article": 3}}, {"pk": 22, "model": "issues.issue", "fields": {"category": 1, "description": "xml error", "created": "2013-02-05T18:34:41Z", "current_status": 23, "last_modified": "2013-02-05T18:34:41Z", "error": null, "submitter": null, "article": 4}}, {"pk": 23, "model": "issues.issue", "fields": {"category": 1, "description": "aoeuaoeu", "created": "2013-02-06T01:14:31Z", "current_status": 24, "last_modified": "2013-02-06T01:14:31Z", "error": null, "submitter": null, "article": 3}}]