[{"pk": 1, "model": "articleflow.journal", "fields": {"short_name": "pone", "created": "2013-03-27T23:02:38Z", "em_ambra_stage_prefix": "plosone", "em_db_name": "PONE", "em_url_prefix": "pone", "last_modified": "2013-03-28T21:27:13Z", "full_name": "PLOS ONE"}}, {"pk": 3, "model": "articleflow.journal", "fields": {"short_name": "ppat", "created": "2013-03-27T23:02:38Z", "em_ambra_stage_prefix": "plospathogens", "em_db_name": "PPATHOGENS", "em_url_prefix": "ppathogens", "last_modified": "2013-03-28T21:27:17Z", "full_name": "PLOS Pathogens"}}, {"pk": 5, "model": "articleflow.journal", "fields": {"short_name": "pgen", "created": "2013-03-27T23:02:38Z", "em_ambra_stage_prefix": "plosgenetics", "em_db_name": "PGENETICS", "em_url_prefix": "pgenetics", "last_modified": "2013-03-28T21:27:21Z", "full_name": "PLOS Genetics"}}, {"pk": 7, "model": "articleflow.journal", "fields": {"short_name": "pbio", "created": "2013-03-27T23:02:38Z", "em_ambra_stage_prefix": "plosbiology", "em_db_name": "PBIOLOGY", "em_url_prefix": "pbiology", "last_modified": "2013-03-28T21:27:24Z", "full_name": "PLOS Biology"}}, {"pk": 9, "model": "articleflow.journal", "fields": {"short_name": "pntd", "created": "2013-03-27T23:02:38Z", "em_ambra_stage_prefix": "plosntds", "em_db_name": "PNTD", "em_url_prefix": "pntd", "last_modified": "2013-03-28T21:27:30Z", "full_name": "PLOS Neglected Tropical Diseases"}}, {"pk": 11, "model": "articleflow.journal", "fields": {"short_name": "pcbi", "created": "2013-03-27T23:02:38Z", "em_ambra_stage_prefix": "ploscompbiol", "em_db_name": "PCOMPBIOL", "em_url_prefix": "pcompbiol", "last_modified": "2013-03-28T21:27:34Z", "full_name": "PLOS Computational Biology"}}, {"pk": 13, "model": "articleflow.journal", "fields": {"short_name": "pmed", "created": "2013-03-27T23:02:38Z", "em_ambra_stage_prefix": "plosmedicine", "em_db_name": "PMEDICINE", "em_url_prefix": "pmedicine", "last_modified": "2013-03-28T21:27:38Z", "full_name": "PLOS Medicine"}}, {"pk": 1, "model": "articleflow.typesetter", "fields": {"created": null, "name": "Merops", "last_modified": "2013-05-23T20:55:18Z", "description": ""}}, {"pk": 2, "model": "articleflow.typesetter", "fields": {"created": null, "name": "CW", "last_modified": "2013-05-23T20:55:24Z", "description": "Charles Worth"}}, {"pk": 1, "model": "issues.category", "fields": {"user_selectable": true, "name": "XML", "last_modified": "2013-02-14T20:09:03Z", "created": "2013-02-14T19:50:29Z"}}, {"pk": 2, "model": "issues.category", "fields": {"user_selectable": true, "name": "PDF", "last_modified": "2013-02-14T20:09:08Z", "created": "2013-02-14T19:50:29Z"}}, {"pk": 3, "model": "issues.category", "fields": {"user_selectable": true, "name": "XML+PDF", "last_modified": "2013-02-14T20:09:13Z", "created": "2013-02-14T19:50:29Z"}}, {"pk": 4, "model": "issues.category", "fields": {"user_selectable": true, "name": "SI", "last_modified": "2013-02-14T20:09:19Z", "created": "2013-02-14T19:50:29Z"}}, {"pk": 5, "model": "issues.category", "fields": {"user_selectable": false, "name": "Legacy", "last_modified": "2013-04-12T23:59:23Z", "created": "2013-02-14T19:50:29Z"}}, {"pk": 3, "model": "auth.group", "fields": {"name": "admin", "permissions": []}}, {"pk": 5, "model": "auth.group", "fields": {"name": "management", "permissions": []}}, {"pk": 1, "model": "auth.group", "fields": {"name": "production", "permissions": []}}, {"pk": 2, "model": "auth.group", "fields": {"name": "web", "permissions": []}}, {"pk": 4, "model": "auth.group", "fields": {"name": "zyg", "permissions": []}}, {"pk": 45, "model": "articleflow.transition", "fields": {"from_state": 55, "unique_name": null, "name": "Deliver", "created": "2013-04-02T19:35:57Z", "preference_weight": 0, "assign_transition_user": false, "last_modified": "2013-02-20T21:11:15Z", "disallow_open_items": false, "allowed_groups": [["admin"]], "file_upload_destination": null, "file_upload_description": null, "to_state": 59}}, {"pk": 47, "model": "articleflow.transition", "fields": {"from_state": 57, "unique_name": null, "name": "Deliver", "created": "2013-04-02T19:35:57Z", "preference_weight": 0, "assign_transition_user": false, "last_modified": "2013-02-20T21:11:19Z", "disallow_open_items": false, "allowed_groups": [["admin"]], "file_upload_destination": null, "file_upload_description": null, "to_state": 59}}, {"pk": 51, "model": "articleflow.transition", "fields": {"from_state": 61, "unique_name": null, "name": "Assign to QC (CW)", "created": "2013-04-02T19:35:57Z", "preference_weight": 0, "assign_transition_user": false, "last_modified": "2013-02-20T21:11:56Z", "disallow_open_items": false, "allowed_groups": [["admin"]], "file_upload_destination": null, "file_upload_description": null, "to_state": 63}}, {"pk": 53, "model": "articleflow.transition", "fields": {"from_state": 61, "unique_name": null, "name": "Assign to QC (Merops)", "created": "2013-04-02T19:35:57Z", "preference_weight": 0, "assign_transition_user": false, "last_modified": "2013-02-20T21:12:01Z", "disallow_open_items": false, "allowed_groups": [["admin"]], "file_upload_destination": null, "file_upload_description": null, "to_state": 65}}, {"pk": 55, "model": "articleflow.transition", "fields": {"from_state": 63, "unique_name": null, "name": "Needs Web Corrections (CW)", "created": "2013-04-02T19:35:57Z", "preference_weight": 50, "assign_transition_user": false, "last_modified": "2013-02-20T21:13:04Z", "disallow_open_items": false, "allowed_groups": [["production"], ["admin"], ["zyg"]], "file_upload_destination": null, "file_upload_description": null, "to_state": 69}}, {"pk": 57, "model": "articleflow.transition", "fields": {"from_state": 65, "unique_name": null, "name": "Needs Web Corrections (Merops)", "created": "2013-04-02T19:35:57Z", "preference_weight": 50, "assign_transition_user": false, "last_modified": "2013-02-20T21:13:14Z", "disallow_open_items": false, "allowed_groups": [["production"], ["admin"], ["zyg"]], "file_upload_destination": null, "file_upload_description": null, "to_state": 67}}, {"pk": 59, "model": "articleflow.transition", "fields": {"from_state": 63, "unique_name": null, "name": "OK", "created": "2013-04-02T19:35:57Z", "preference_weight": 100, "assign_transition_user": false, "last_modified": "2013-04-06T00:10:55Z", "disallow_open_items": true, "allowed_groups": [["production"], ["admin"], ["zyg"]], "file_upload_destination": null, "file_upload_description": null, "to_state": 71}}, {"pk": 61, "model": "articleflow.transition", "fields": {"from_state": 65, "unique_name": null, "name": "OK", "created": "2013-04-02T19:35:57Z", "preference_weight": 100, "assign_transition_user": true, "last_modified": "2013-04-11T21:07:29Z", "disallow_open_items": true, "allowed_groups": [["production"], ["admin"], ["zyg"]], "file_upload_destination": null, "file_upload_description": null, "to_state": 71}}, {"pk": 63, "model": "articleflow.transition", "fields": {"from_state": 63, "unique_name": null, "name": "Send back to CW", "created": "2013-04-02T19:35:57Z", "preference_weight": 25, "assign_transition_user": true, "last_modified": "2013-04-11T23:36:31Z", "disallow_open_items": false, "allowed_groups": [["admin"]], "file_upload_destination": null, "file_upload_description": null, "to_state": 77}}, {"pk": 65, "model": "articleflow.transition", "fields": {"from_state": 65, "unique_name": null, "name": "Send back to Merops", "created": "2013-04-02T19:35:57Z", "preference_weight": 25, "assign_transition_user": false, "last_modified": "2013-02-20T21:15:33Z", "disallow_open_items": false, "allowed_groups": [["admin"]], "file_upload_destination": null, "file_upload_description": null, "to_state": 79}}, {"pk": 67, "model": "articleflow.transition", "fields": {"from_state": 69, "unique_name": null, "name": "Send back to Production", "created": "2013-04-02T19:35:57Z", "preference_weight": 25, "assign_transition_user": false, "last_modified": "2013-02-14T23:03:03Z", "disallow_open_items": false, "allowed_groups": [["web"], ["admin"]], "file_upload_destination": null, "file_upload_description": null, "to_state": 63}}, {"pk": 69, "model": "articleflow.transition", "fields": {"from_state": 67, "unique_name": null, "name": "Send back to Production", "created": "2013-04-02T19:35:57Z", "preference_weight": 25, "assign_transition_user": false, "last_modified": "2013-02-14T23:03:00Z", "disallow_open_items": false, "allowed_groups": [["web"], ["admin"]], "file_upload_destination": null, "file_upload_description": null, "to_state": 65}}, {"pk": 71, "model": "articleflow.transition", "fields": {"from_state": 69, "unique_name": null, "name": "Send back to CW", "created": "2013-04-02T19:35:57Z", "preference_weight": 25, "assign_transition_user": true, "last_modified": "2013-04-12T22:23:10Z", "disallow_open_items": false, "allowed_groups": [["web"], ["admin"]], "file_upload_destination": null, "file_upload_description": null, "to_state": 55}}, {"pk": 73, "model": "articleflow.transition", "fields": {"from_state": 67, "unique_name": null, "name": "Send back to Merops", "created": "2013-04-02T19:35:57Z", "preference_weight": 25, "assign_transition_user": false, "last_modified": "2013-02-14T23:03:26Z", "disallow_open_items": false, "allowed_groups": [["web"], ["admin"]], "file_upload_destination": null, "file_upload_description": null, "to_state": 57}}, {"pk": 75, "model": "articleflow.transition", "fields": {"from_state": 67, "unique_name": null, "name": "Ready to Publish", "created": "2013-04-02T19:35:57Z", "preference_weight": 100, "assign_transition_user": false, "last_modified": "2013-04-06T00:11:14Z", "disallow_open_items": false, "allowed_groups": [["web"], ["admin"]], "file_upload_destination": null, "file_upload_description": null, "to_state": 71}}, {"pk": 77, "model": "articleflow.transition", "fields": {"from_state": 69, "unique_name": null, "name": "Ready to Publish", "created": "2013-04-02T19:35:57Z", "preference_weight": 100, "assign_transition_user": false, "last_modified": "2013-04-06T00:11:04Z", "disallow_open_items": false, "allowed_groups": [["web"], ["admin"]], "file_upload_destination": null, "file_upload_description": null, "to_state": 71}}, {"pk": 79, "model": "articleflow.transition", "fields": {"from_state": 71, "unique_name": null, "name": "Publish on Stage", "created": "2013-04-02T19:35:57Z", "preference_weight": 100, "assign_transition_user": false, "last_modified": "2013-02-14T23:03:48Z", "disallow_open_items": false, "allowed_groups": [["admin"]], "file_upload_destination": null, "file_upload_description": null, "to_state": 73}}, {"pk": 81, "model": "articleflow.transition", "fields": {"from_state": 73, "unique_name": null, "name": "Publish on Live", "created": "2013-04-02T19:35:57Z", "preference_weight": 100, "assign_transition_user": false, "last_modified": "2013-02-14T23:03:53Z", "disallow_open_items": false, "allowed_groups": [["admin"]], "file_upload_destination": null, "file_upload_description": null, "to_state": 75}}, {"pk": 82, "model": "articleflow.transition", "fields": {"from_state": 59, "unique_name": null, "name": "Pull", "created": "2013-04-02T19:35:57Z", "preference_weight": 0, "assign_transition_user": false, "last_modified": "2013-02-20T21:11:09Z", "disallow_open_items": false, "allowed_groups": [["admin"]], "file_upload_destination": null, "file_upload_description": null, "to_state": 85}}, {"pk": 83, "model": "articleflow.transition", "fields": {"from_state": 85, "unique_name": null, "name": "Ingest", "created": "2013-04-02T19:35:57Z", "preference_weight": 0, "assign_transition_user": false, "last_modified": "2013-02-20T21:11:06Z", "disallow_open_items": false, "allowed_groups": [["admin"]], "file_upload_destination": null, "file_upload_description": null, "to_state": 61}}, {"pk": 84, "model": "articleflow.transition", "fields": {"from_state": 63, "unique_name": null, "name": "Assign to Urgent QC (CW)", "created": "2013-04-02T19:35:57Z", "preference_weight": 50, "assign_transition_user": false, "last_modified": "2013-04-08T21:37:45Z", "disallow_open_items": false, "allowed_groups": [["admin"]], "file_upload_destination": null, "file_upload_description": null, "to_state": 86}}, {"pk": 85, "model": "articleflow.transition", "fields": {"from_state": 65, "unique_name": null, "name": "Assign to Urgent QC (Merops)", "created": "2013-04-02T19:35:57Z", "preference_weight": 50, "assign_transition_user": false, "last_modified": "2013-02-20T21:18:10Z", "disallow_open_items": false, "allowed_groups": [["production"], ["admin"]], "file_upload_destination": null, "file_upload_description": null, "to_state": 87}}, {"pk": 86, "model": "articleflow.transition", "fields": {"from_state": 86, "unique_name": null, "name": "Send to Web Corrections (CW)", "created": "2013-04-02T19:35:57Z", "preference_weight": 50, "assign_transition_user": false, "last_modified": "2013-02-20T21:21:24Z", "disallow_open_items": false, "allowed_groups": [["production"], ["admin"]], "file_upload_destination": null, "file_upload_description": null, "to_state": 69}}, {"pk": 87, "model": "articleflow.transition", "fields": {"from_state": 87, "unique_name": "", "name": "Send to Web Corrections", "created": "2013-04-02T19:35:57Z", "preference_weight": 50, "assign_transition_user": false, "last_modified": "2013-06-03T04:45:50Z", "disallow_open_items": false, "allowed_groups": [["production"], ["admin"], ["zyg"]], "file_upload_destination": "", "file_upload_description": "", "to_state": 67}}, {"pk": 88, "model": "articleflow.transition", "fields": {"from_state": 86, "unique_name": "OK_urgent_qc_to_ready_to_publish", "name": "OK", "created": "2013-04-02T19:35:57Z", "preference_weight": 100, "assign_transition_user": false, "last_modified": "2013-06-03T04:46:49Z", "disallow_open_items": true, "allowed_groups": [["production"], ["admin"], ["zyg"]], "file_upload_destination": "", "file_upload_description": "", "to_state": 71}}, {"pk": 89, "model": "articleflow.transition", "fields": {"from_state": 87, "unique_name": null, "name": "OK", "created": "2013-04-02T19:35:57Z", "preference_weight": 100, "assign_transition_user": false, "last_modified": "2013-04-06T00:10:19Z", "disallow_open_items": true, "allowed_groups": [["production"], ["admin"]], "file_upload_destination": null, "file_upload_description": null, "to_state": 71}}, {"pk": 90, "model": "articleflow.transition", "fields": {"from_state": 91, "unique_name": "merops_reprocess", "name": "Reprocess", "created": "2013-05-30T22:41:58Z", "preference_weight": 50, "assign_transition_user": false, "last_modified": "2013-06-04T19:30:17Z", "disallow_open_items": false, "allowed_groups": [["production"], ["web"], ["admin"], ["zyg"]], "file_upload_destination": "/var/spool/delivery/merops/merops/watch/", "file_upload_description": "Upload a word document to reprocess.", "to_state": 89}}, {"pk": 91, "model": "articleflow.transition", "fields": {"from_state": 91, "unique_name": "merops_finish", "name": "Finish", "created": "2013-05-30T22:43:26Z", "preference_weight": 100, "assign_transition_user": false, "last_modified": "2013-06-04T19:29:52Z", "disallow_open_items": false, "allowed_groups": [["production"], ["web"], ["admin"], ["zyg"]], "file_upload_destination": "/var/spool/delivery/merops/finish/watch/", "file_upload_description": "Upload a word document to finish.", "to_state": 92}}, {"pk": 92, "model": "articleflow.transition", "fields": {"from_state": 67, "unique_name": "send_back_to_merops_production", "name": "Send back to Merops Production", "created": "2013-05-30T22:52:52Z", "preference_weight": 25, "assign_transition_user": false, "last_modified": "2013-05-30T22:52:52Z", "disallow_open_items": false, "allowed_groups": [["web"], ["admin"]], "file_upload_destination": "", "file_upload_description": "", "to_state": 91}}, {"pk": 93, "model": "articleflow.transition", "fields": {"from_state": 73, "unique_name": "send_back_to_web_corrections_cw_from_pubbed_stage", "name": "Send back to Web Corrections (CW)", "created": "2013-04-15T13:54:08Z", "preference_weight": 50, "assign_transition_user": false, "last_modified": "2013-06-10T22:56:14Z", "disallow_open_items": false, "allowed_groups": [["production"], ["web"], ["admin"], ["zyg"]], "file_upload_destination": "", "file_upload_description": "", "to_state": 69}}, {"pk": 95, "model": "articleflow.transition", "fields": {"from_state": 71, "unique_name": "send_back_to_web_corrections_cw_from_ready_to_pub", "name": "Send back to Web Corrections (CW)", "created": "2013-04-15T13:54:08Z", "preference_weight": 50, "assign_transition_user": false, "last_modified": "2013-06-10T22:56:01Z", "disallow_open_items": false, "allowed_groups": [["production"], ["web"], ["admin"], ["zyg"]], "file_upload_destination": "", "file_upload_description": "", "to_state": 69}}, {"pk": 97, "model": "articleflow.transition", "fields": {"from_state": 84, "unique_name": null, "name": "Fake Pull", "created": "2013-04-15T13:54:08Z", "preference_weight": 0, "assign_transition_user": false, "last_modified": "2013-04-15T19:28:09Z", "disallow_open_items": false, "allowed_groups": [["admin"]], "file_upload_destination": null, "file_upload_description": null, "to_state": 85}}, {"pk": 99, "model": "articleflow.transition", "fields": {"from_state": 73, "unique_name": null, "name": "Reset QC", "created": "2013-05-01T18:31:43Z", "preference_weight": 0, "assign_transition_user": false, "last_modified": "2013-05-01T18:31:43Z", "disallow_open_items": false, "allowed_groups": [["admin"]], "file_upload_destination": null, "file_upload_description": null, "to_state": 63}}, {"pk": 101, "model": "articleflow.transition", "fields": {"from_state": 75, "unique_name": "send_back_to_web_corrections_cw_from_pubbed_live", "name": "Send back to Web Corrections (CW)", "created": "2013-06-03T18:02:32Z", "preference_weight": 50, "assign_transition_user": true, "last_modified": "2013-06-10T22:56:28Z", "disallow_open_items": false, "allowed_groups": [["web"], ["admin"]], "file_upload_destination": "", "file_upload_description": "", "to_state": 69}}, {"pk": 103, "model": "articleflow.transition", "fields": {"from_state": 63, "unique_name": "move_to_ready_for_qc_merops", "name": "Move to Ready for QC (Merops)", "created": "2013-06-03T22:54:59Z", "preference_weight": 0, "assign_transition_user": false, "last_modified": "2013-06-03T22:54:59Z", "disallow_open_items": false, "allowed_groups": [["admin"]], "file_upload_destination": "", "file_upload_description": "", "to_state": 65}}, {"pk": 105, "model": "articleflow.transition", "fields": {"from_state": 93, "unique_name": "merops_pull", "name": "Pull", "created": "2013-06-05T21:04:14Z", "preference_weight": 0, "assign_transition_user": false, "last_modified": "2013-06-05T21:04:14Z", "disallow_open_items": false, "allowed_groups": [["admin"]], "file_upload_destination": "", "file_upload_description": "", "to_state": 85}}, {"pk": 107, "model": "articleflow.transition", "fields": {"from_state": 86, "unique_name": "move_to_urgent_qc_merops", "name": "Move to Urgent QC (Merops)", "created": "2013-06-10T18:22:52Z", "preference_weight": 0, "assign_transition_user": false, "last_modified": "2013-06-10T18:22:52Z", "disallow_open_items": false, "allowed_groups": [["admin"]], "file_upload_destination": "", "file_upload_description": "", "to_state": 65}}, {"pk": 109, "model": "articleflow.transition", "fields": {"from_state": 92, "unique_name": "send_back_to_prepare_manuscript", "name": "Send back to prepare manuscript", "created": "2013-06-12T17:59:56Z", "preference_weight": 0, "assign_transition_user": false, "last_modified": "2013-06-12T17:59:56Z", "disallow_open_items": false, "allowed_groups": [["admin"]], "file_upload_destination": "", "file_upload_description": "", "to_state": 91}}, {"pk": 88, "model": "articleflow.state", "fields": {"reassign_previous": true, "unique_name": "delivered_from_aries", "name": "Delivered from Aries", "created": "2013-05-29T22:41:33Z", "last_modified": "2013-05-30T22:31:51Z", "worker_groups": [["admin"]], "auto_assign": 1, "progress_index": -60}}, {"pk": 89, "model": "articleflow.state", "fields": {"reassign_previous": true, "unique_name": "queued_for_meropsing", "name": "Queued for Meropsing", "created": "2013-05-30T16:37:16Z", "last_modified": "2013-05-30T22:30:53Z", "worker_groups": [["admin"]], "auto_assign": 1, "progress_index": -50}}, {"pk": 90, "model": "articleflow.state", "fields": {"reassign_previous": true, "unique_name": "meropsed", "name": "Meropsed", "created": "2013-05-30T19:39:19Z", "last_modified": "2013-05-30T22:30:45Z", "worker_groups": [["admin"]], "auto_assign": 1, "progress_index": -40}}, {"pk": 91, "model": "articleflow.state", "fields": {"reassign_previous": true, "unique_name": "prepare_manuscript", "name": "Prepare Manuscript", "created": "2013-05-30T19:52:31Z", "last_modified": "2013-06-06T18:12:41Z", "worker_groups": [["admin"], ["zyg"]], "auto_assign": 1, "progress_index": -30}}, {"pk": 92, "model": "articleflow.state", "fields": {"reassign_previous": true, "unique_name": "queued_for_finish", "name": "Queued for Finish XML", "created": "2013-05-30T20:43:34Z", "last_modified": "2013-05-30T22:30:32Z", "worker_groups": [["admin"]], "auto_assign": 1, "progress_index": -20}}, {"pk": 55, "model": "articleflow.state", "fields": {"reassign_previous": true, "unique_name": null, "name": "At CW", "created": "2013-04-02T19:35:57Z", "last_modified": "2013-02-19T23:31:56Z", "worker_groups": [], "auto_assign": 1, "progress_index": -10}}, {"pk": 93, "model": "articleflow.state", "fields": {"reassign_previous": true, "unique_name": "finish_out", "name": "Finish XML Complete", "created": "2013-05-30T20:45:16Z", "last_modified": "2013-05-30T22:30:25Z", "worker_groups": [], "auto_assign": 1, "progress_index": -10}}, {"pk": 57, "model": "articleflow.state", "fields": {"reassign_previous": true, "unique_name": null, "name": "At Merops", "created": "2013-04-02T19:35:57Z", "last_modified": "2013-02-19T23:31:46Z", "worker_groups": [], "auto_assign": 1, "progress_index": -10}}, {"pk": 79, "model": "articleflow.state", "fields": {"reassign_previous": true, "unique_name": null, "name": "Back at Merops", "created": "2013-04-02T19:35:57Z", "last_modified": "2013-02-19T23:35:09Z", "worker_groups": [], "auto_assign": 1, "progress_index": -5}}, {"pk": 77, "model": "articleflow.state", "fields": {"reassign_previous": true, "unique_name": null, "name": "Back at CW", "created": "2013-04-02T19:35:57Z", "last_modified": "2013-02-19T23:35:14Z", "worker_groups": [], "auto_assign": 1, "progress_index": -5}}, {"pk": 94, "model": "articleflow.state", "fields": {"reassign_previous": true, "unique_name": "ready_to_build_article_package", "name": "Ready to Build Article Package", "created": "2013-05-30T21:28:26Z", "last_modified": "2013-05-30T22:30:19Z", "worker_groups": [["admin"]], "auto_assign": 1, "progress_index": 0}}, {"pk": 84, "model": "articleflow.state", "fields": {"reassign_previous": true, "unique_name": null, "name": "New", "created": "2013-04-02T19:35:57Z", "last_modified": "2013-02-04T19:33:25Z", "worker_groups": [], "auto_assign": 1, "progress_index": 0}}, {"pk": 59, "model": "articleflow.state", "fields": {"reassign_previous": true, "unique_name": null, "name": "Delivered", "created": "2013-04-02T19:35:57Z", "last_modified": "2013-02-19T23:30:57Z", "worker_groups": [], "auto_assign": 1, "progress_index": 10}}, {"pk": 85, "model": "articleflow.state", "fields": {"reassign_previous": true, "unique_name": null, "name": "Pulled", "created": "2013-04-02T19:35:57Z", "last_modified": "2013-02-19T23:30:49Z", "worker_groups": [], "auto_assign": 1, "progress_index": 20}}, {"pk": 61, "model": "articleflow.state", "fields": {"reassign_previous": true, "unique_name": null, "name": "Ingested", "created": "2013-04-02T19:35:57Z", "last_modified": "2013-02-19T23:31:33Z", "worker_groups": [], "auto_assign": 1, "progress_index": 30}}, {"pk": 63, "model": "articleflow.state", "fields": {"reassign_previous": true, "unique_name": null, "name": "Ready for QC (CW)", "created": "2013-04-02T19:35:57Z", "last_modified": "2013-04-05T20:49:08Z", "worker_groups": [["production"], ["admin"], ["zyg"]], "auto_assign": 1, "progress_index": 40}}, {"pk": 65, "model": "articleflow.state", "fields": {"reassign_previous": true, "unique_name": "ready_for_qc_merops", "name": "Ready for QC (Merops)", "created": "2013-04-02T19:35:57Z", "last_modified": "2013-06-05T23:04:07Z", "worker_groups": [], "auto_assign": 1, "progress_index": 40}}, {"pk": 86, "model": "articleflow.state", "fields": {"reassign_previous": true, "unique_name": null, "name": "Urgent QC (CW)", "created": "2013-04-02T19:35:57Z", "last_modified": "2013-02-20T19:26:54Z", "worker_groups": [["production"]], "auto_assign": 2, "progress_index": 45}}, {"pk": 87, "model": "articleflow.state", "fields": {"reassign_previous": true, "unique_name": null, "name": "Urgent QC (Merops)", "created": "2013-04-02T19:35:57Z", "last_modified": "2013-04-15T02:47:53Z", "worker_groups": [["production"]], "auto_assign": 1, "progress_index": 45}}, {"pk": 67, "model": "articleflow.state", "fields": {"reassign_previous": true, "unique_name": null, "name": "Needs Web Corrections (Merops)", "created": "2013-04-02T19:35:57Z", "last_modified": "2013-02-19T23:32:15Z", "worker_groups": [], "auto_assign": 1, "progress_index": 50}}, {"pk": 69, "model": "articleflow.state", "fields": {"reassign_previous": true, "unique_name": null, "name": "Needs Web Corrections (CW)", "created": "2013-04-02T19:35:57Z", "last_modified": "2013-04-15T02:23:33Z", "worker_groups": [["web"]], "auto_assign": 2, "progress_index": 50}}, {"pk": 71, "model": "articleflow.state", "fields": {"reassign_previous": true, "unique_name": null, "name": "Ready to Publish", "created": "2013-04-02T19:35:57Z", "last_modified": "2013-02-19T23:34:15Z", "worker_groups": [], "auto_assign": 1, "progress_index": 60}}, {"pk": 73, "model": "articleflow.state", "fields": {"reassign_previous": true, "unique_name": null, "name": "Published on Stage", "created": "2013-04-02T19:35:57Z", "last_modified": "2013-02-19T23:34:33Z", "worker_groups": [], "auto_assign": 1, "progress_index": 70}}, {"pk": 75, "model": "articleflow.state", "fields": {"reassign_previous": true, "unique_name": "published_live", "name": "Published Live", "created": "2013-04-02T19:35:57Z", "last_modified": "2013-05-30T22:29:24Z", "worker_groups": [], "auto_assign": 1, "progress_index": 80}}]