[{"pk": 1, "model": "articleflow.journal", "fields": {"short_name": "pone", "created": "2013-03-27T23:02:38Z", "em_ambra_stage_prefix": "plosone", "em_db_name": "PONE", "em_url_prefix": "pone", "last_modified": "2013-03-28T21:27:13Z", "full_name": "PLOS ONE"}}, {"pk": 3, "model": "articleflow.journal", "fields": {"short_name": "ppat", "created": "2013-03-27T23:02:38Z", "em_ambra_stage_prefix": "plospathogens", "em_db_name": "PPATHOGENS", "em_url_prefix": "ppathogens", "last_modified": "2013-03-28T21:27:17Z", "full_name": "PLOS Pathogens"}}, {"pk": 5, "model": "articleflow.journal", "fields": {"short_name": "pgen", "created": "2013-03-27T23:02:38Z", "em_ambra_stage_prefix": "plosgenetics", "em_db_name": "PGENETICS", "em_url_prefix": "pgenetics", "last_modified": "2013-03-28T21:27:21Z", "full_name": "PLOS Genetics"}}, {"pk": 7, "model": "articleflow.journal", "fields": {"short_name": "pbio", "created": "2013-03-27T23:02:38Z", "em_ambra_stage_prefix": "plosbiology", "em_db_name": "PBIOLOGY", "em_url_prefix": "pbiology", "last_modified": "2013-03-28T21:27:24Z", "full_name": "PLOS Biology"}}, {"pk": 9, "model": "articleflow.journal", "fields": {"short_name": "pntd", "created": "2013-03-27T23:02:38Z", "em_ambra_stage_prefix": "plosntds", "em_db_name": "PNTD", "em_url_prefix": "pntd", "last_modified": "2013-03-28T21:27:30Z", "full_name": "PLOS Neglected Tropical Diseases"}}, {"pk": 11, "model": "articleflow.journal", "fields": {"short_name": "pcbi", "created": "2013-03-27T23:02:38Z", "em_ambra_stage_prefix": "ploscompbiol", "em_db_name": "PCOMPBIOL", "em_url_prefix": "pcompbiol", "last_modified": "2013-03-28T21:27:34Z", "full_name": "PLOS Computational Biology"}}, {"pk": 13, "model": "articleflow.journal", "fields": {"short_name": "pmed", "created": "2013-03-27T23:02:38Z", "em_ambra_stage_prefix": "plosmedicine", "em_db_name": "PMEDICINE", "em_url_prefix": "pmedicine", "last_modified": "2013-03-28T21:27:38Z", "full_name": "PLOS Medicine"}}, {"pk": 1, "model": "articleflow.typesetter", "fields": {"created": null, "name": "Merops", "last_modified": "2013-05-23T20:55:18Z", "description": ""}}, {"pk": 2, "model": "articleflow.typesetter", "fields": {"created": null, "name": "CW", "last_modified": "2013-05-23T20:55:24Z", "description": "Charles Worth"}}, {"pk": 1, "model": "issues.category", "fields": {"user_selectable": true, "name": "XML", "last_modified": "2013-02-14T20:09:03Z", "created": "2013-02-14T19:50:29Z"}}, {"pk": 2, "model": "issues.category", "fields": {"user_selectable": true, "name": "PDF", "last_modified": "2013-02-14T20:09:08Z", "created": "2013-02-14T19:50:29Z"}}, {"pk": 3, "model": "issues.category", "fields": {"user_selectable": true, "name": "XML+PDF", "last_modified": "2013-02-14T20:09:13Z", "created": "2013-02-14T19:50:29Z"}}, {"pk": 4, "model": "issues.category", "fields": {"user_selectable": true, "name": "SI", "last_modified": "2013-02-14T20:09:19Z", "created": "2013-02-14T19:50:29Z"}}, {"pk": 5, "model": "issues.category", "fields": {"user_selectable": false, "name": "Legacy", "last_modified": "2013-04-12T23:59:23Z", "created": "2013-02-14T19:50:29Z"}}, {"pk": 3, "model": "auth.group", "fields": {"name": "admin", "permissions": []}}, {"pk": 5, "model": "auth.group", "fields": {"name": "management", "permissions": []}}, {"pk": 9, "model": "auth.group", "fields": {"name": "merops web correctors", "permissions": []}}, {"pk": 7, "model": "auth.group", "fields": {"name": "merops web qcers", "permissions": []}}, {"pk": 11, "model": "auth.group", "fields": {"name": "plos pmers", "permissions": []}}, {"pk": 1, "model": "auth.group", "fields": {"name": "production", "permissions": []}}, {"pk": 2, "model": "auth.group", "fields": {"name": "web", "permissions": []}}, {"pk": 4, "model": "auth.group", "fields": {"name": "zyg", "permissions": []}}, {"pk": 45, "model": "articleflow.transition", "fields": {"from_state": 55, "assign_previous_assignee": false, "unique_name": null, "new_assignee_notification": null, "name": "Deliver", "created": "2013-04-02T19:35:57Z", "preference_weight": 0, "assign_transition_user": false, "last_modified": "2013-02-20T21:11:15Z", "disallow_open_items": false, "allowed_groups": [["admin"]], "file_upload_destination": null, "file_upload_description": null, "to_state": 59}}, {"pk": 47, "model": "articleflow.transition", "fields": {"from_state": 57, "assign_previous_assignee": false, "unique_name": null, "new_assignee_notification": null, "name": "Deliver", "created": "2013-04-02T19:35:57Z", "preference_weight": 0, "assign_transition_user": false, "last_modified": "2013-02-20T21:11:19Z", "disallow_open_items": false, "allowed_groups": [["admin"]], "file_upload_destination": null, "file_upload_description": null, "to_state": 59}}, {"pk": 51, "model": "articleflow.transition", "fields": {"from_state": 61, "assign_previous_assignee": false, "unique_name": null, "new_assignee_notification": null, "name": "Assign to QC (CW)", "created": "2013-04-02T19:35:57Z", "preference_weight": 0, "assign_transition_user": false, "last_modified": "2013-02-20T21:11:56Z", "disallow_open_items": false, "allowed_groups": [["admin"]], "file_upload_destination": null, "file_upload_description": null, "to_state": 63}}, {"pk": 53, "model": "articleflow.transition", "fields": {"from_state": 61, "assign_previous_assignee": false, "unique_name": null, "new_assignee_notification": null, "name": "Assign to QC (Merops)", "created": "2013-04-02T19:35:57Z", "preference_weight": 0, "assign_transition_user": false, "last_modified": "2013-02-20T21:12:01Z", "disallow_open_items": false, "allowed_groups": [["admin"]], "file_upload_destination": null, "file_upload_description": null, "to_state": 65}}, {"pk": 55, "model": "articleflow.transition", "fields": {"from_state": 63, "assign_previous_assignee": false, "unique_name": null, "new_assignee_notification": null, "name": "Needs Web Corrections (CW)", "created": "2013-04-02T19:35:57Z", "preference_weight": 50, "assign_transition_user": false, "last_modified": "2013-02-20T21:13:04Z", "disallow_open_items": false, "allowed_groups": [["production"], ["admin"], ["zyg"]], "file_upload_destination": null, "file_upload_description": null, "to_state": 69}}, {"pk": 57, "model": "articleflow.transition", "fields": {"from_state": 65, "assign_previous_assignee": false, "unique_name": null, "new_assignee_notification": null, "name": "Needs Web Corrections (Merops)", "created": "2013-04-02T19:35:57Z", "preference_weight": 50, "assign_transition_user": false, "last_modified": "2013-02-20T21:13:14Z", "disallow_open_items": false, "allowed_groups": [["production"], ["admin"], ["zyg"]], "file_upload_destination": null, "file_upload_description": null, "to_state": 67}}, {"pk": 59, "model": "articleflow.transition", "fields": {"from_state": 63, "assign_previous_assignee": false, "unique_name": null, "new_assignee_notification": null, "name": "OK", "created": "2013-04-02T19:35:57Z", "preference_weight": 100, "assign_transition_user": false, "last_modified": "2013-04-06T00:10:55Z", "disallow_open_items": true, "allowed_groups": [["production"], ["admin"], ["zyg"]], "file_upload_destination": null, "file_upload_description": null, "to_state": 71}}, {"pk": 61, "model": "articleflow.transition", "fields": {"from_state": 65, "assign_previous_assignee": false, "unique_name": null, "new_assignee_notification": null, "name": "OK", "created": "2013-04-02T19:35:57Z", "preference_weight": 100, "assign_transition_user": true, "last_modified": "2013-04-11T21:07:29Z", "disallow_open_items": true, "allowed_groups": [["production"], ["admin"], ["zyg"]], "file_upload_destination": null, "file_upload_description": null, "to_state": 71}}, {"pk": 63, "model": "articleflow.transition", "fields": {"from_state": 63, "assign_previous_assignee": false, "unique_name": null, "new_assignee_notification": null, "name": "Send back to CW", "created": "2013-04-02T19:35:57Z", "preference_weight": 25, "assign_transition_user": true, "last_modified": "2013-04-11T23:36:31Z", "disallow_open_items": false, "allowed_groups": [["admin"]], "file_upload_destination": null, "file_upload_description": null, "to_state": 77}}, {"pk": 65, "model": "articleflow.transition", "fields": {"from_state": 65, "assign_previous_assignee": false, "unique_name": "ready_for_qc_merops_to_prepare_manuscript", "new_assignee_notification": null, "name": "Send back to Merops", "created": "2013-04-02T19:35:57Z", "preference_weight": 25, "assign_transition_user": false, "last_modified": "2013-07-12T16:11:43Z", "disallow_open_items": false, "allowed_groups": [["admin"]], "file_upload_destination": "", "file_upload_description": "", "to_state": 91}}, {"pk": 67, "model": "articleflow.transition", "fields": {"from_state": 69, "assign_previous_assignee": false, "unique_name": null, "new_assignee_notification": null, "name": "Send back to Production", "created": "2013-04-02T19:35:57Z", "preference_weight": 25, "assign_transition_user": false, "last_modified": "2013-02-14T23:03:03Z", "disallow_open_items": false, "allowed_groups": [["web"], ["admin"]], "file_upload_destination": null, "file_upload_description": null, "to_state": 63}}, {"pk": 69, "model": "articleflow.transition", "fields": {"from_state": 67, "assign_previous_assignee": false, "unique_name": null, "new_assignee_notification": null, "name": "Send back to Production", "created": "2013-04-02T19:35:57Z", "preference_weight": 25, "assign_transition_user": false, "last_modified": "2013-02-14T23:03:00Z", "disallow_open_items": false, "allowed_groups": [["web"], ["admin"]], "file_upload_destination": null, "file_upload_description": null, "to_state": 65}}, {"pk": 71, "model": "articleflow.transition", "fields": {"from_state": 69, "assign_previous_assignee": false, "unique_name": null, "new_assignee_notification": null, "name": "Send back to CW", "created": "2013-04-02T19:35:57Z", "preference_weight": 25, "assign_transition_user": true, "last_modified": "2013-04-12T22:23:10Z", "disallow_open_items": false, "allowed_groups": [["web"], ["admin"]], "file_upload_destination": null, "file_upload_description": null, "to_state": 55}}, {"pk": 73, "model": "articleflow.transition", "fields": {"from_state": 67, "assign_previous_assignee": false, "unique_name": "merops_web_corrections_to_prepare_manuscript", "new_assignee_notification": null, "name": "Send back to Merops", "created": "2013-04-02T19:35:57Z", "preference_weight": 25, "assign_transition_user": false, "last_modified": "2013-06-13T15:24:19Z", "disallow_open_items": false, "allowed_groups": [["web"], ["admin"], ["merops web correctors"]], "file_upload_destination": "", "file_upload_description": "", "to_state": 91}}, {"pk": 75, "model": "articleflow.transition", "fields": {"from_state": 67, "assign_previous_assignee": false, "unique_name": null, "new_assignee_notification": null, "name": "Ready to Publish", "created": "2013-04-02T19:35:57Z", "preference_weight": 100, "assign_transition_user": false, "last_modified": "2013-04-06T00:11:14Z", "disallow_open_items": false, "allowed_groups": [["web"], ["admin"]], "file_upload_destination": null, "file_upload_description": null, "to_state": 71}}, {"pk": 77, "model": "articleflow.transition", "fields": {"from_state": 69, "assign_previous_assignee": false, "unique_name": null, "new_assignee_notification": null, "name": "Ready to Publish", "created": "2013-04-02T19:35:57Z", "preference_weight": 100, "assign_transition_user": false, "last_modified": "2013-04-06T00:11:04Z", "disallow_open_items": false, "allowed_groups": [["web"], ["admin"]], "file_upload_destination": null, "file_upload_description": null, "to_state": 71}}, {"pk": 79, "model": "articleflow.transition", "fields": {"from_state": 71, "assign_previous_assignee": false, "unique_name": "publish_on_stage", "new_assignee_notification": null, "name": "Publish on Stage", "created": "2013-04-02T19:35:57Z", "preference_weight": 0, "assign_transition_user": false, "last_modified": "2013-08-01T20:49:03Z", "disallow_open_items": false, "allowed_groups": [["admin"]], "file_upload_destination": "", "file_upload_description": "", "to_state": 73}}, {"pk": 81, "model": "articleflow.transition", "fields": {"from_state": 73, "assign_previous_assignee": false, "unique_name": null, "new_assignee_notification": null, "name": "Publish on Live", "created": "2013-04-02T19:35:57Z", "preference_weight": 100, "assign_transition_user": false, "last_modified": "2013-02-14T23:03:53Z", "disallow_open_items": false, "allowed_groups": [["admin"]], "file_upload_destination": null, "file_upload_description": null, "to_state": 75}}, {"pk": 82, "model": "articleflow.transition", "fields": {"from_state": 59, "assign_previous_assignee": false, "unique_name": null, "new_assignee_notification": null, "name": "Pull", "created": "2013-04-02T19:35:57Z", "preference_weight": 0, "assign_transition_user": false, "last_modified": "2013-02-20T21:11:09Z", "disallow_open_items": false, "allowed_groups": [["admin"]], "file_upload_destination": null, "file_upload_description": null, "to_state": 85}}, {"pk": 83, "model": "articleflow.transition", "fields": {"from_state": 85, "assign_previous_assignee": false, "unique_name": null, "new_assignee_notification": null, "name": "Ingest", "created": "2013-04-02T19:35:57Z", "preference_weight": 0, "assign_transition_user": false, "last_modified": "2013-02-20T21:11:06Z", "disallow_open_items": false, "allowed_groups": [["admin"]], "file_upload_destination": null, "file_upload_description": null, "to_state": 61}}, {"pk": 84, "model": "articleflow.transition", "fields": {"from_state": 63, "assign_previous_assignee": false, "unique_name": null, "new_assignee_notification": null, "name": "Assign to Urgent QC (CW)", "created": "2013-04-02T19:35:57Z", "preference_weight": 50, "assign_transition_user": false, "last_modified": "2013-04-08T21:37:45Z", "disallow_open_items": false, "allowed_groups": [["admin"]], "file_upload_destination": null, "file_upload_description": null, "to_state": 86}}, {"pk": 85, "model": "articleflow.transition", "fields": {"from_state": 65, "assign_previous_assignee": false, "unique_name": null, "new_assignee_notification": null, "name": "Assign to Urgent QC (Merops)", "created": "2013-04-02T19:35:57Z", "preference_weight": 50, "assign_transition_user": false, "last_modified": "2013-02-20T21:18:10Z", "disallow_open_items": false, "allowed_groups": [["production"], ["admin"]], "file_upload_destination": null, "file_upload_description": null, "to_state": 87}}, {"pk": 86, "model": "articleflow.transition", "fields": {"from_state": 86, "assign_previous_assignee": false, "unique_name": null, "new_assignee_notification": null, "name": "Send to Web Corrections (CW)", "created": "2013-04-02T19:35:57Z", "preference_weight": 50, "assign_transition_user": false, "last_modified": "2013-02-20T21:21:24Z", "disallow_open_items": false, "allowed_groups": [["production"], ["admin"]], "file_upload_destination": null, "file_upload_description": null, "to_state": 69}}, {"pk": 87, "model": "articleflow.transition", "fields": {"from_state": 87, "assign_previous_assignee": false, "unique_name": "", "new_assignee_notification": null, "name": "Send to Web Corrections", "created": "2013-04-02T19:35:57Z", "preference_weight": 50, "assign_transition_user": false, "last_modified": "2013-06-03T04:45:50Z", "disallow_open_items": false, "allowed_groups": [["production"], ["admin"], ["zyg"]], "file_upload_destination": "", "file_upload_description": "", "to_state": 67}}, {"pk": 88, "model": "articleflow.transition", "fields": {"from_state": 86, "assign_previous_assignee": false, "unique_name": "OK_urgent_qc_to_ready_to_publish", "new_assignee_notification": null, "name": "OK", "created": "2013-04-02T19:35:57Z", "preference_weight": 100, "assign_transition_user": false, "last_modified": "2013-06-03T04:46:49Z", "disallow_open_items": true, "allowed_groups": [["production"], ["admin"], ["zyg"]], "file_upload_destination": "", "file_upload_description": "", "to_state": 71}}, {"pk": 89, "model": "articleflow.transition", "fields": {"from_state": 87, "assign_previous_assignee": false, "unique_name": null, "new_assignee_notification": null, "name": "OK", "created": "2013-04-02T19:35:57Z", "preference_weight": 100, "assign_transition_user": false, "last_modified": "2013-04-06T00:10:19Z", "disallow_open_items": true, "allowed_groups": [["production"], ["admin"]], "file_upload_destination": null, "file_upload_description": null, "to_state": 71}}, {"pk": 90, "model": "articleflow.transition", "fields": {"from_state": 91, "assign_previous_assignee": false, "unique_name": "merops_reprocess", "new_assignee_notification": null, "name": "Reprocess", "created": "2013-05-30T22:41:58Z", "preference_weight": 50, "assign_transition_user": true, "last_modified": "2013-08-05T18:16:05Z", "disallow_open_items": false, "allowed_groups": [["production"], ["web"], ["admin"], ["zyg"]], "file_upload_destination": "/var/spool/delivery/merops/merops/watch/ /var/spool/delivery/merops/merops/watch-bu/", "file_upload_description": "Upload a word document to reprocess.", "to_state": 89}}, {"pk": 91, "model": "articleflow.transition", "fields": {"from_state": 91, "assign_previous_assignee": false, "unique_name": "merops_finish", "new_assignee_notification": null, "name": "Finish", "created": "2013-05-30T22:43:26Z", "preference_weight": 100, "assign_transition_user": true, "last_modified": "2013-08-05T18:16:12Z", "disallow_open_items": false, "allowed_groups": [["production"], ["web"], ["admin"], ["zyg"]], "file_upload_destination": "/var/spool/delivery/merops/finish/watch/ /var/spool/delivery/merops/finish/watch-bu/", "file_upload_description": "Upload a word document to finish.", "to_state": 92}}, {"pk": 92, "model": "articleflow.transition", "fields": {"from_state": 67, "assign_previous_assignee": false, "unique_name": "send_back_to_merops_production", "new_assignee_notification": null, "name": "Send back to Merops Production", "created": "2013-05-30T22:52:52Z", "preference_weight": 25, "assign_transition_user": false, "last_modified": "2013-05-30T22:52:52Z", "disallow_open_items": false, "allowed_groups": [["web"], ["admin"]], "file_upload_destination": "", "file_upload_description": "", "to_state": 91}}, {"pk": 93, "model": "articleflow.transition", "fields": {"from_state": 73, "assign_previous_assignee": false, "unique_name": "send_back_to_web_corrections_cw_from_pubbed_stage", "new_assignee_notification": null, "name": "Send back to Web Corrections (CW)", "created": "2013-04-15T13:54:08Z", "preference_weight": 50, "assign_transition_user": false, "last_modified": "2013-06-10T22:56:14Z", "disallow_open_items": false, "allowed_groups": [["production"], ["web"], ["admin"], ["zyg"]], "file_upload_destination": "", "file_upload_description": "", "to_state": 69}}, {"pk": 95, "model": "articleflow.transition", "fields": {"from_state": 71, "assign_previous_assignee": false, "unique_name": "send_back_to_web_corrections_cw_from_ready_to_pub", "new_assignee_notification": null, "name": "Send back to Web Corrections (CW)", "created": "2013-04-15T13:54:08Z", "preference_weight": 50, "assign_transition_user": false, "last_modified": "2013-06-10T22:56:01Z", "disallow_open_items": false, "allowed_groups": [["production"], ["web"], ["admin"], ["zyg"]], "file_upload_destination": "", "file_upload_description": "", "to_state": 69}}, {"pk": 97, "model": "articleflow.transition", "fields": {"from_state": 84, "assign_previous_assignee": false, "unique_name": null, "new_assignee_notification": null, "name": "Fake Pull", "created": "2013-04-15T13:54:08Z", "preference_weight": 0, "assign_transition_user": false, "last_modified": "2013-04-15T19:28:09Z", "disallow_open_items": false, "allowed_groups": [["admin"]], "file_upload_destination": null, "file_upload_description": null, "to_state": 85}}, {"pk": 99, "model": "articleflow.transition", "fields": {"from_state": 73, "assign_previous_assignee": false, "unique_name": null, "new_assignee_notification": null, "name": "Reset QC", "created": "2013-05-01T18:31:43Z", "preference_weight": 0, "assign_transition_user": false, "last_modified": "2013-05-01T18:31:43Z", "disallow_open_items": false, "allowed_groups": [["admin"]], "file_upload_destination": null, "file_upload_description": null, "to_state": 63}}, {"pk": 101, "model": "articleflow.transition", "fields": {"from_state": 75, "assign_previous_assignee": false, "unique_name": "send_back_to_web_corrections_cw_from_pubbed_live", "new_assignee_notification": null, "name": "Send back to Web Corrections (CW)", "created": "2013-06-03T18:02:32Z", "preference_weight": 50, "assign_transition_user": true, "last_modified": "2013-06-10T22:56:28Z", "disallow_open_items": false, "allowed_groups": [["web"], ["admin"]], "file_upload_destination": "", "file_upload_description": "", "to_state": 69}}, {"pk": 103, "model": "articleflow.transition", "fields": {"from_state": 63, "assign_previous_assignee": false, "unique_name": "move_to_ready_for_qc_merops", "new_assignee_notification": null, "name": "Move to Ready for QC (Merops)", "created": "2013-06-03T22:54:59Z", "preference_weight": 0, "assign_transition_user": false, "last_modified": "2013-06-03T22:54:59Z", "disallow_open_items": false, "allowed_groups": [["admin"]], "file_upload_destination": "", "file_upload_description": "", "to_state": 65}}, {"pk": 105, "model": "articleflow.transition", "fields": {"from_state": 93, "assign_previous_assignee": false, "unique_name": "merops_pull", "new_assignee_notification": null, "name": "Pull", "created": "2013-06-05T21:04:14Z", "preference_weight": 0, "assign_transition_user": false, "last_modified": "2013-06-05T21:04:14Z", "disallow_open_items": false, "allowed_groups": [["admin"]], "file_upload_destination": "", "file_upload_description": "", "to_state": 85}}, {"pk": 107, "model": "articleflow.transition", "fields": {"from_state": 86, "assign_previous_assignee": false, "unique_name": "move_to_urgent_qc_merops", "new_assignee_notification": null, "name": "Move to Urgent QC (Merops)", "created": "2013-06-10T18:22:52Z", "preference_weight": 0, "assign_transition_user": false, "last_modified": "2013-06-10T18:22:52Z", "disallow_open_items": false, "allowed_groups": [["admin"]], "file_upload_destination": "", "file_upload_description": "", "to_state": 65}}, {"pk": 109, "model": "articleflow.transition", "fields": {"from_state": 92, "assign_previous_assignee": false, "unique_name": "send_back_to_prepare_manuscript", "new_assignee_notification": null, "name": "Send back to prepare manuscript", "created": "2013-06-12T17:59:56Z", "preference_weight": 0, "assign_transition_user": false, "last_modified": "2013-06-12T17:59:56Z", "disallow_open_items": false, "allowed_groups": [["admin"]], "file_upload_destination": "", "file_upload_description": "", "to_state": 91}}, {"pk": 111, "model": "articleflow.transition", "fields": {"from_state": 93, "assign_previous_assignee": false, "unique_name": "queue_for_article_pull", "new_assignee_notification": null, "name": "Queue for Article Pull", "created": "2013-06-21T15:56:18Z", "preference_weight": 0, "assign_transition_user": false, "last_modified": "2013-06-21T15:56:18Z", "disallow_open_items": false, "allowed_groups": [["admin"]], "file_upload_destination": "", "file_upload_description": "", "to_state": 94}}, {"pk": 113, "model": "articleflow.transition", "fields": {"from_state": 55, "assign_previous_assignee": false, "unique_name": "at_cw_to_web_corrections_cw", "new_assignee_notification": null, "name": "Send back to Web Corrections (CW)", "created": "2013-06-21T19:21:36Z", "preference_weight": 50, "assign_transition_user": false, "last_modified": "2013-06-21T19:21:36Z", "disallow_open_items": false, "allowed_groups": [["web"], ["admin"]], "file_upload_destination": "", "file_upload_description": "", "to_state": 69}}, {"pk": 115, "model": "articleflow.transition", "fields": {"from_state": 65, "assign_previous_assignee": false, "unique_name": "ready_for_qc_merops_ready_to_build_package", "new_assignee_notification": null, "name": "Queue for re-pulling", "created": "2013-06-24T22:12:25Z", "preference_weight": 25, "assign_transition_user": false, "last_modified": "2013-06-24T22:12:25Z", "disallow_open_items": false, "allowed_groups": [["admin"], ["merops web qcers"]], "file_upload_destination": "", "file_upload_description": "", "to_state": 94}}, {"pk": 117, "model": "articleflow.transition", "fields": {"from_state": 85, "assign_previous_assignee": false, "unique_name": "pulled_to_prepare_manuscript", "new_assignee_notification": null, "name": "Send back to prepare manuscript (Merops only)", "created": "2013-07-15T16:20:04Z", "preference_weight": 0, "assign_transition_user": false, "last_modified": "2013-07-15T16:20:04Z", "disallow_open_items": false, "allowed_groups": [["admin"]], "file_upload_destination": "", "file_upload_description": "", "to_state": 65}}, {"pk": 118, "model": "articleflow.transition", "fields": {"from_state": 69, "assign_previous_assignee": true, "unique_name": "assign_to_urgent_web_corrections_cw", "new_assignee_notification": 1, "name": "Assign to Urgent Web Corrections", "created": "2013-08-12T20:33:21Z", "preference_weight": 0, "assign_transition_user": false, "last_modified": "2013-08-12T20:33:21Z", "disallow_open_items": false, "allowed_groups": [["admin"]], "file_upload_destination": "", "file_upload_description": "", "to_state": 95}}, {"pk": 119, "model": "articleflow.transition", "fields": {"from_state": 67, "assign_previous_assignee": true, "unique_name": "assign_to_urgent_web_corrections_merops", "new_assignee_notification": 1, "name": "Assign to Urgent Web Corrections", "created": "2013-08-12T20:43:43Z", "preference_weight": 0, "assign_transition_user": false, "last_modified": "2013-08-12T20:43:43Z", "disallow_open_items": false, "allowed_groups": [["admin"]], "file_upload_destination": "", "file_upload_description": "", "to_state": 96}}, {"pk": 120, "model": "articleflow.transition", "fields": {"from_state": 95, "assign_previous_assignee": false, "unique_name": "urgent_web_corrections_cw_ready_to_publish", "new_assignee_notification": null, "name": "Ready to Publish", "created": "2013-08-12T20:58:06Z", "preference_weight": 100, "assign_transition_user": false, "last_modified": "2013-08-12T20:58:06Z", "disallow_open_items": false, "allowed_groups": [["web"], ["admin"], ["merops web correctors"]], "file_upload_destination": "", "file_upload_description": "", "to_state": 71}}, {"pk": 121, "model": "articleflow.transition", "fields": {"from_state": 96, "assign_previous_assignee": false, "unique_name": "urgent_web_corrections_merops_ready_to_publish", "new_assignee_notification": null, "name": "Ready to Publish", "created": "2013-08-12T20:59:03Z", "preference_weight": 100, "assign_transition_user": false, "last_modified": "2013-08-12T21:08:36Z", "disallow_open_items": false, "allowed_groups": [["web"], ["admin"], ["merops web correctors"]], "file_upload_destination": "", "file_upload_description": "", "to_state": 71}}, {"pk": 122, "model": "articleflow.transition", "fields": {"from_state": 95, "assign_previous_assignee": false, "unique_name": "urgent_web_corrections_cw_ready_for_qc", "new_assignee_notification": 2, "name": "Send back to Production", "created": "2013-08-12T21:00:40Z", "preference_weight": 25, "assign_transition_user": false, "last_modified": "2013-08-12T21:00:40Z", "disallow_open_items": false, "allowed_groups": [["web"], ["admin"], ["merops web correctors"]], "file_upload_destination": "", "file_upload_description": "", "to_state": 63}}, {"pk": 123, "model": "articleflow.transition", "fields": {"from_state": 96, "assign_previous_assignee": false, "unique_name": "urgent_web_corrections_merops_ready_for_qc", "new_assignee_notification": 2, "name": "Send back to Production", "created": "2013-08-12T21:03:47Z", "preference_weight": 25, "assign_transition_user": false, "last_modified": "2013-08-12T21:03:47Z", "disallow_open_items": false, "allowed_groups": [["web"], ["admin"], ["merops web correctors"]], "file_upload_destination": "", "file_upload_description": "", "to_state": 65}}, {"pk": 124, "model": "articleflow.transition", "fields": {"from_state": 96, "assign_previous_assignee": false, "unique_name": "urgent_web_corrections_merops_prepare_manuscript", "new_assignee_notification": null, "name": "Send back to Merops", "created": "2013-08-12T21:04:56Z", "preference_weight": 25, "assign_transition_user": false, "last_modified": "2013-08-12T21:07:47Z", "disallow_open_items": false, "allowed_groups": [["web"], ["admin"], ["merops web correctors"]], "file_upload_destination": "", "file_upload_description": "", "to_state": 91}}, {"pk": 125, "model": "articleflow.transition", "fields": {"from_state": 95, "assign_previous_assignee": false, "unique_name": "urgent_web_corrections_cw_at_cw", "new_assignee_notification": null, "name": "Send back to CW", "created": "2013-08-12T21:05:46Z", "preference_weight": 25, "assign_transition_user": true, "last_modified": "2013-08-12T21:05:46Z", "disallow_open_items": false, "allowed_groups": [["web"], ["admin"], ["merops web correctors"]], "file_upload_destination": "", "file_upload_description": "", "to_state": 55}}, {"pk": 88, "model": "articleflow.state", "fields": {"reassign_previous": true, "unique_name": "delivered_from_aries", "name": "Delivered from Aries", "created": "2013-05-29T22:41:33Z", "typesetters": [], "last_modified": "2013-05-30T22:31:51Z", "worker_groups": [["admin"]], "auto_assign": 1, "progress_index": -60}}, {"pk": 89, "model": "articleflow.state", "fields": {"reassign_previous": true, "unique_name": "queued_for_meropsing", "name": "Queued for Meropsing", "created": "2013-05-30T16:37:16Z", "typesetters": [], "last_modified": "2013-05-30T22:30:53Z", "worker_groups": [["admin"]], "auto_assign": 1, "progress_index": -50}}, {"pk": 90, "model": "articleflow.state", "fields": {"reassign_previous": true, "unique_name": "meropsed", "name": "Meropsed", "created": "2013-05-30T19:39:19Z", "typesetters": [], "last_modified": "2013-05-30T22:30:45Z", "worker_groups": [["admin"]], "auto_assign": 1, "progress_index": -40}}, {"pk": 91, "model": "articleflow.state", "fields": {"reassign_previous": true, "unique_name": "prepare_manuscript", "name": "Prepare Manuscript", "created": "2013-05-30T19:52:31Z", "typesetters": [], "last_modified": "2013-06-14T15:45:52Z", "worker_groups": [["admin"], ["zyg"], ["plos pmers"]], "auto_assign": 1, "progress_index": -30}}, {"pk": 92, "model": "articleflow.state", "fields": {"reassign_previous": true, "unique_name": "queued_for_finish", "name": "Queued for Finish XML", "created": "2013-05-30T20:43:34Z", "typesetters": [], "last_modified": "2013-05-30T22:30:32Z", "worker_groups": [["admin"]], "auto_assign": 1, "progress_index": -20}}, {"pk": 55, "model": "articleflow.state", "fields": {"reassign_previous": true, "unique_name": null, "name": "At CW", "created": "2013-04-02T19:35:57Z", "typesetters": [], "last_modified": "2013-02-19T23:31:56Z", "worker_groups": [], "auto_assign": 1, "progress_index": -10}}, {"pk": 93, "model": "articleflow.state", "fields": {"reassign_previous": true, "unique_name": "finish_out", "name": "Finish XML Complete", "created": "2013-05-30T20:45:16Z", "typesetters": [], "last_modified": "2013-05-30T22:30:25Z", "worker_groups": [], "auto_assign": 1, "progress_index": -10}}, {"pk": 57, "model": "articleflow.state", "fields": {"reassign_previous": true, "unique_name": null, "name": "At Merops", "created": "2013-04-02T19:35:57Z", "typesetters": [], "last_modified": "2013-02-19T23:31:46Z", "worker_groups": [], "auto_assign": 1, "progress_index": -10}}, {"pk": 79, "model": "articleflow.state", "fields": {"reassign_previous": true, "unique_name": null, "name": "Back at Merops", "created": "2013-04-02T19:35:57Z", "typesetters": [], "last_modified": "2013-02-19T23:35:09Z", "worker_groups": [], "auto_assign": 1, "progress_index": -5}}, {"pk": 77, "model": "articleflow.state", "fields": {"reassign_previous": true, "unique_name": null, "name": "Back at CW", "created": "2013-04-02T19:35:57Z", "typesetters": [], "last_modified": "2013-02-19T23:35:14Z", "worker_groups": [], "auto_assign": 1, "progress_index": -5}}, {"pk": 94, "model": "articleflow.state", "fields": {"reassign_previous": true, "unique_name": "ready_to_build_article_package", "name": "Ready to Build Article Package", "created": "2013-05-30T21:28:26Z", "typesetters": [], "last_modified": "2013-05-30T22:30:19Z", "worker_groups": [["admin"]], "auto_assign": 1, "progress_index": 0}}, {"pk": 84, "model": "articleflow.state", "fields": {"reassign_previous": true, "unique_name": "new", "name": "New", "created": "2013-04-02T19:35:57Z", "typesetters": [], "last_modified": "2013-08-01T21:19:09Z", "worker_groups": [], "auto_assign": 1, "progress_index": 0}}, {"pk": 59, "model": "articleflow.state", "fields": {"reassign_previous": true, "unique_name": null, "name": "Delivered", "created": "2013-04-02T19:35:57Z", "typesetters": [], "last_modified": "2013-02-19T23:30:57Z", "worker_groups": [], "auto_assign": 1, "progress_index": 10}}, {"pk": 85, "model": "articleflow.state", "fields": {"reassign_previous": true, "unique_name": null, "name": "Pulled", "created": "2013-04-02T19:35:57Z", "typesetters": [], "last_modified": "2013-02-19T23:30:49Z", "worker_groups": [], "auto_assign": 1, "progress_index": 20}}, {"pk": 61, "model": "articleflow.state", "fields": {"reassign_previous": true, "unique_name": "ingested", "name": "Ingested", "created": "2013-04-02T19:35:57Z", "typesetters": [], "last_modified": "2013-06-20T22:22:58Z", "worker_groups": [], "auto_assign": 1, "progress_index": 30}}, {"pk": 65, "model": "articleflow.state", "fields": {"reassign_previous": true, "unique_name": "ready_for_qc_merops", "name": "Ready for QC (Merops)", "created": "2013-04-02T19:35:57Z", "typesetters": [1], "last_modified": "2013-07-31T04:54:20Z", "worker_groups": [["production"], ["web"], ["merops web qcers"]], "auto_assign": 1, "progress_index": 40}}, {"pk": 63, "model": "articleflow.state", "fields": {"reassign_previous": true, "unique_name": "ready_for_qc_cw", "name": "Ready for QC (CW)", "created": "2013-04-02T19:35:57Z", "typesetters": [2], "last_modified": "2013-07-31T04:54:25Z", "worker_groups": [["production"], ["admin"], ["zyg"]], "auto_assign": 1, "progress_index": 40}}, {"pk": 87, "model": "articleflow.state", "fields": {"reassign_previous": true, "unique_name": "urgent_qc_merops", "name": "Urgent QC (Merops)", "created": "2013-04-02T19:35:57Z", "typesetters": [1], "last_modified": "2013-07-31T04:54:29Z", "worker_groups": [["production"]], "auto_assign": 1, "progress_index": 45}}, {"pk": 86, "model": "articleflow.state", "fields": {"reassign_previous": true, "unique_name": "urgent_qc_cw", "name": "Urgent QC (CW)", "created": "2013-04-02T19:35:57Z", "typesetters": [2], "last_modified": "2013-07-31T04:54:34Z", "worker_groups": [["production"]], "auto_assign": 2, "progress_index": 45}}, {"pk": 69, "model": "articleflow.state", "fields": {"reassign_previous": true, "unique_name": "needs_web_corrections_cw", "name": "Needs Web Corrections (CW)", "created": "2013-04-02T19:35:57Z", "typesetters": [2], "last_modified": "2013-07-31T04:55:16Z", "worker_groups": [["web"]], "auto_assign": 2, "progress_index": 50}}, {"pk": 67, "model": "articleflow.state", "fields": {"reassign_previous": true, "unique_name": "needs_web_corrections_merops", "name": "Needs Web Corrections (Merops)", "created": "2013-04-02T19:35:57Z", "typesetters": [1], "last_modified": "2013-07-31T04:54:42Z", "worker_groups": [["merops web correctors"]], "auto_assign": 2, "progress_index": 50}}, {"pk": 95, "model": "articleflow.state", "fields": {"reassign_previous": true, "unique_name": "urgent_web_corrections_cw", "name": "Urgent Web Corrections (CW)", "created": "2013-08-12T20:30:44Z", "typesetters": [2], "last_modified": "2013-08-12T20:31:27Z", "worker_groups": [["merops web correctors"]], "auto_assign": 1, "progress_index": 55}}, {"pk": 96, "model": "articleflow.state", "fields": {"reassign_previous": true, "unique_name": "urgent_web_corrections_merops", "name": "Urgent Web Corrections (Merops)", "created": "2013-08-12T20:31:14Z", "typesetters": [1], "last_modified": "2013-08-12T20:31:14Z", "worker_groups": [["web"], ["merops web correctors"]], "auto_assign": 1, "progress_index": 55}}, {"pk": 71, "model": "articleflow.state", "fields": {"reassign_previous": true, "unique_name": "ready_to_publish", "name": "Ready to Publish", "created": "2013-04-02T19:35:57Z", "typesetters": [1, 2], "last_modified": "2013-07-31T04:54:52Z", "worker_groups": [], "auto_assign": 1, "progress_index": 60}}, {"pk": 73, "model": "articleflow.state", "fields": {"reassign_previous": true, "unique_name": "published_on_stage", "name": "Published on Stage", "created": "2013-04-02T19:35:57Z", "typesetters": [1, 2], "last_modified": "2013-07-31T04:55:02Z", "worker_groups": [], "auto_assign": 1, "progress_index": 70}}, {"pk": 75, "model": "articleflow.state", "fields": {"reassign_previous": true, "unique_name": "published_live", "name": "Published Live", "created": "2013-04-02T19:35:57Z", "typesetters": [1, 2], "last_modified": "2013-07-31T04:55:07Z", "worker_groups": [], "auto_assign": 1, "progress_index": 80}}]