[{"pk": 1, "model": "articleflow.journal", "fields": {"short_name": "pone", "created": "2013-03-27T23:02:38Z", "em_ambra_stage_prefix": "plosone", "em_db_name": "PONE", "em_url_prefix": "pone", "last_modified": "2013-03-28T21:27:13Z", "full_name": "PLOS ONE"}}, {"pk": 3, "model": "articleflow.journal", "fields": {"short_name": "ppat", "created": "2013-03-27T23:02:38Z", "em_ambra_stage_prefix": "plospathogens", "em_db_name": "PPATHOGENS", "em_url_prefix": "ppathogens", "last_modified": "2013-03-28T21:27:17Z", "full_name": "PLOS Pathogens"}}, {"pk": 5, "model": "articleflow.journal", "fields": {"short_name": "pgen", "created": "2013-03-27T23:02:38Z", "em_ambra_stage_prefix": "plosgenetics", "em_db_name": "PGENETICS", "em_url_prefix": "pgenetics", "last_modified": "2013-03-28T21:27:21Z", "full_name": "PLOS Genetics"}}, {"pk": 7, "model": "articleflow.journal", "fields": {"short_name": "pbio", "created": "2013-03-27T23:02:38Z", "em_ambra_stage_prefix": "plosbiology", "em_db_name": "PBIOLOGY", "em_url_prefix": "pbiology", "last_modified": "2013-03-28T21:27:24Z", "full_name": "PLOS Biology"}}, {"pk": 9, "model": "articleflow.journal", "fields": {"short_name": "pntd", "created": "2013-03-27T23:02:38Z", "em_ambra_stage_prefix": "plosntds", "em_db_name": "PNTD", "em_url_prefix": "pntd", "last_modified": "2013-03-28T21:27:30Z", "full_name": "PLOS Neglected Tropical Diseases"}}, {"pk": 11, "model": "articleflow.journal", "fields": {"short_name": "pcbi", "created": "2013-03-27T23:02:38Z", "em_ambra_stage_prefix": "ploscompbiol", "em_db_name": "PCOMPBIOL", "em_url_prefix": "pcompbiol", "last_modified": "2013-03-28T21:27:34Z", "full_name": "PLOS Computational Biology"}}, {"pk": 13, "model": "articleflow.journal", "fields": {"short_name": "pmed", "created": "2013-03-27T23:02:38Z", "em_ambra_stage_prefix": "plosmedicine", "em_db_name": "PMEDICINE", "em_url_prefix": "pmedicine", "last_modified": "2013-03-28T21:27:38Z", "full_name": "PLOS Medicine"}}, {"pk": 1, "model": "issues.category", "fields": {"user_selectable": true, "name": "XML", "last_modified": "2013-02-14T20:09:03Z", "created": "2013-02-14T19:50:29Z"}}, {"pk": 2, "model": "issues.category", "fields": {"user_selectable": true, "name": "PDF", "last_modified": "2013-02-14T20:09:08Z", "created": "2013-02-14T19:50:29Z"}}, {"pk": 3, "model": "issues.category", "fields": {"user_selectable": true, "name": "XML+PDF", "last_modified": "2013-02-14T20:09:13Z", "created": "2013-02-14T19:50:29Z"}}, {"pk": 4, "model": "issues.category", "fields": {"user_selectable": true, "name": "SI", "last_modified": "2013-02-14T20:09:19Z", "created": "2013-02-14T19:50:29Z"}}, {"pk": 5, "model": "issues.category", "fields": {"user_selectable": false, "name": "Legacy", "last_modified": "2013-04-12T23:59:23Z", "created": "2013-02-14T19:50:29Z"}}, {"pk": 3, "model": "auth.group", "fields": {"name": "admin", "permissions": []}}, {"pk": 1, "model": "auth.group", "fields": {"name": "production", "permissions": []}}, {"pk": 2, "model": "auth.group", "fields": {"name": "web", "permissions": []}}, {"pk": 4, "model": "auth.group", "fields": {"name": "zyg", "permissions": []}}, {"pk": 1, "model": "auth.user", "fields": {"username": "admin", "first_name": "", "last_name": "", "is_active": true, "is_superuser": true, "is_staff": true, "last_login": "2013-02-14T21:13:10Z", "groups": [], "user_permissions": [], "password": "pbkdf2_sha256$10000$mFYP3RfzqWaX$EjmQLVLN3UU8KnpJ0B27nIF2EWAbMLzYdxbpEWIG8LQ=", "email": "jlabarba@plos.org", "date_joined": "2013-02-09T19:54:48Z"}}, {"pk": 2, "model": "auth.user", "fields": {"username": "jlabarba", "first_name": "Jack", "last_name": "LaBarba", "is_active": true, "is_superuser": true, "is_staff": true, "last_login": "2013-04-15T02:10:54Z", "groups": [["admin"]], "user_permissions": [], "password": "!", "email": "jlabarba@plos.org", "date_joined": "2013-02-09T22:24:09Z"}}, {"pk": 4, "model": "auth.user", "fields": {"username": "jharney", "first_name": "", "last_name": "", "is_active": true, "is_superuser": true, "is_staff": true, "last_login": "2013-02-14T21:10:38Z", "groups": [["web"], ["admin"]], "user_permissions": [], "password": "pbkdf2_sha256$10000$0sypJLOGOhqv$uiuCvpfHzDcg6Y8uDwXGmAiKQ+f98UJAKo7Az5fmja0=", "email": "", "date_joined": "2013-02-14T21:10:38Z"}}, {"pk": 7, "model": "auth.user", "fields": {"username": "jsenate", "first_name": "", "last_name": "", "is_active": true, "is_superuser": false, "is_staff": false, "last_login": "2013-02-16T03:19:26Z", "groups": [["production"]], "user_permissions": [], "password": "veryinsecurepassword", "email": "", "date_joined": "2013-02-16T03:19:26Z"}}, {"pk": 8, "model": "auth.user", "fields": {"username": "nmeechoonuk", "first_name": "", "last_name": "", "is_active": true, "is_superuser": false, "is_staff": false, "last_login": "2013-02-16T03:19:27Z", "groups": [["web"], ["admin"]], "user_permissions": [], "password": "veryinsecurepassword", "email": "", "date_joined": "2013-02-16T03:19:27Z"}}, {"pk": 9, "model": "auth.user", "fields": {"username": "ingestSweep", "first_name": "", "last_name": "", "is_active": true, "is_superuser": false, "is_staff": false, "last_login": "2013-02-19T21:35:54Z", "groups": [], "user_permissions": [], "password": "veryinsecurepassword", "email": "", "date_joined": "2013-02-19T21:35:54Z"}}, {"pk": 10, "model": "auth.user", "fields": {"username": "mwhiteford", "first_name": "", "last_name": "", "is_active": true, "is_superuser": false, "is_staff": false, "last_login": "2013-02-19T21:35:54Z", "groups": [], "user_permissions": [], "password": "veryinsecurepassword", "email": "", "date_joined": "2013-02-19T21:35:54Z"}}, {"pk": 11, "model": "auth.user", "fields": {"username": "gstorelli", "first_name": "", "last_name": "", "is_active": true, "is_superuser": false, "is_staff": false, "last_login": "2013-02-19T21:44:10Z", "groups": [["production"]], "user_permissions": [], "password": "veryinsecurepassword", "email": "", "date_joined": "2013-02-19T21:44:10Z"}}, {"pk": 12, "model": "auth.user", "fields": {"username": "yhurd", "first_name": "", "last_name": "", "is_active": true, "is_superuser": false, "is_staff": false, "last_login": "2013-02-19T21:44:10Z", "groups": [["web"]], "user_permissions": [], "password": "veryinsecurepassword", "email": "", "date_joined": "2013-02-19T21:44:10Z"}}, {"pk": 14, "model": "auth.user", "fields": {"username": "vyin", "first_name": "Vera", "last_name": "Yin", "is_active": true, "is_superuser": true, "is_staff": true, "last_login": "2013-04-01T19:51:02Z", "groups": [["admin"]], "user_permissions": [], "password": "pbkdf2_sha256$10000$1BfntrCEAN0c$+0X/UQI7OR1o8L3azP26O2AvOjvzHprVYKCxfR+vjfc=", "email": "vyin@plos.org", "date_joined": "2013-03-06T00:02:55Z"}}, {"pk": 15, "model": "auth.user", "fields": {"username": "kluschek", "first_name": "", "last_name": "", "is_active": true, "is_superuser": false, "is_staff": false, "last_login": "2013-04-14T04:07:32Z", "groups": [["production"]], "user_permissions": [], "password": "veryinsecurepassword", "email": "", "date_joined": "2013-04-14T04:07:32Z"}}, {"pk": 17, "model": "auth.user", "fields": {"username": "kbrandt", "first_name": "", "last_name": "", "is_active": true, "is_superuser": false, "is_staff": false, "last_login": "2013-04-14T04:07:33Z", "groups": [["web"]], "user_permissions": [], "password": "veryinsecurepassword", "email": "", "date_joined": "2013-04-14T04:07:33Z"}}, {"pk": 19, "model": "auth.user", "fields": {"username": "processFeedback", "first_name": "", "last_name": "", "is_active": true, "is_superuser": false, "is_staff": false, "last_login": "2013-04-14T04:07:35Z", "groups": [], "user_permissions": [], "password": "veryinsecurepassword", "email": "", "date_joined": "2013-04-14T04:07:35Z"}}, {"pk": 21, "model": "auth.user", "fields": {"username": "cmadden", "first_name": "", "last_name": "", "is_active": true, "is_superuser": false, "is_staff": false, "last_login": "2013-04-14T04:07:36Z", "groups": [["zyg"]], "user_permissions": [], "password": "veryinsecurepassword", "email": "", "date_joined": "2013-04-14T04:07:36Z"}}, {"pk": 23, "model": "auth.user", "fields": {"username": "mreed", "first_name": "", "last_name": "", "is_active": true, "is_superuser": false, "is_staff": false, "last_login": "2013-04-14T04:07:37Z", "groups": [["web"]], "user_permissions": [], "password": "veryinsecurepassword", "email": "", "date_joined": "2013-04-14T04:07:37Z"}}, {"pk": 25, "model": "auth.user", "fields": {"username": "amelkisethian", "first_name": "", "last_name": "", "is_active": true, "is_superuser": false, "is_staff": false, "last_login": "2013-04-14T04:07:39Z", "groups": [["web"]], "user_permissions": [], "password": "veryinsecurepassword", "email": "", "date_joined": "2013-04-14T04:07:39Z"}}, {"pk": 27, "model": "auth.user", "fields": {"username": "nbouaravong", "first_name": "", "last_name": "", "is_active": true, "is_superuser": false, "is_staff": false, "last_login": "2013-04-14T04:07:42Z", "groups": [["zyg"]], "user_permissions": [], "password": "veryinsecurepassword", "email": "", "date_joined": "2013-04-14T04:07:42Z"}}, {"pk": 29, "model": "auth.user", "fields": {"username": "dbaum", "first_name": "", "last_name": "", "is_active": true, "is_superuser": false, "is_staff": false, "last_login": "2013-04-14T04:07:48Z", "groups": [["production"]], "user_permissions": [], "password": "veryinsecurepassword", "email": "", "date_joined": "2013-04-14T04:07:48Z"}}, {"pk": 31, "model": "auth.user", "fields": {"username": "srutherford", "first_name": "", "last_name": "", "is_active": true, "is_superuser": false, "is_staff": false, "last_login": "2013-04-14T04:07:50Z", "groups": [["zyg"]], "user_permissions": [], "password": "veryinsecurepassword", "email": "", "date_joined": "2013-04-14T04:07:50Z"}}, {"pk": 33, "model": "auth.user", "fields": {"username": "sisley", "first_name": "", "last_name": "", "is_active": true, "is_superuser": false, "is_staff": false, "last_login": "2013-04-14T04:07:56Z", "groups": [], "user_permissions": [], "password": "veryinsecurepassword", "email": "", "date_joined": "2013-04-14T04:07:56Z"}}, {"pk": 35, "model": "auth.user", "fields": {"username": "dquan", "first_name": "", "last_name": "", "is_active": true, "is_superuser": false, "is_staff": false, "last_login": "2013-04-14T04:08:01Z", "groups": [["zyg"]], "user_permissions": [], "password": "veryinsecurepassword", "email": "", "date_joined": "2013-04-14T04:08:01Z"}}, {"pk": 37, "model": "auth.user", "fields": {"username": "tvonraesfeld", "first_name": "", "last_name": "", "is_active": true, "is_superuser": false, "is_staff": false, "last_login": "2013-04-14T04:08:11Z", "groups": [], "user_permissions": [], "password": "veryinsecurepassword", "email": "", "date_joined": "2013-04-14T04:08:11Z"}}, {"pk": 39, "model": "auth.user", "fields": {"username": "mbrown", "first_name": "", "last_name": "", "is_active": true, "is_superuser": false, "is_staff": false, "last_login": "2013-04-14T04:08:50Z", "groups": [["production"]], "user_permissions": [], "password": "veryinsecurepassword", "email": "", "date_joined": "2013-04-14T04:08:50Z"}}, {"pk": 41, "model": "auth.user", "fields": {"username": "mzimmerman", "first_name": "", "last_name": "", "is_active": true, "is_superuser": false, "is_staff": false, "last_login": "2013-04-14T04:09:54Z", "groups": [["zyg"]], "user_permissions": [], "password": "veryinsecurepassword", "email": "", "date_joined": "2013-04-14T04:09:54Z"}}, {"pk": 43, "model": "auth.user", "fields": {"username": "jvan", "first_name": "", "last_name": "", "is_active": true, "is_superuser": false, "is_staff": false, "last_login": "2013-04-14T04:11:12Z", "groups": [["zyg"]], "user_permissions": [], "password": "veryinsecurepassword", "email": "", "date_joined": "2013-04-14T04:11:12Z"}}, {"pk": 45, "model": "auth.user", "fields": {"username": "dthompson", "first_name": "", "last_name": "", "is_active": true, "is_superuser": false, "is_staff": false, "last_login": "2013-04-14T04:13:39Z", "groups": [["production"]], "user_permissions": [], "password": "veryinsecurepassword", "email": "", "date_joined": "2013-04-14T04:13:39Z"}}, {"pk": 47, "model": "auth.user", "fields": {"username": "vknox", "first_name": "", "last_name": "", "is_active": true, "is_superuser": false, "is_staff": false, "last_login": "2013-04-14T04:14:14Z", "groups": [["web"]], "user_permissions": [], "password": "veryinsecurepassword", "email": "", "date_joined": "2013-04-14T04:14:14Z"}}, {"pk": 49, "model": "auth.user", "fields": {"username": "kdemoura", "first_name": "", "last_name": "", "is_active": true, "is_superuser": false, "is_staff": false, "last_login": "2013-04-14T04:14:16Z", "groups": [], "user_permissions": [], "password": "veryinsecurepassword", "email": "", "date_joined": "2013-04-14T04:14:16Z"}}, {"pk": 51, "model": "auth.user", "fields": {"username": "mfisher", "first_name": "", "last_name": "", "is_active": true, "is_superuser": false, "is_staff": false, "last_login": "2013-04-14T04:32:32Z", "groups": [["production"], ["admin"]], "user_permissions": [], "password": "veryinsecurepassword", "email": "", "date_joined": "2013-04-14T04:32:32Z"}}, {"pk": 53, "model": "auth.user", "fields": {"username": "mcbrandt", "first_name": "", "last_name": "", "is_active": true, "is_superuser": false, "is_staff": false, "last_login": "2013-04-14T05:20:24Z", "groups": [], "user_permissions": [], "password": "veryinsecurepassword", "email": "", "date_joined": "2013-04-14T05:20:24Z"}}, {"pk": 55, "model": "auth.user", "fields": {"username": "lray", "first_name": "", "last_name": "", "is_active": true, "is_superuser": false, "is_staff": false, "last_login": "2013-04-14T05:23:59Z", "groups": [], "user_permissions": [], "password": "veryinsecurepassword", "email": "", "date_joined": "2013-04-14T05:23:59Z"}}, {"pk": 57, "model": "auth.user", "fields": {"username": "amims", "first_name": "", "last_name": "", "is_active": true, "is_superuser": false, "is_staff": false, "last_login": "2013-04-14T06:13:41Z", "groups": [["zyg"]], "user_permissions": [], "password": "veryinsecurepassword", "email": "", "date_joined": "2013-04-14T06:13:41Z"}}, {"pk": 59, "model": "auth.user", "fields": {"username": "mschumann", "first_name": "", "last_name": "", "is_active": true, "is_superuser": false, "is_staff": false, "last_login": "2013-04-14T07:04:46Z", "groups": [], "user_permissions": [], "password": "veryinsecurepassword", "email": "", "date_joined": "2013-04-14T07:04:46Z"}}, {"pk": 61, "model": "auth.user", "fields": {"username": "medwards", "first_name": "", "last_name": "", "is_active": true, "is_superuser": false, "is_staff": false, "last_login": "2013-04-14T09:00:09Z", "groups": [], "user_permissions": [], "password": "veryinsecurepassword", "email": "", "date_joined": "2013-04-14T09:00:09Z"}}, {"pk": 63, "model": "auth.user", "fields": {"username": "lmurdock", "first_name": "", "last_name": "", "is_active": true, "is_superuser": false, "is_staff": false, "last_login": "2013-04-14T10:17:31Z", "groups": [], "user_permissions": [], "password": "veryinsecurepassword", "email": "", "date_joined": "2013-04-14T10:17:31Z"}}, {"pk": 65, "model": "auth.user", "fields": {"username": "tvonraefeld", "first_name": "", "last_name": "", "is_active": true, "is_superuser": false, "is_staff": false, "last_login": "2013-04-14T14:34:27Z", "groups": [], "user_permissions": [], "password": "veryinsecurepassword", "email": "", "date_joined": "2013-04-14T14:34:27Z"}}, {"pk": 67, "model": "auth.user", "fields": {"username": "edupin", "first_name": "", "last_name": "", "is_active": true, "is_superuser": false, "is_staff": false, "last_login": "2013-04-14T14:44:33Z", "groups": [], "user_permissions": [], "password": "veryinsecurepassword", "email": "", "date_joined": "2013-04-14T14:44:33Z"}}, {"pk": 69, "model": "auth.user", "fields": {"username": "jprongos", "first_name": "", "last_name": "", "is_active": true, "is_superuser": false, "is_staff": false, "last_login": "2013-04-14T16:17:59Z", "groups": [], "user_permissions": [], "password": "veryinsecurepassword", "email": "", "date_joined": "2013-04-14T16:17:59Z"}}, {"pk": 71, "model": "auth.user", "fields": {"username": "lfrederick", "first_name": "", "last_name": "", "is_active": true, "is_superuser": false, "is_staff": false, "last_login": "2013-04-14T17:33:30Z", "groups": [], "user_permissions": [], "password": "veryinsecurepassword", "email": "", "date_joined": "2013-04-14T17:33:30Z"}}, {"pk": 73, "model": "auth.user", "fields": {"username": "jprognos", "first_name": "", "last_name": "", "is_active": true, "is_superuser": false, "is_staff": false, "last_login": "2013-04-15T00:52:23Z", "groups": [], "user_permissions": [], "password": "veryinsecurepassword", "email": "", "date_joined": "2013-04-15T00:52:23Z"}}, {"pk": 75, "model": "auth.user", "fields": {"username": "jkinsey", "first_name": "", "last_name": "", "is_active": true, "is_superuser": false, "is_staff": false, "last_login": "2013-04-15T00:53:51Z", "groups": [], "user_permissions": [], "password": "veryinsecurepassword", "email": "", "date_joined": "2013-04-15T00:53:51Z"}}, {"pk": 77, "model": "auth.user", "fields": {"username": " ", "first_name": "", "last_name": "", "is_active": true, "is_superuser": false, "is_staff": false, "last_login": "2013-04-15T01:28:10Z", "groups": [], "user_permissions": [], "password": "veryinsecurepassword", "email": "", "date_joined": "2013-04-15T01:28:10Z"}}, {"pk": 79, "model": "auth.user", "fields": {"username": "manual insert", "first_name": "", "last_name": "", "is_active": true, "is_superuser": false, "is_staff": false, "last_login": "2013-04-15T02:36:59Z", "groups": [], "user_permissions": [], "password": "veryinsecurepassword", "email": "", "date_joined": "2013-04-15T02:36:59Z"}}, {"pk": 81, "model": "auth.user", "fields": {"username": "sderisi", "first_name": "", "last_name": "", "is_active": true, "is_superuser": false, "is_staff": false, "last_login": "2013-04-15T02:47:57Z", "groups": [], "user_permissions": [], "password": "veryinsecurepassword", "email": "", "date_joined": "2013-04-15T02:47:57Z"}}, {"pk": 83, "model": "auth.user", "fields": {"username": "backfill", "first_name": "", "last_name": "", "is_active": true, "is_superuser": false, "is_staff": false, "last_login": "2013-04-15T03:06:34Z", "groups": [], "user_permissions": [], "password": "veryinsecurepassword", "email": "", "date_joined": "2013-04-15T03:06:34Z"}}, {"pk": 85, "model": "auth.user", "fields": {"username": "daemon_assign_ingested_article", "first_name": "", "last_name": "", "is_active": true, "is_superuser": false, "is_staff": false, "last_login": "2013-04-15T03:21:03Z", "groups": [], "user_permissions": [], "password": "Well this is a fun way to do things", "email": "", "date_joined": "2013-04-15T03:21:03Z"}}, {"pk": 87, "model": "auth.user", "fields": {"username": "daemon_assign_urgent_article", "first_name": "", "last_name": "", "is_active": true, "is_superuser": false, "is_staff": false, "last_login": "2013-04-15T04:15:15Z", "groups": [], "user_permissions": [], "password": "Well this is a fun way to do things", "email": "", "date_joined": "2013-04-15T04:15:15Z"}}, {"pk": 89, "model": "auth.user", "fields": {"username": "daemon_publish_stage", "first_name": "", "last_name": "", "is_active": true, "is_superuser": false, "is_staff": false, "last_login": "2013-04-15T04:52:22Z", "groups": [], "user_permissions": [], "password": "Well this is a fun way to do things", "email": "", "date_joined": "2013-04-15T04:52:22Z"}}, {"pk": 91, "model": "auth.user", "fields": {"username": "daemon_publish_live", "first_name": "", "last_name": "", "is_active": true, "is_superuser": false, "is_staff": false, "last_login": "2013-04-15T05:07:45Z", "groups": [], "user_permissions": [], "password": "Well this is a fun way to do things", "email": "", "date_joined": "2013-04-15T05:07:45Z"}}, {"pk": 45, "model": "articleflow.transition", "fields": {"from_state": 55, "name": "Deliver", "created": "2013-04-02T19:35:57Z", "preference_weight": 0, "assign_transition_user": false, "last_modified": "2013-02-20T21:11:15Z", "disallow_open_items": false, "allowed_groups": [["admin"]], "to_state": 59}}, {"pk": 47, "model": "articleflow.transition", "fields": {"from_state": 57, "name": "Deliver", "created": "2013-04-02T19:35:57Z", "preference_weight": 0, "assign_transition_user": false, "last_modified": "2013-02-20T21:11:19Z", "disallow_open_items": false, "allowed_groups": [["admin"]], "to_state": 59}}, {"pk": 51, "model": "articleflow.transition", "fields": {"from_state": 61, "name": "Assign to QC (CW)", "created": "2013-04-02T19:35:57Z", "preference_weight": 0, "assign_transition_user": false, "last_modified": "2013-02-20T21:11:56Z", "disallow_open_items": false, "allowed_groups": [["admin"]], "to_state": 63}}, {"pk": 53, "model": "articleflow.transition", "fields": {"from_state": 61, "name": "Assign to QC (Merops)", "created": "2013-04-02T19:35:57Z", "preference_weight": 0, "assign_transition_user": false, "last_modified": "2013-02-20T21:12:01Z", "disallow_open_items": false, "allowed_groups": [["admin"]], "to_state": 65}}, {"pk": 55, "model": "articleflow.transition", "fields": {"from_state": 63, "name": "Needs Web Corrections (CW)", "created": "2013-04-02T19:35:57Z", "preference_weight": 50, "assign_transition_user": false, "last_modified": "2013-02-20T21:13:04Z", "disallow_open_items": false, "allowed_groups": [["production"], ["admin"], ["zyg"]], "to_state": 69}}, {"pk": 57, "model": "articleflow.transition", "fields": {"from_state": 65, "name": "Needs Web Corrections (Merops)", "created": "2013-04-02T19:35:57Z", "preference_weight": 50, "assign_transition_user": false, "last_modified": "2013-02-20T21:13:14Z", "disallow_open_items": false, "allowed_groups": [["production"], ["admin"], ["zyg"]], "to_state": 67}}, {"pk": 59, "model": "articleflow.transition", "fields": {"from_state": 63, "name": "OK", "created": "2013-04-02T19:35:57Z", "preference_weight": 100, "assign_transition_user": false, "last_modified": "2013-04-06T00:10:55Z", "disallow_open_items": true, "allowed_groups": [["production"], ["admin"], ["zyg"]], "to_state": 71}}, {"pk": 61, "model": "articleflow.transition", "fields": {"from_state": 65, "name": "OK", "created": "2013-04-02T19:35:57Z", "preference_weight": 100, "assign_transition_user": true, "last_modified": "2013-04-11T21:07:29Z", "disallow_open_items": true, "allowed_groups": [["production"], ["admin"], ["zyg"]], "to_state": 71}}, {"pk": 63, "model": "articleflow.transition", "fields": {"from_state": 63, "name": "Send back to CW", "created": "2013-04-02T19:35:57Z", "preference_weight": 25, "assign_transition_user": true, "last_modified": "2013-04-11T23:36:31Z", "disallow_open_items": false, "allowed_groups": [["admin"]], "to_state": 77}}, {"pk": 65, "model": "articleflow.transition", "fields": {"from_state": 65, "name": "Send back to Merops", "created": "2013-04-02T19:35:57Z", "preference_weight": 25, "assign_transition_user": false, "last_modified": "2013-02-20T21:15:33Z", "disallow_open_items": false, "allowed_groups": [["admin"]], "to_state": 79}}, {"pk": 67, "model": "articleflow.transition", "fields": {"from_state": 69, "name": "Send back to Production", "created": "2013-04-02T19:35:57Z", "preference_weight": 25, "assign_transition_user": false, "last_modified": "2013-02-14T23:03:03Z", "disallow_open_items": false, "allowed_groups": [["web"], ["admin"]], "to_state": 63}}, {"pk": 69, "model": "articleflow.transition", "fields": {"from_state": 67, "name": "Send back to Production", "created": "2013-04-02T19:35:57Z", "preference_weight": 25, "assign_transition_user": false, "last_modified": "2013-02-14T23:03:00Z", "disallow_open_items": false, "allowed_groups": [["web"], ["admin"]], "to_state": 65}}, {"pk": 71, "model": "articleflow.transition", "fields": {"from_state": 69, "name": "Send back to CW", "created": "2013-04-02T19:35:57Z", "preference_weight": 25, "assign_transition_user": true, "last_modified": "2013-04-12T22:23:10Z", "disallow_open_items": false, "allowed_groups": [["web"], ["admin"]], "to_state": 55}}, {"pk": 73, "model": "articleflow.transition", "fields": {"from_state": 67, "name": "Send back to Merops", "created": "2013-04-02T19:35:57Z", "preference_weight": 25, "assign_transition_user": false, "last_modified": "2013-02-14T23:03:26Z", "disallow_open_items": false, "allowed_groups": [["web"], ["admin"]], "to_state": 57}}, {"pk": 75, "model": "articleflow.transition", "fields": {"from_state": 67, "name": "Ready to Publish", "created": "2013-04-02T19:35:57Z", "preference_weight": 100, "assign_transition_user": false, "last_modified": "2013-04-06T00:11:14Z", "disallow_open_items": false, "allowed_groups": [["web"], ["admin"]], "to_state": 71}}, {"pk": 77, "model": "articleflow.transition", "fields": {"from_state": 69, "name": "Ready to Publish", "created": "2013-04-02T19:35:57Z", "preference_weight": 100, "assign_transition_user": false, "last_modified": "2013-04-06T00:11:04Z", "disallow_open_items": false, "allowed_groups": [["web"], ["admin"]], "to_state": 71}}, {"pk": 79, "model": "articleflow.transition", "fields": {"from_state": 71, "name": "Publish on Stage", "created": "2013-04-02T19:35:57Z", "preference_weight": 100, "assign_transition_user": false, "last_modified": "2013-02-14T23:03:48Z", "disallow_open_items": false, "allowed_groups": [["admin"]], "to_state": 73}}, {"pk": 81, "model": "articleflow.transition", "fields": {"from_state": 73, "name": "Publish on Live", "created": "2013-04-02T19:35:57Z", "preference_weight": 100, "assign_transition_user": false, "last_modified": "2013-02-14T23:03:53Z", "disallow_open_items": false, "allowed_groups": [["admin"]], "to_state": 75}}, {"pk": 82, "model": "articleflow.transition", "fields": {"from_state": 59, "name": "Pull", "created": "2013-04-02T19:35:57Z", "preference_weight": 0, "assign_transition_user": false, "last_modified": "2013-02-20T21:11:09Z", "disallow_open_items": false, "allowed_groups": [["admin"]], "to_state": 85}}, {"pk": 83, "model": "articleflow.transition", "fields": {"from_state": 85, "name": "Ingest", "created": "2013-04-02T19:35:57Z", "preference_weight": 0, "assign_transition_user": false, "last_modified": "2013-02-20T21:11:06Z", "disallow_open_items": false, "allowed_groups": [["admin"]], "to_state": 61}}, {"pk": 84, "model": "articleflow.transition", "fields": {"from_state": 63, "name": "Assign to Urgent QC (CW)", "created": "2013-04-02T19:35:57Z", "preference_weight": 50, "assign_transition_user": false, "last_modified": "2013-04-08T21:37:45Z", "disallow_open_items": false, "allowed_groups": [["admin"]], "to_state": 86}}, {"pk": 85, "model": "articleflow.transition", "fields": {"from_state": 65, "name": "Assign to Urgent QC (Merops)", "created": "2013-04-02T19:35:57Z", "preference_weight": 50, "assign_transition_user": false, "last_modified": "2013-02-20T21:18:10Z", "disallow_open_items": false, "allowed_groups": [["production"], ["admin"]], "to_state": 87}}, {"pk": 86, "model": "articleflow.transition", "fields": {"from_state": 86, "name": "Send to Web Corrections (CW)", "created": "2013-04-02T19:35:57Z", "preference_weight": 50, "assign_transition_user": false, "last_modified": "2013-02-20T21:21:24Z", "disallow_open_items": false, "allowed_groups": [["production"], ["admin"]], "to_state": 69}}, {"pk": 87, "model": "articleflow.transition", "fields": {"from_state": 87, "name": "Send to Web Corrections", "created": "2013-04-02T19:35:57Z", "preference_weight": 50, "assign_transition_user": false, "last_modified": "2013-02-20T21:21:44Z", "disallow_open_items": false, "allowed_groups": [["production"], ["admin"]], "to_state": 67}}, {"pk": 88, "model": "articleflow.transition", "fields": {"from_state": 86, "name": "OK", "created": "2013-04-02T19:35:57Z", "preference_weight": 100, "assign_transition_user": false, "last_modified": "2013-04-06T00:10:26Z", "disallow_open_items": true, "allowed_groups": [["production"], ["admin"]], "to_state": 71}}, {"pk": 89, "model": "articleflow.transition", "fields": {"from_state": 87, "name": "OK", "created": "2013-04-02T19:35:57Z", "preference_weight": 100, "assign_transition_user": false, "last_modified": "2013-04-06T00:10:19Z", "disallow_open_items": true, "allowed_groups": [["production"], ["admin"]], "to_state": 71}}, {"pk": 55, "model": "articleflow.state", "fields": {"reassign_previous": true, "name": "At CW", "created": "2013-04-02T19:35:57Z", "last_modified": "2013-02-19T23:31:56Z", "worker_groups": [], "auto_assign": 1, "progress_index": -10}}, {"pk": 57, "model": "articleflow.state", "fields": {"reassign_previous": true, "name": "At Merops", "created": "2013-04-02T19:35:57Z", "last_modified": "2013-02-19T23:31:46Z", "worker_groups": [], "auto_assign": 1, "progress_index": -10}}, {"pk": 79, "model": "articleflow.state", "fields": {"reassign_previous": true, "name": "Back at Merops", "created": "2013-04-02T19:35:57Z", "last_modified": "2013-02-19T23:35:09Z", "worker_groups": [], "auto_assign": 1, "progress_index": -5}}, {"pk": 77, "model": "articleflow.state", "fields": {"reassign_previous": true, "name": "Back at CW", "created": "2013-04-02T19:35:57Z", "last_modified": "2013-02-19T23:35:14Z", "worker_groups": [], "auto_assign": 1, "progress_index": -5}}, {"pk": 84, "model": "articleflow.state", "fields": {"reassign_previous": true, "name": "New", "created": "2013-04-02T19:35:57Z", "last_modified": "2013-02-04T19:33:25Z", "worker_groups": [], "auto_assign": 1, "progress_index": 0}}, {"pk": 59, "model": "articleflow.state", "fields": {"reassign_previous": true, "name": "Delivered", "created": "2013-04-02T19:35:57Z", "last_modified": "2013-02-19T23:30:57Z", "worker_groups": [], "auto_assign": 1, "progress_index": 10}}, {"pk": 85, "model": "articleflow.state", "fields": {"reassign_previous": true, "name": "Pulled", "created": "2013-04-02T19:35:57Z", "last_modified": "2013-02-19T23:30:49Z", "worker_groups": [], "auto_assign": 1, "progress_index": 20}}, {"pk": 61, "model": "articleflow.state", "fields": {"reassign_previous": true, "name": "Ingested", "created": "2013-04-02T19:35:57Z", "last_modified": "2013-02-19T23:31:33Z", "worker_groups": [], "auto_assign": 1, "progress_index": 30}}, {"pk": 63, "model": "articleflow.state", "fields": {"reassign_previous": true, "name": "Ready for QC (CW)", "created": "2013-04-02T19:35:57Z", "last_modified": "2013-04-05T20:49:08Z", "worker_groups": [["production"], ["admin"], ["zyg"]], "auto_assign": 1, "progress_index": 40}}, {"pk": 65, "model": "articleflow.state", "fields": {"reassign_previous": true, "name": "Ready for QC (Merops)", "created": "2013-04-02T19:35:57Z", "last_modified": "2013-02-20T19:26:39Z", "worker_groups": [], "auto_assign": 1, "progress_index": 40}}, {"pk": 86, "model": "articleflow.state", "fields": {"reassign_previous": true, "name": "Urgent QC (CW)", "created": "2013-04-02T19:35:57Z", "last_modified": "2013-02-20T19:26:54Z", "worker_groups": [["production"]], "auto_assign": 2, "progress_index": 45}}, {"pk": 87, "model": "articleflow.state", "fields": {"reassign_previous": true, "name": "Urgent QC (Merops)", "created": "2013-04-02T19:35:57Z", "last_modified": "2013-04-15T02:47:53Z", "worker_groups": [["production"]], "auto_assign": 1, "progress_index": 45}}, {"pk": 69, "model": "articleflow.state", "fields": {"reassign_previous": true, "name": "Needs Web Corrections (CW)", "created": "2013-04-02T19:35:57Z", "last_modified": "2013-04-15T02:23:33Z", "worker_groups": [["web"]], "auto_assign": 2, "progress_index": 50}}, {"pk": 67, "model": "articleflow.state", "fields": {"reassign_previous": true, "name": "Needs Web Corrections (Merops)", "created": "2013-04-02T19:35:57Z", "last_modified": "2013-02-19T23:32:15Z", "worker_groups": [], "auto_assign": 1, "progress_index": 50}}, {"pk": 71, "model": "articleflow.state", "fields": {"reassign_previous": true, "name": "Ready to Publish", "created": "2013-04-02T19:35:57Z", "last_modified": "2013-02-19T23:34:15Z", "worker_groups": [], "auto_assign": 1, "progress_index": 60}}, {"pk": 75, "model": "articleflow.state", "fields": {"reassign_previous": true, "name": "Published Live", "created": "2013-04-02T19:35:57Z", "last_modified": "2013-02-19T23:34:38Z", "worker_groups": [], "auto_assign": 1, "progress_index": 70}}, {"pk": 73, "model": "articleflow.state", "fields": {"reassign_previous": true, "name": "Published on Stage", "created": "2013-04-02T19:35:57Z", "last_modified": "2013-02-19T23:34:33Z", "worker_groups": [], "auto_assign": 1, "progress_index": 70}}]