[{"pk": 13, "model": "contenttypes.contenttype", "fields": {"model": "article", "name": "article", "app_label": "articleflow"}}, {"pk": 11, "model": "contenttypes.contenttype", "fields": {"model": "articlestate", "name": "article state", "app_label": "articleflow"}}, {"pk": 17, "model": "contenttypes.contenttype", "fields": {"model": "category", "name": "category", "app_label": "issues"}}, {"pk": 7, "model": "contenttypes.contenttype", "fields": {"model": "comment", "name": "comment", "app_label": "comments"}}, {"pk": 8, "model": "contenttypes.contenttype", "fields": {"model": "commentflag", "name": "comment flag", "app_label": "comments"}}, {"pk": 4, "model": "contenttypes.contenttype", "fields": {"model": "contenttype", "name": "content type", "app_label": "contenttypes"}}, {"pk": 18, "model": "contenttypes.contenttype", "fields": {"model": "error", "name": "error", "app_label": "errors"}}, {"pk": 20, "model": "contenttypes.contenttype", "fields": {"model": "errorset", "name": "error set", "app_label": "errors"}}, {"pk": 19, "model": "contenttypes.contenttype", "fields": {"model": "errorstatus", "name": "error status", "app_label": "errors"}}, {"pk": 2, "model": "contenttypes.contenttype", "fields": {"model": "group", "name": "group", "app_label": "auth"}}, {"pk": 15, "model": "contenttypes.contenttype", "fields": {"model": "issue", "name": "issue", "app_label": "issues"}}, {"pk": 16, "model": "contenttypes.contenttype", "fields": {"model": "issuestatus", "name": "issue status", "app_label": "issues"}}, {"pk": 12, "model": "contenttypes.contenttype", "fields": {"model": "journal", "name": "journal", "app_label": "articleflow"}}, {"pk": 9, "model": "contenttypes.contenttype", "fields": {"model": "logentry", "name": "log entry", "app_label": "admin"}}, {"pk": 1, "model": "contenttypes.contenttype", "fields": {"model": "permission", "name": "permission", "app_label": "auth"}}, {"pk": 5, "model": "contenttypes.contenttype", "fields": {"model": "session", "name": "session", "app_label": "sessions"}}, {"pk": 6, "model": "contenttypes.contenttype", "fields": {"model": "site", "name": "site", "app_label": "sites"}}, {"pk": 10, "model": "contenttypes.contenttype", "fields": {"model": "state", "name": "state", "app_label": "articleflow"}}, {"pk": 14, "model": "contenttypes.contenttype", "fields": {"model": "transition", "name": "transition", "app_label": "articleflow"}}, {"pk": 3, "model": "contenttypes.contenttype", "fields": {"model": "user", "name": "user", "app_label": "auth"}}, {"pk": "11631cc82be707361901eff80c262e0e", "model": "sessions.session", "fields": {"expire_date": "2013-01-10T22:59:02Z", "session_data": "ZGU5NTgxNGNhNjI5OTNhYmZiNDE2Zjg0OWNhNjg3MDE3ZDg3ZmE3MjqAAn1xAShVEl9hdXRoX3Vz\nZXJfYmFja2VuZHECVSlkamFuZ28uY29udHJpYi5hdXRoLmJhY2tlbmRzLk1vZGVsQmFja2VuZHED\nVQ1fYXV0aF91c2VyX2lkcQSKAQF1Lg==\n"}}, {"pk": "75923e7de095b2e4e9e999c6692e9036", "model": "sessions.session", "fields": {"expire_date": "2013-01-16T22:09:15Z", "session_data": "ZGU5NTgxNGNhNjI5OTNhYmZiNDE2Zjg0OWNhNjg3MDE3ZDg3ZmE3MjqAAn1xAShVEl9hdXRoX3Vz\nZXJfYmFja2VuZHECVSlkamFuZ28uY29udHJpYi5hdXRoLmJhY2tlbmRzLk1vZGVsQmFja2VuZHED\nVQ1fYXV0aF91c2VyX2lkcQSKAQF1Lg==\n"}}, {"pk": "789d2b942f733753bdc71dac4f9cc213", "model": "sessions.session", "fields": {"expire_date": "2012-12-14T00:50:43Z", "session_data": "ZGU5NTgxNGNhNjI5OTNhYmZiNDE2Zjg0OWNhNjg3MDE3ZDg3ZmE3MjqAAn1xAShVEl9hdXRoX3Vz\nZXJfYmFja2VuZHECVSlkamFuZ28uY29udHJpYi5hdXRoLmJhY2tlbmRzLk1vZGVsQmFja2VuZHED\nVQ1fYXV0aF91c2VyX2lkcQSKAQF1Lg==\n"}}, {"pk": "89b0970da15c64fce4784f04acb9e881", "model": "sessions.session", "fields": {"expire_date": "2012-12-19T20:36:13Z", "session_data": "ZGU5NTgxNGNhNjI5OTNhYmZiNDE2Zjg0OWNhNjg3MDE3ZDg3ZmE3MjqAAn1xAShVEl9hdXRoX3Vz\nZXJfYmFja2VuZHECVSlkamFuZ28uY29udHJpYi5hdXRoLmJhY2tlbmRzLk1vZGVsQmFja2VuZHED\nVQ1fYXV0aF91c2VyX2lkcQSKAQF1Lg==\n"}}, {"pk": "8e3fae13d7e89b036d02bb59d1e365a0", "model": "sessions.session", "fields": {"expire_date": "2012-12-04T23:04:01Z", "session_data": "ZGU5NTgxNGNhNjI5OTNhYmZiNDE2Zjg0OWNhNjg3MDE3ZDg3ZmE3MjqAAn1xAShVEl9hdXRoX3Vz\nZXJfYmFja2VuZHECVSlkamFuZ28uY29udHJpYi5hdXRoLmJhY2tlbmRzLk1vZGVsQmFja2VuZHED\nVQ1fYXV0aF91c2VyX2lkcQSKAQF1Lg==\n"}}, {"pk": "9e94e9027a3d170a86aec078fb00d3da", "model": "sessions.session", "fields": {"expire_date": "2013-01-21T02:02:37Z", "session_data": "ZGU5NTgxNGNhNjI5OTNhYmZiNDE2Zjg0OWNhNjg3MDE3ZDg3ZmE3MjqAAn1xAShVEl9hdXRoX3Vz\nZXJfYmFja2VuZHECVSlkamFuZ28uY29udHJpYi5hdXRoLmJhY2tlbmRzLk1vZGVsQmFja2VuZHED\nVQ1fYXV0aF91c2VyX2lkcQSKAQF1Lg==\n"}}, {"pk": "d9b0657c67e77595e442b44257e80c96", "model": "sessions.session", "fields": {"expire_date": "2013-01-10T19:20:07Z", "session_data": "ZGU5NTgxNGNhNjI5OTNhYmZiNDE2Zjg0OWNhNjg3MDE3ZDg3ZmE3MjqAAn1xAShVEl9hdXRoX3Vz\nZXJfYmFja2VuZHECVSlkamFuZ28uY29udHJpYi5hdXRoLmJhY2tlbmRzLk1vZGVsQmFja2VuZHED\nVQ1fYXV0aF91c2VyX2lkcQSKAQF1Lg==\n"}}, {"pk": "e86d4ed89d0aaa07897c78deb095adf4", "model": "sessions.session", "fields": {"expire_date": "2012-12-13T18:53:55Z", "session_data": "ZGU5NTgxNGNhNjI5OTNhYmZiNDE2Zjg0OWNhNjg3MDE3ZDg3ZmE3MjqAAn1xAShVEl9hdXRoX3Vz\nZXJfYmFja2VuZHECVSlkamFuZ28uY29udHJpYi5hdXRoLmJhY2tlbmRzLk1vZGVsQmFja2VuZHED\nVQ1fYXV0aF91c2VyX2lkcQSKAQF1Lg==\n"}}, {"pk": "efbd9844108d9f032cb096a5a1937a64", "model": "sessions.session", "fields": {"expire_date": "2012-12-27T19:46:55Z", "session_data": "ZGU5NTgxNGNhNjI5OTNhYmZiNDE2Zjg0OWNhNjg3MDE3ZDg3ZmE3MjqAAn1xAShVEl9hdXRoX3Vz\nZXJfYmFja2VuZHECVSlkamFuZ28uY29udHJpYi5hdXRoLmJhY2tlbmRzLk1vZGVsQmFja2VuZHED\nVQ1fYXV0aF91c2VyX2lkcQSKAQF1Lg==\n"}}, {"pk": 1, "model": "sites.site", "fields": {"domain": "example.com", "name": "example.com"}}, {"pk": 1, "model": "articleflow.state", "fields": {"last_modified": "2012-11-20T23:15:31Z", "name": "Delivered from CW"}}, {"pk": 2, "model": "articleflow.state", "fields": {"last_modified": "2013-01-07T02:03:07Z", "name": "Ready for Production QC"}}, {"pk": 3, "model": "articleflow.state", "fields": {"last_modified": "2013-01-07T02:03:32Z", "name": "Needs Web Corrections"}}, {"pk": 4, "model": "articleflow.state", "fields": {"last_modified": "2013-01-07T16:50:25Z", "name": "Published"}}, {"pk": 1, "model": "articleflow.journal", "fields": {"last_modified": "2012-11-20T23:05:59Z", "short_name": "pone", "full_name": "PLOS One"}}, {"pk": 1, "model": "articleflow.article", "fields": {"doi": "pone.0000001", "pubdate": "2012-11-20", "created": "2012-11-20T23:06:06Z", "journal": 1, "current_articlestate": 5, "last_modified": "2013-01-07T17:16:02Z"}}, {"pk": 1, "model": "articleflow.transition", "fields": {"from_state": 2, "preference_weight": 40, "name": "Needs Web Corrections", "last_modified": "2013-01-07T02:04:24Z", "to_state": 3}}, {"pk": 2, "model": "articleflow.transition", "fields": {"from_state": 1, "preference_weight": 0, "name": "Ingest", "last_modified": "2013-01-07T16:51:29Z", "to_state": 2}}, {"pk": 3, "model": "articleflow.transition", "fields": {"from_state": 2, "preference_weight": 100, "name": "Publish", "last_modified": "2013-01-07T16:51:44Z", "to_state": 4}}, {"pk": 4, "model": "articleflow.transition", "fields": {"from_state": 3, "preference_weight": 100, "name": "Publish", "last_modified": "2013-01-07T16:53:02Z", "to_state": 4}}, {"pk": 5, "model": "articleflow.transition", "fields": {"from_state": 4, "preference_weight": 0, "name": "Start Over", "last_modified": "2013-01-07T17:15:55Z", "to_state": 1}}, {"pk": 1, "model": "issues.issuestatus", "fields": {"status": 1, "last_modified": "2012-11-26T23:07:47Z", "issue": 3, "created": "2012-11-26T23:07:47Z"}}, {"pk": 2, "model": "issues.issuestatus", "fields": {"status": 2, "last_modified": "2012-11-26T23:07:49Z", "issue": 3, "created": "2012-11-26T23:07:49Z"}}, {"pk": 3, "model": "issues.issuestatus", "fields": {"status": 1, "last_modified": "2012-11-26T23:07:49Z", "issue": 3, "created": "2012-11-26T23:07:49Z"}}, {"pk": 4, "model": "issues.issuestatus", "fields": {"status": 2, "last_modified": "2012-11-26T23:07:51Z", "issue": 3, "created": "2012-11-26T23:07:51Z"}}, {"pk": 5, "model": "issues.issuestatus", "fields": {"status": 1, "last_modified": "2012-11-26T23:07:52Z", "issue": 3, "created": "2012-11-26T23:07:52Z"}}, {"pk": 6, "model": "issues.issuestatus", "fields": {"status": 2, "last_modified": "2012-11-28T22:33:52Z", "issue": 3, "created": "2012-11-28T22:33:52Z"}}, {"pk": 7, "model": "issues.issuestatus", "fields": {"status": 1, "last_modified": "2012-11-28T22:33:53Z", "issue": 3, "created": "2012-11-28T22:33:53Z"}}, {"pk": 8, "model": "issues.issuestatus", "fields": {"status": 2, "last_modified": "2012-11-28T22:33:55Z", "issue": 3, "created": "2012-11-28T22:33:55Z"}}, {"pk": 9, "model": "issues.issuestatus", "fields": {"status": 1, "last_modified": "2012-11-28T22:33:55Z", "issue": 3, "created": "2012-11-28T22:33:55Z"}}, {"pk": 10, "model": "issues.issuestatus", "fields": {"status": 3, "last_modified": "2012-11-29T21:25:34Z", "issue": 3, "created": "2012-11-29T21:25:34Z"}}, {"pk": 11, "model": "issues.issuestatus", "fields": {"status": 2, "last_modified": "2012-11-29T21:25:44Z", "issue": 3, "created": "2012-11-29T21:25:44Z"}}, {"pk": 12, "model": "issues.issuestatus", "fields": {"status": 1, "last_modified": "2012-11-29T21:29:46Z", "issue": 3, "created": "2012-11-29T21:29:46Z"}}, {"pk": 13, "model": "issues.issuestatus", "fields": {"status": 3, "last_modified": "2012-11-29T21:29:50Z", "issue": 3, "created": "2012-11-29T21:29:50Z"}}, {"pk": 14, "model": "issues.issuestatus", "fields": {"status": 1, "last_modified": "2012-11-29T21:29:51Z", "issue": 3, "created": "2012-11-29T21:29:51Z"}}, {"pk": 15, "model": "issues.issuestatus", "fields": {"status": 1, "last_modified": "2012-11-29T21:29:53Z", "issue": 3, "created": "2012-11-29T21:29:53Z"}}, {"pk": 16, "model": "issues.issuestatus", "fields": {"status": 1, "last_modified": "2012-11-29T21:29:54Z", "issue": 3, "created": "2012-11-29T21:29:54Z"}}, {"pk": 17, "model": "issues.issuestatus", "fields": {"status": 3, "last_modified": "2012-11-29T21:31:52Z", "issue": 3, "created": "2012-11-29T21:31:52Z"}}, {"pk": 18, "model": "issues.issuestatus", "fields": {"status": 1, "last_modified": "2012-11-29T21:31:55Z", "issue": 3, "created": "2012-11-29T21:31:55Z"}}, {"pk": 19, "model": "issues.issuestatus", "fields": {"status": 1, "last_modified": "2012-11-29T21:32:10Z", "issue": 3, "created": "2012-11-29T21:32:10Z"}}, {"pk": 20, "model": "issues.issuestatus", "fields": {"status": 3, "last_modified": "2012-11-29T21:32:57Z", "issue": 3, "created": "2012-11-29T21:32:57Z"}}, {"pk": 21, "model": "issues.issuestatus", "fields": {"status": 1, "last_modified": "2012-11-29T21:33:02Z", "issue": 3, "created": "2012-11-29T21:33:02Z"}}, {"pk": 22, "model": "issues.issuestatus", "fields": {"status": 3, "last_modified": "2012-11-29T21:33:50Z", "issue": 3, "created": "2012-11-29T21:33:50Z"}}, {"pk": 23, "model": "issues.issuestatus", "fields": {"status": 1, "last_modified": "2012-11-29T21:34:05Z", "issue": 3, "created": "2012-11-29T21:34:05Z"}}, {"pk": 24, "model": "issues.issuestatus", "fields": {"status": 1, "last_modified": "2012-11-29T21:34:25Z", "issue": 3, "created": "2012-11-29T21:34:25Z"}}, {"pk": 25, "model": "issues.issuestatus", "fields": {"status": 1, "last_modified": "2012-11-29T21:34:26Z", "issue": 3, "created": "2012-11-29T21:34:26Z"}}, {"pk": 26, "model": "issues.issuestatus", "fields": {"status": 1, "last_modified": "2012-11-29T21:34:27Z", "issue": 3, "created": "2012-11-29T21:34:27Z"}}, {"pk": 27, "model": "issues.issuestatus", "fields": {"status": 1, "last_modified": "2012-11-29T21:34:28Z", "issue": 3, "created": "2012-11-29T21:34:28Z"}}, {"pk": 28, "model": "issues.issuestatus", "fields": {"status": 1, "last_modified": "2012-11-29T21:34:29Z", "issue": 3, "created": "2012-11-29T21:34:29Z"}}, {"pk": 29, "model": "issues.issuestatus", "fields": {"status": 3, "last_modified": "2012-11-29T21:34:49Z", "issue": 3, "created": "2012-11-29T21:34:49Z"}}, {"pk": 30, "model": "issues.issuestatus", "fields": {"status": 1, "last_modified": "2012-11-29T21:36:23Z", "issue": 3, "created": "2012-11-29T21:36:23Z"}}, {"pk": 31, "model": "issues.issuestatus", "fields": {"status": 3, "last_modified": "2012-11-29T21:36:27Z", "issue": 3, "created": "2012-11-29T21:36:27Z"}}, {"pk": 32, "model": "issues.issuestatus", "fields": {"status": 1, "last_modified": "2012-11-29T21:36:28Z", "issue": 3, "created": "2012-11-29T21:36:28Z"}}, {"pk": 33, "model": "issues.issuestatus", "fields": {"status": 1, "last_modified": "2012-11-29T21:36:28Z", "issue": 3, "created": "2012-11-29T21:36:28Z"}}, {"pk": 34, "model": "issues.issuestatus", "fields": {"status": 3, "last_modified": "2012-11-29T21:36:38Z", "issue": 3, "created": "2012-11-29T21:36:38Z"}}, {"pk": 35, "model": "issues.issuestatus", "fields": {"status": 3, "last_modified": "2012-11-29T21:41:26Z", "issue": 3, "created": "2012-11-29T21:41:26Z"}}, {"pk": 36, "model": "issues.issuestatus", "fields": {"status": 1, "last_modified": "2012-11-29T21:41:28Z", "issue": 3, "created": "2012-11-29T21:41:28Z"}}, {"pk": 37, "model": "issues.issuestatus", "fields": {"status": 3, "last_modified": "2012-11-29T21:41:29Z", "issue": 3, "created": "2012-11-29T21:41:29Z"}}, {"pk": 38, "model": "issues.issuestatus", "fields": {"status": 1, "last_modified": "2012-11-29T21:42:27Z", "issue": 3, "created": "2012-11-29T21:42:27Z"}}, {"pk": 39, "model": "issues.issuestatus", "fields": {"status": 3, "last_modified": "2012-11-29T21:42:44Z", "issue": 3, "created": "2012-11-29T21:42:44Z"}}, {"pk": 40, "model": "issues.issuestatus", "fields": {"status": 1, "last_modified": "2012-11-29T21:42:46Z", "issue": 3, "created": "2012-11-29T21:42:46Z"}}, {"pk": 41, "model": "issues.issuestatus", "fields": {"status": 3, "last_modified": "2012-11-29T21:44:53Z", "issue": 3, "created": "2012-11-29T21:44:53Z"}}, {"pk": 42, "model": "issues.issuestatus", "fields": {"status": 1, "last_modified": "2012-11-29T21:44:53Z", "issue": 3, "created": "2012-11-29T21:44:53Z"}}, {"pk": 43, "model": "issues.issuestatus", "fields": {"status": 3, "last_modified": "2012-11-29T21:45:26Z", "issue": 3, "created": "2012-11-29T21:45:26Z"}}, {"pk": 44, "model": "issues.issuestatus", "fields": {"status": 1, "last_modified": "2012-11-29T21:45:32Z", "issue": 3, "created": "2012-11-29T21:45:32Z"}}, {"pk": 45, "model": "issues.issuestatus", "fields": {"status": 3, "last_modified": "2012-11-29T21:46:55Z", "issue": 3, "created": "2012-11-29T21:46:55Z"}}, {"pk": 46, "model": "issues.issuestatus", "fields": {"status": 1, "last_modified": "2012-11-29T21:46:56Z", "issue": 3, "created": "2012-11-29T21:46:56Z"}}, {"pk": 47, "model": "issues.issuestatus", "fields": {"status": 3, "last_modified": "2012-11-29T21:46:58Z", "issue": 3, "created": "2012-11-29T21:46:58Z"}}, {"pk": 48, "model": "issues.issuestatus", "fields": {"status": 1, "last_modified": "2012-11-29T21:48:02Z", "issue": 3, "created": "2012-11-29T21:48:02Z"}}, {"pk": 49, "model": "issues.issuestatus", "fields": {"status": 2, "last_modified": "2012-11-29T21:49:57Z", "issue": 3, "created": "2012-11-29T21:49:57Z"}}, {"pk": 50, "model": "issues.issuestatus", "fields": {"status": 1, "last_modified": "2012-11-29T21:49:58Z", "issue": 3, "created": "2012-11-29T21:49:58Z"}}, {"pk": 51, "model": "issues.issuestatus", "fields": {"status": 3, "last_modified": "2012-11-29T21:49:59Z", "issue": 3, "created": "2012-11-29T21:49:59Z"}}, {"pk": 52, "model": "issues.issuestatus", "fields": {"status": 1, "last_modified": "2012-11-29T21:50:00Z", "issue": 3, "created": "2012-11-29T21:50:00Z"}}, {"pk": 53, "model": "issues.issuestatus", "fields": {"status": 2, "last_modified": "2012-11-29T21:50:08Z", "issue": 3, "created": "2012-11-29T21:50:08Z"}}, {"pk": 54, "model": "issues.issuestatus", "fields": {"status": 1, "last_modified": "2012-11-29T21:50:09Z", "issue": 3, "created": "2012-11-29T21:50:09Z"}}, {"pk": 55, "model": "issues.issuestatus", "fields": {"status": 2, "last_modified": "2012-11-29T21:50:56Z", "issue": 3, "created": "2012-11-29T21:50:56Z"}}, {"pk": 56, "model": "issues.issuestatus", "fields": {"status": 1, "last_modified": "2012-11-29T21:50:59Z", "issue": 3, "created": "2012-11-29T21:50:59Z"}}, {"pk": 57, "model": "issues.issuestatus", "fields": {"status": 3, "last_modified": "2012-11-29T21:51:01Z", "issue": 3, "created": "2012-11-29T21:51:01Z"}}, {"pk": 58, "model": "issues.issuestatus", "fields": {"status": 1, "last_modified": "2012-11-29T21:51:02Z", "issue": 3, "created": "2012-11-29T21:51:02Z"}}, {"pk": 59, "model": "issues.issuestatus", "fields": {"status": 2, "last_modified": "2012-11-29T21:53:29Z", "issue": 3, "created": "2012-11-29T21:53:29Z"}}, {"pk": 60, "model": "issues.issuestatus", "fields": {"status": 1, "last_modified": "2012-11-29T21:56:41Z", "issue": 3, "created": "2012-11-29T21:56:41Z"}}, {"pk": 61, "model": "issues.issuestatus", "fields": {"status": 2, "last_modified": "2012-11-29T21:56:42Z", "issue": 3, "created": "2012-11-29T21:56:42Z"}}, {"pk": 62, "model": "issues.issuestatus", "fields": {"status": 3, "last_modified": "2012-11-29T21:56:56Z", "issue": 3, "created": "2012-11-29T21:56:56Z"}}, {"pk": 63, "model": "issues.issuestatus", "fields": {"status": 1, "last_modified": "2012-11-29T21:57:13Z", "issue": 3, "created": "2012-11-29T21:57:13Z"}}, {"pk": 64, "model": "issues.issuestatus", "fields": {"status": 2, "last_modified": "2012-11-29T21:57:15Z", "issue": 3, "created": "2012-11-29T21:57:15Z"}}, {"pk": 65, "model": "issues.issuestatus", "fields": {"status": 1, "last_modified": "2012-11-29T21:57:16Z", "issue": 3, "created": "2012-11-29T21:57:16Z"}}, {"pk": 66, "model": "issues.issuestatus", "fields": {"status": 2, "last_modified": "2012-11-29T21:57:17Z", "issue": 3, "created": "2012-11-29T21:57:17Z"}}, {"pk": 67, "model": "issues.issuestatus", "fields": {"status": 3, "last_modified": "2012-11-29T21:57:17Z", "issue": 3, "created": "2012-11-29T21:57:17Z"}}, {"pk": 68, "model": "issues.issuestatus", "fields": {"status": 3, "last_modified": "2012-11-29T21:57:20Z", "issue": 3, "created": "2012-11-29T21:57:20Z"}}, {"pk": 69, "model": "issues.issuestatus", "fields": {"status": 3, "last_modified": "2012-11-29T21:57:22Z", "issue": 3, "created": "2012-11-29T21:57:22Z"}}, {"pk": 70, "model": "issues.issuestatus", "fields": {"status": 3, "last_modified": "2012-11-29T21:57:23Z", "issue": 3, "created": "2012-11-29T21:57:23Z"}}, {"pk": 71, "model": "issues.issuestatus", "fields": {"status": 3, "last_modified": "2012-11-29T21:57:24Z", "issue": 3, "created": "2012-11-29T21:57:24Z"}}, {"pk": 72, "model": "issues.issuestatus", "fields": {"status": 3, "last_modified": "2012-11-29T21:57:25Z", "issue": 3, "created": "2012-11-29T21:57:25Z"}}, {"pk": 73, "model": "issues.issuestatus", "fields": {"status": 1, "last_modified": "2012-11-29T21:57:30Z", "issue": 3, "created": "2012-11-29T21:57:30Z"}}, {"pk": 74, "model": "issues.issuestatus", "fields": {"status": 2, "last_modified": "2012-11-29T21:57:32Z", "issue": 3, "created": "2012-11-29T21:57:32Z"}}, {"pk": 75, "model": "issues.issuestatus", "fields": {"status": 1, "last_modified": "2012-11-29T21:57:33Z", "issue": 3, "created": "2012-11-29T21:57:33Z"}}, {"pk": 76, "model": "issues.issuestatus", "fields": {"status": 3, "last_modified": "2012-11-29T21:57:37Z", "issue": 3, "created": "2012-11-29T21:57:37Z"}}, {"pk": 77, "model": "issues.issuestatus", "fields": {"status": 3, "last_modified": "2012-11-29T21:57:41Z", "issue": 3, "created": "2012-11-29T21:57:41Z"}}, {"pk": 78, "model": "issues.issuestatus", "fields": {"status": 1, "last_modified": "2012-11-29T21:57:41Z", "issue": 3, "created": "2012-11-29T21:57:41Z"}}, {"pk": 79, "model": "issues.issuestatus", "fields": {"status": 2, "last_modified": "2012-11-29T21:57:43Z", "issue": 3, "created": "2012-11-29T21:57:43Z"}}, {"pk": 80, "model": "issues.issuestatus", "fields": {"status": 3, "last_modified": "2012-11-29T21:57:45Z", "issue": 3, "created": "2012-11-29T21:57:45Z"}}, {"pk": 81, "model": "issues.issuestatus", "fields": {"status": 1, "last_modified": "2012-11-29T21:57:48Z", "issue": 3, "created": "2012-11-29T21:57:48Z"}}, {"pk": 82, "model": "issues.issuestatus", "fields": {"status": 2, "last_modified": "2012-11-29T21:57:50Z", "issue": 3, "created": "2012-11-29T21:57:50Z"}}, {"pk": 83, "model": "issues.issuestatus", "fields": {"status": 1, "last_modified": "2012-11-29T21:59:41Z", "issue": 3, "created": "2012-11-29T21:59:41Z"}}, {"pk": 84, "model": "issues.issuestatus", "fields": {"status": 2, "last_modified": "2012-11-29T21:59:42Z", "issue": 3, "created": "2012-11-29T21:59:42Z"}}, {"pk": 85, "model": "issues.issuestatus", "fields": {"status": 3, "last_modified": "2012-11-29T21:59:43Z", "issue": 3, "created": "2012-11-29T21:59:43Z"}}, {"pk": 86, "model": "issues.issuestatus", "fields": {"status": 1, "last_modified": "2012-11-29T22:00:29Z", "issue": 3, "created": "2012-11-29T22:00:29Z"}}, {"pk": 87, "model": "issues.issuestatus", "fields": {"status": 2, "last_modified": "2012-11-29T22:00:32Z", "issue": 3, "created": "2012-11-29T22:00:32Z"}}, {"pk": 88, "model": "issues.issuestatus", "fields": {"status": 3, "last_modified": "2012-11-29T22:00:35Z", "issue": 3, "created": "2012-11-29T22:00:35Z"}}, {"pk": 89, "model": "issues.issuestatus", "fields": {"status": 1, "last_modified": "2012-11-29T22:00:50Z", "issue": 4, "created": "2012-11-29T22:00:50Z"}}, {"pk": 90, "model": "issues.issuestatus", "fields": {"status": 2, "last_modified": "2012-11-29T22:00:51Z", "issue": 4, "created": "2012-11-29T22:00:51Z"}}, {"pk": 91, "model": "issues.issuestatus", "fields": {"status": 1, "last_modified": "2012-11-29T22:02:27Z", "issue": 4, "created": "2012-11-29T22:02:27Z"}}, {"pk": 92, "model": "issues.issuestatus", "fields": {"status": 2, "last_modified": "2012-11-29T22:02:27Z", "issue": 4, "created": "2012-11-29T22:02:27Z"}}, {"pk": 93, "model": "issues.issuestatus", "fields": {"status": 1, "last_modified": "2012-11-29T22:02:28Z", "issue": 4, "created": "2012-11-29T22:02:28Z"}}, {"pk": 94, "model": "issues.issuestatus", "fields": {"status": 2, "last_modified": "2012-11-29T22:02:29Z", "issue": 4, "created": "2012-11-29T22:02:29Z"}}, {"pk": 95, "model": "issues.issuestatus", "fields": {"status": 3, "last_modified": "2012-11-29T22:02:54Z", "issue": 4, "created": "2012-11-29T22:02:54Z"}}, {"pk": 96, "model": "issues.issuestatus", "fields": {"status": 1, "last_modified": "2012-11-29T22:11:29Z", "issue": 3, "created": "2012-11-29T22:11:29Z"}}, {"pk": 97, "model": "issues.issuestatus", "fields": {"status": 1, "last_modified": "2012-11-29T22:11:30Z", "issue": 4, "created": "2012-11-29T22:11:30Z"}}, {"pk": 98, "model": "issues.issuestatus", "fields": {"status": 2, "last_modified": "2012-11-29T22:11:33Z", "issue": 4, "created": "2012-11-29T22:11:33Z"}}, {"pk": 99, "model": "issues.issuestatus", "fields": {"status": 2, "last_modified": "2012-11-29T22:11:34Z", "issue": 3, "created": "2012-11-29T22:11:34Z"}}, {"pk": 100, "model": "issues.issuestatus", "fields": {"status": 3, "last_modified": "2012-11-29T22:13:27Z", "issue": 4, "created": "2012-11-29T22:13:27Z"}}, {"pk": 101, "model": "issues.issuestatus", "fields": {"status": 3, "last_modified": "2012-11-29T22:16:55Z", "issue": 4, "created": "2012-11-29T22:16:55Z"}}, {"pk": 102, "model": "issues.issuestatus", "fields": {"status": 3, "last_modified": "2012-11-29T22:17:05Z", "issue": 4, "created": "2012-11-29T22:17:05Z"}}, {"pk": 103, "model": "issues.issuestatus", "fields": {"status": 3, "last_modified": "2012-11-29T22:17:45Z", "issue": 4, "created": "2012-11-29T22:17:45Z"}}, {"pk": 104, "model": "issues.issuestatus", "fields": {"status": 1, "last_modified": "2012-11-29T22:17:47Z", "issue": 4, "created": "2012-11-29T22:17:47Z"}}, {"pk": 105, "model": "issues.issuestatus", "fields": {"status": 3, "last_modified": "2012-11-29T22:20:18Z", "issue": 4, "created": "2012-11-29T22:20:18Z"}}, {"pk": 106, "model": "issues.issuestatus", "fields": {"status": 3, "last_modified": "2012-11-29T22:20:40Z", "issue": 4, "created": "2012-11-29T22:20:40Z"}}, {"pk": 107, "model": "issues.issuestatus", "fields": {"status": 1, "last_modified": "2012-11-29T22:23:57Z", "issue": 4, "created": "2012-11-29T22:23:57Z"}}, {"pk": 108, "model": "issues.issuestatus", "fields": {"status": 3, "last_modified": "2012-11-29T22:23:59Z", "issue": 4, "created": "2012-11-29T22:23:59Z"}}, {"pk": 109, "model": "issues.issuestatus", "fields": {"status": 1, "last_modified": "2012-11-29T22:24:01Z", "issue": 4, "created": "2012-11-29T22:24:01Z"}}, {"pk": 110, "model": "issues.issuestatus", "fields": {"status": 3, "last_modified": "2012-11-29T22:24:02Z", "issue": 4, "created": "2012-11-29T22:24:02Z"}}, {"pk": 111, "model": "issues.issuestatus", "fields": {"status": 1, "last_modified": "2012-11-29T22:24:15Z", "issue": 4, "created": "2012-11-29T22:24:15Z"}}, {"pk": 112, "model": "issues.issuestatus", "fields": {"status": 3, "last_modified": "2012-11-29T22:24:16Z", "issue": 4, "created": "2012-11-29T22:24:16Z"}}, {"pk": 113, "model": "issues.issuestatus", "fields": {"status": 1, "last_modified": "2012-11-29T22:27:33Z", "issue": 4, "created": "2012-11-29T22:27:33Z"}}, {"pk": 114, "model": "issues.issuestatus", "fields": {"status": 3, "last_modified": "2012-11-29T22:27:34Z", "issue": 4, "created": "2012-11-29T22:27:34Z"}}, {"pk": 115, "model": "issues.issuestatus", "fields": {"status": 1, "last_modified": "2012-11-29T22:27:36Z", "issue": 4, "created": "2012-11-29T22:27:36Z"}}, {"pk": 116, "model": "issues.issuestatus", "fields": {"status": 3, "last_modified": "2012-11-29T22:27:37Z", "issue": 4, "created": "2012-11-29T22:27:37Z"}}, {"pk": 117, "model": "issues.issuestatus", "fields": {"status": 1, "last_modified": "2012-11-29T22:27:38Z", "issue": 4, "created": "2012-11-29T22:27:38Z"}}, {"pk": 118, "model": "issues.issuestatus", "fields": {"status": 3, "last_modified": "2012-11-29T22:27:39Z", "issue": 4, "created": "2012-11-29T22:27:39Z"}}, {"pk": 119, "model": "issues.issuestatus", "fields": {"status": 1, "last_modified": "2012-11-29T22:27:41Z", "issue": 4, "created": "2012-11-29T22:27:41Z"}}, {"pk": 120, "model": "issues.issuestatus", "fields": {"status": 3, "last_modified": "2012-11-29T22:27:43Z", "issue": 4, "created": "2012-11-29T22:27:43Z"}}, {"pk": 121, "model": "issues.issuestatus", "fields": {"status": 1, "last_modified": "2012-11-29T22:28:38Z", "issue": 4, "created": "2012-11-29T22:28:38Z"}}, {"pk": 122, "model": "issues.issuestatus", "fields": {"status": 2, "last_modified": "2012-11-29T22:28:40Z", "issue": 4, "created": "2012-11-29T22:28:40Z"}}, {"pk": 123, "model": "issues.issuestatus", "fields": {"status": 1, "last_modified": "2012-11-29T22:28:42Z", "issue": 4, "created": "2012-11-29T22:28:42Z"}}, {"pk": 124, "model": "issues.issuestatus", "fields": {"status": 1, "last_modified": "2012-11-29T22:28:43Z", "issue": 3, "created": "2012-11-29T22:28:43Z"}}, {"pk": 125, "model": "issues.issuestatus", "fields": {"status": 1, "last_modified": "2012-11-29T22:29:01Z", "issue": 5, "created": "2012-11-29T22:29:01Z"}}, {"pk": 126, "model": "issues.issuestatus", "fields": {"status": 2, "last_modified": "2012-11-29T22:29:02Z", "issue": 4, "created": "2012-11-29T22:29:02Z"}}, {"pk": 127, "model": "issues.issuestatus", "fields": {"status": 3, "last_modified": "2012-11-29T22:29:05Z", "issue": 5, "created": "2012-11-29T22:29:05Z"}}, {"pk": 128, "model": "issues.issuestatus", "fields": {"status": 1, "last_modified": "2012-11-29T22:29:05Z", "issue": 5, "created": "2012-11-29T22:29:05Z"}}, {"pk": 129, "model": "issues.issuestatus", "fields": {"status": 2, "last_modified": "2012-11-29T22:29:06Z", "issue": 5, "created": "2012-11-29T22:29:06Z"}}, {"pk": 130, "model": "issues.issuestatus", "fields": {"status": 1, "last_modified": "2012-11-29T22:29:08Z", "issue": 5, "created": "2012-11-29T22:29:08Z"}}, {"pk": 131, "model": "issues.issuestatus", "fields": {"status": 1, "last_modified": "2012-11-29T22:29:18Z", "issue": 6, "created": "2012-11-29T22:29:18Z"}}, {"pk": 132, "model": "issues.issuestatus", "fields": {"status": 3, "last_modified": "2012-11-29T22:29:19Z", "issue": 6, "created": "2012-11-29T22:29:19Z"}}, {"pk": 133, "model": "issues.issuestatus", "fields": {"status": 2, "last_modified": "2012-11-29T22:51:29Z", "issue": 5, "created": "2012-11-29T22:51:29Z"}}, {"pk": 134, "model": "issues.issuestatus", "fields": {"status": 1, "last_modified": "2012-11-29T22:51:30Z", "issue": 5, "created": "2012-11-29T22:51:30Z"}}, {"pk": 135, "model": "issues.issuestatus", "fields": {"status": 2, "last_modified": "2012-11-29T22:55:07Z", "issue": 3, "created": "2012-11-29T22:55:07Z"}}, {"pk": 136, "model": "issues.issuestatus", "fields": {"status": 1, "last_modified": "2012-11-29T22:55:08Z", "issue": 3, "created": "2012-11-29T22:55:08Z"}}, {"pk": 137, "model": "issues.issuestatus", "fields": {"status": 1, "last_modified": "2012-11-29T23:38:48Z", "issue": 6, "created": "2012-11-29T23:38:48Z"}}, {"pk": 138, "model": "issues.issuestatus", "fields": {"status": 3, "last_modified": "2012-11-29T23:39:03Z", "issue": 6, "created": "2012-11-29T23:39:03Z"}}, {"pk": 139, "model": "issues.issuestatus", "fields": {"status": 2, "last_modified": "2012-11-29T23:44:43Z", "issue": 3, "created": "2012-11-29T23:44:43Z"}}, {"pk": 140, "model": "issues.issuestatus", "fields": {"status": 1, "last_modified": "2012-11-29T23:44:45Z", "issue": 3, "created": "2012-11-29T23:44:45Z"}}, {"pk": 141, "model": "issues.issuestatus", "fields": {"status": 2, "last_modified": "2012-11-29T23:46:38Z", "issue": 3, "created": "2012-11-29T23:46:38Z"}}, {"pk": 142, "model": "issues.issuestatus", "fields": {"status": 2, "last_modified": "2012-11-29T23:59:57Z", "issue": 5, "created": "2012-11-29T23:59:57Z"}}, {"pk": 143, "model": "issues.issuestatus", "fields": {"status": 1, "last_modified": "2012-11-30T00:00:00Z", "issue": 6, "created": "2012-11-30T00:00:00Z"}}, {"pk": 144, "model": "issues.issuestatus", "fields": {"status": 3, "last_modified": "2012-11-30T00:00:02Z", "issue": 5, "created": "2012-11-30T00:00:02Z"}}, {"pk": 145, "model": "issues.issuestatus", "fields": {"status": 1, "last_modified": "2012-11-30T00:00:02Z", "issue": 5, "created": "2012-11-30T00:00:02Z"}}, {"pk": 146, "model": "issues.issuestatus", "fields": {"status": 3, "last_modified": "2012-11-30T00:00:03Z", "issue": 4, "created": "2012-11-30T00:00:03Z"}}, {"pk": 147, "model": "issues.issuestatus", "fields": {"status": 1, "last_modified": "2012-11-30T00:00:04Z", "issue": 4, "created": "2012-11-30T00:00:04Z"}}, {"pk": 148, "model": "issues.issuestatus", "fields": {"status": 3, "last_modified": "2012-11-30T00:00:05Z", "issue": 3, "created": "2012-11-30T00:00:05Z"}}, {"pk": 149, "model": "issues.issuestatus", "fields": {"status": 1, "last_modified": "2012-11-30T00:00:06Z", "issue": 3, "created": "2012-11-30T00:00:06Z"}}, {"pk": 150, "model": "issues.issuestatus", "fields": {"status": 2, "last_modified": "2012-11-30T00:07:33Z", "issue": 4, "created": "2012-11-30T00:07:33Z"}}, {"pk": 151, "model": "issues.issuestatus", "fields": {"status": 1, "last_modified": "2012-11-30T00:07:34Z", "issue": 4, "created": "2012-11-30T00:07:34Z"}}, {"pk": 152, "model": "issues.issuestatus", "fields": {"status": 2, "last_modified": "2012-11-30T00:07:35Z", "issue": 4, "created": "2012-11-30T00:07:35Z"}}, {"pk": 153, "model": "issues.issuestatus", "fields": {"status": 2, "last_modified": "2012-11-30T00:07:36Z", "issue": 5, "created": "2012-11-30T00:07:36Z"}}, {"pk": 154, "model": "issues.issuestatus", "fields": {"status": 2, "last_modified": "2012-11-30T00:07:38Z", "issue": 6, "created": "2012-11-30T00:07:38Z"}}, {"pk": 155, "model": "issues.issuestatus", "fields": {"status": 2, "last_modified": "2012-11-30T00:07:39Z", "issue": 3, "created": "2012-11-30T00:07:39Z"}}, {"pk": 156, "model": "issues.issuestatus", "fields": {"status": 1, "last_modified": "2012-11-30T00:07:39Z", "issue": 3, "created": "2012-11-30T00:07:39Z"}}, {"pk": 157, "model": "issues.issuestatus", "fields": {"status": 1, "last_modified": "2012-11-30T00:07:40Z", "issue": 4, "created": "2012-11-30T00:07:40Z"}}, {"pk": 158, "model": "issues.issuestatus", "fields": {"status": 1, "last_modified": "2012-11-30T00:07:41Z", "issue": 5, "created": "2012-11-30T00:07:41Z"}}, {"pk": 159, "model": "issues.issuestatus", "fields": {"status": 1, "last_modified": "2012-11-30T00:07:41Z", "issue": 6, "created": "2012-11-30T00:07:41Z"}}, {"pk": 160, "model": "issues.issuestatus", "fields": {"status": 3, "last_modified": "2012-11-30T00:17:12Z", "issue": 6, "created": "2012-11-30T00:17:12Z"}}, {"pk": 161, "model": "issues.issuestatus", "fields": {"status": 1, "last_modified": "2012-11-30T00:17:14Z", "issue": 6, "created": "2012-11-30T00:17:14Z"}}, {"pk": 162, "model": "issues.issuestatus", "fields": {"status": 3, "last_modified": "2012-11-30T00:17:15Z", "issue": 6, "created": "2012-11-30T00:17:15Z"}}, {"pk": 163, "model": "issues.issuestatus", "fields": {"status": 2, "last_modified": "2012-11-30T00:17:17Z", "issue": 3, "created": "2012-11-30T00:17:17Z"}}, {"pk": 164, "model": "issues.issuestatus", "fields": {"status": 1, "last_modified": "2012-11-30T00:23:54Z", "issue": 7, "created": "2012-11-30T00:23:54Z"}}, {"pk": 165, "model": "issues.issuestatus", "fields": {"status": 3, "last_modified": "2012-11-30T00:33:05Z", "issue": 5, "created": "2012-11-30T00:33:05Z"}}, {"pk": 166, "model": "issues.issuestatus", "fields": {"status": 1, "last_modified": "2012-11-30T00:33:06Z", "issue": 5, "created": "2012-11-30T00:33:06Z"}}, {"pk": 167, "model": "issues.issuestatus", "fields": {"status": 3, "last_modified": "2012-11-30T00:33:06Z", "issue": 5, "created": "2012-11-30T00:33:06Z"}}, {"pk": 168, "model": "issues.issuestatus", "fields": {"status": 2, "last_modified": "2012-11-30T00:33:12Z", "issue": 4, "created": "2012-11-30T00:33:12Z"}}, {"pk": 169, "model": "issues.issuestatus", "fields": {"status": 1, "last_modified": "2012-11-30T00:33:13Z", "issue": 4, "created": "2012-11-30T00:33:13Z"}}, {"pk": 170, "model": "issues.issuestatus", "fields": {"status": 2, "last_modified": "2012-11-30T00:33:13Z", "issue": 4, "created": "2012-11-30T00:33:13Z"}}, {"pk": 171, "model": "issues.issuestatus", "fields": {"status": 1, "last_modified": "2012-11-30T00:33:13Z", "issue": 4, "created": "2012-11-30T00:33:13Z"}}, {"pk": 172, "model": "issues.issuestatus", "fields": {"status": 1, "last_modified": "2012-11-30T00:33:17Z", "issue": 3, "created": "2012-11-30T00:33:17Z"}}, {"pk": 173, "model": "issues.issuestatus", "fields": {"status": 3, "last_modified": "2012-11-30T00:33:19Z", "issue": 3, "created": "2012-11-30T00:33:19Z"}}, {"pk": 174, "model": "issues.issuestatus", "fields": {"status": 1, "last_modified": "2012-11-30T00:33:35Z", "issue": 3, "created": "2012-11-30T00:33:35Z"}}, {"pk": 175, "model": "issues.issuestatus", "fields": {"status": 2, "last_modified": "2012-11-30T00:33:35Z", "issue": 3, "created": "2012-11-30T00:33:35Z"}}, {"pk": 176, "model": "issues.issuestatus", "fields": {"status": 1, "last_modified": "2012-11-30T00:33:38Z", "issue": 3, "created": "2012-11-30T00:33:38Z"}}, {"pk": 177, "model": "issues.issuestatus", "fields": {"status": 2, "last_modified": "2012-11-30T00:33:39Z", "issue": 3, "created": "2012-11-30T00:33:39Z"}}, {"pk": 178, "model": "issues.issuestatus", "fields": {"status": 1, "last_modified": "2012-11-30T00:34:53Z", "issue": 5, "created": "2012-11-30T00:34:53Z"}}, {"pk": 179, "model": "issues.issuestatus", "fields": {"status": 1, "last_modified": "2012-11-30T00:34:54Z", "issue": 6, "created": "2012-11-30T00:34:54Z"}}, {"pk": 180, "model": "issues.issuestatus", "fields": {"status": 3, "last_modified": "2012-11-30T00:37:01Z", "issue": 3, "created": "2012-11-30T00:37:01Z"}}, {"pk": 181, "model": "issues.issuestatus", "fields": {"status": 2, "last_modified": "2012-11-30T00:37:06Z", "issue": 5, "created": "2012-11-30T00:37:06Z"}}, {"pk": 182, "model": "issues.issuestatus", "fields": {"status": 1, "last_modified": "2012-11-30T00:37:21Z", "issue": 3, "created": "2012-11-30T00:37:21Z"}}, {"pk": 183, "model": "issues.issuestatus", "fields": {"status": 2, "last_modified": "2012-11-30T00:37:24Z", "issue": 3, "created": "2012-11-30T00:37:24Z"}}, {"pk": 184, "model": "issues.issuestatus", "fields": {"status": 1, "last_modified": "2012-11-30T00:37:24Z", "issue": 3, "created": "2012-11-30T00:37:24Z"}}, {"pk": 185, "model": "issues.issuestatus", "fields": {"status": 2, "last_modified": "2012-11-30T00:37:24Z", "issue": 3, "created": "2012-11-30T00:37:24Z"}}, {"pk": 186, "model": "issues.issuestatus", "fields": {"status": 1, "last_modified": "2012-11-30T00:37:25Z", "issue": 3, "created": "2012-11-30T00:37:25Z"}}, {"pk": 187, "model": "issues.issuestatus", "fields": {"status": 2, "last_modified": "2012-11-30T00:37:25Z", "issue": 3, "created": "2012-11-30T00:37:25Z"}}, {"pk": 188, "model": "issues.issuestatus", "fields": {"status": 1, "last_modified": "2012-11-30T00:37:25Z", "issue": 3, "created": "2012-11-30T00:37:25Z"}}, {"pk": 189, "model": "issues.issuestatus", "fields": {"status": 2, "last_modified": "2012-11-30T00:37:25Z", "issue": 3, "created": "2012-11-30T00:37:25Z"}}, {"pk": 190, "model": "issues.issuestatus", "fields": {"status": 1, "last_modified": "2012-11-30T00:37:26Z", "issue": 3, "created": "2012-11-30T00:37:26Z"}}, {"pk": 191, "model": "issues.issuestatus", "fields": {"status": 2, "last_modified": "2012-11-30T00:37:26Z", "issue": 3, "created": "2012-11-30T00:37:26Z"}}, {"pk": 192, "model": "issues.issuestatus", "fields": {"status": 1, "last_modified": "2012-11-30T00:37:26Z", "issue": 3, "created": "2012-11-30T00:37:26Z"}}, {"pk": 193, "model": "issues.issuestatus", "fields": {"status": 2, "last_modified": "2012-11-30T00:37:26Z", "issue": 3, "created": "2012-11-30T00:37:26Z"}}, {"pk": 194, "model": "issues.issuestatus", "fields": {"status": 1, "last_modified": "2012-11-30T00:37:27Z", "issue": 3, "created": "2012-11-30T00:37:27Z"}}, {"pk": 195, "model": "issues.issuestatus", "fields": {"status": 2, "last_modified": "2012-11-30T00:37:27Z", "issue": 3, "created": "2012-11-30T00:37:27Z"}}, {"pk": 196, "model": "issues.issuestatus", "fields": {"status": 3, "last_modified": "2012-11-30T00:37:28Z", "issue": 3, "created": "2012-11-30T00:37:28Z"}}, {"pk": 197, "model": "issues.issuestatus", "fields": {"status": 1, "last_modified": "2012-11-30T00:37:28Z", "issue": 3, "created": "2012-11-30T00:37:28Z"}}, {"pk": 198, "model": "issues.issuestatus", "fields": {"status": 2, "last_modified": "2012-11-30T00:37:29Z", "issue": 3, "created": "2012-11-30T00:37:29Z"}}, {"pk": 199, "model": "issues.issuestatus", "fields": {"status": 1, "last_modified": "2012-11-30T00:37:29Z", "issue": 3, "created": "2012-11-30T00:37:29Z"}}, {"pk": 200, "model": "issues.issuestatus", "fields": {"status": 2, "last_modified": "2012-11-30T00:37:31Z", "issue": 3, "created": "2012-11-30T00:37:31Z"}}, {"pk": 201, "model": "issues.issuestatus", "fields": {"status": 1, "last_modified": "2012-11-30T00:37:31Z", "issue": 3, "created": "2012-11-30T00:37:31Z"}}, {"pk": 202, "model": "issues.issuestatus", "fields": {"status": 2, "last_modified": "2012-11-30T00:42:30Z", "issue": 3, "created": "2012-11-30T00:42:30Z"}}, {"pk": 203, "model": "issues.issuestatus", "fields": {"status": 1, "last_modified": "2012-11-30T00:42:31Z", "issue": 3, "created": "2012-11-30T00:42:31Z"}}, {"pk": 204, "model": "issues.issuestatus", "fields": {"status": 2, "last_modified": "2012-11-30T00:42:31Z", "issue": 3, "created": "2012-11-30T00:42:31Z"}}, {"pk": 205, "model": "issues.issuestatus", "fields": {"status": 1, "last_modified": "2012-11-30T00:50:46Z", "issue": 3, "created": "2012-11-30T00:50:46Z"}}, {"pk": 206, "model": "issues.issuestatus", "fields": {"status": 2, "last_modified": "2012-11-30T00:50:47Z", "issue": 3, "created": "2012-11-30T00:50:47Z"}}, {"pk": 207, "model": "issues.issuestatus", "fields": {"status": 1, "last_modified": "2012-11-30T00:50:48Z", "issue": 3, "created": "2012-11-30T00:50:48Z"}}, {"pk": 208, "model": "issues.issuestatus", "fields": {"status": 2, "last_modified": "2012-11-30T00:50:48Z", "issue": 3, "created": "2012-11-30T00:50:48Z"}}, {"pk": 209, "model": "issues.issuestatus", "fields": {"status": 2, "last_modified": "2012-11-30T01:00:13Z", "issue": 7, "created": "2012-11-30T01:00:13Z"}}, {"pk": 210, "model": "issues.issuestatus", "fields": {"status": 1, "last_modified": "2012-11-30T01:00:13Z", "issue": 7, "created": "2012-11-30T01:00:13Z"}}, {"pk": 211, "model": "issues.issuestatus", "fields": {"status": 3, "last_modified": "2012-11-30T01:00:15Z", "issue": 7, "created": "2012-11-30T01:00:15Z"}}, {"pk": 212, "model": "issues.issuestatus", "fields": {"status": 1, "last_modified": "2012-11-30T01:00:15Z", "issue": 7, "created": "2012-11-30T01:00:15Z"}}, {"pk": 213, "model": "issues.issuestatus", "fields": {"status": 2, "last_modified": "2012-11-30T16:27:48Z", "issue": 4, "created": "2012-11-30T16:27:48Z"}}, {"pk": 214, "model": "issues.issuestatus", "fields": {"status": 1, "last_modified": "2012-11-30T16:27:48Z", "issue": 4, "created": "2012-11-30T16:27:48Z"}}, {"pk": 215, "model": "issues.issuestatus", "fields": {"status": 1, "last_modified": "2012-11-30T16:27:50Z", "issue": 5, "created": "2012-11-30T16:27:50Z"}}, {"pk": 216, "model": "issues.issuestatus", "fields": {"status": 2, "last_modified": "2012-11-30T16:27:51Z", "issue": 5, "created": "2012-11-30T16:27:51Z"}}, {"pk": 217, "model": "issues.issuestatus", "fields": {"status": 2, "last_modified": "2012-11-30T16:27:53Z", "issue": 6, "created": "2012-11-30T16:27:53Z"}}, {"pk": 218, "model": "issues.issuestatus", "fields": {"status": 1, "last_modified": "2012-11-30T16:27:53Z", "issue": 6, "created": "2012-11-30T16:27:53Z"}}, {"pk": 219, "model": "issues.issuestatus", "fields": {"status": 1, "last_modified": "2012-11-30T16:27:54Z", "issue": 3, "created": "2012-11-30T16:27:54Z"}}, {"pk": 220, "model": "issues.issuestatus", "fields": {"status": 2, "last_modified": "2012-11-30T16:27:55Z", "issue": 3, "created": "2012-11-30T16:27:55Z"}}, {"pk": 221, "model": "issues.issuestatus", "fields": {"status": 1, "last_modified": "2012-11-30T16:27:55Z", "issue": 3, "created": "2012-11-30T16:27:55Z"}}, {"pk": 222, "model": "issues.issuestatus", "fields": {"status": 2, "last_modified": "2012-11-30T16:27:56Z", "issue": 3, "created": "2012-11-30T16:27:56Z"}}, {"pk": 223, "model": "issues.issuestatus", "fields": {"status": 3, "last_modified": "2012-11-30T16:27:58Z", "issue": 6, "created": "2012-11-30T16:27:58Z"}}, {"pk": 224, "model": "issues.issuestatus", "fields": {"status": 1, "last_modified": "2012-11-30T16:27:59Z", "issue": 6, "created": "2012-11-30T16:27:59Z"}}, {"pk": 225, "model": "issues.issuestatus", "fields": {"status": 2, "last_modified": "2012-11-30T16:28:05Z", "issue": 6, "created": "2012-11-30T16:28:05Z"}}, {"pk": 226, "model": "issues.issuestatus", "fields": {"status": 1, "last_modified": "2012-11-30T16:28:06Z", "issue": 6, "created": "2012-11-30T16:28:06Z"}}, {"pk": 227, "model": "issues.issuestatus", "fields": {"status": 2, "last_modified": "2012-11-30T16:28:08Z", "issue": 4, "created": "2012-11-30T16:28:08Z"}}, {"pk": 228, "model": "issues.issuestatus", "fields": {"status": 1, "last_modified": "2012-11-30T16:28:08Z", "issue": 4, "created": "2012-11-30T16:28:08Z"}}, {"pk": 229, "model": "issues.issuestatus", "fields": {"status": 2, "last_modified": "2012-11-30T16:28:10Z", "issue": 4, "created": "2012-11-30T16:28:10Z"}}, {"pk": 230, "model": "issues.issuestatus", "fields": {"status": 1, "last_modified": "2012-12-12T00:16:09Z", "issue": 8, "created": "2012-12-12T00:16:09Z"}}, {"pk": 231, "model": "issues.issuestatus", "fields": {"status": 2, "last_modified": "2012-12-12T00:18:16Z", "issue": 8, "created": "2012-12-12T00:18:16Z"}}, {"pk": 232, "model": "issues.issuestatus", "fields": {"status": 1, "last_modified": "2012-12-12T00:18:16Z", "issue": 8, "created": "2012-12-12T00:18:16Z"}}, {"pk": 233, "model": "issues.issuestatus", "fields": {"status": 3, "last_modified": "2012-12-12T00:18:17Z", "issue": 8, "created": "2012-12-12T00:18:17Z"}}, {"pk": 234, "model": "issues.issuestatus", "fields": {"status": 1, "last_modified": "2012-12-12T00:18:18Z", "issue": 8, "created": "2012-12-12T00:18:18Z"}}, {"pk": 235, "model": "issues.issuestatus", "fields": {"status": 3, "last_modified": "2012-12-12T00:18:21Z", "issue": 6, "created": "2012-12-12T00:18:21Z"}}, {"pk": 236, "model": "issues.issuestatus", "fields": {"status": 1, "last_modified": "2012-12-12T00:18:22Z", "issue": 6, "created": "2012-12-12T00:18:22Z"}}, {"pk": 237, "model": "issues.issuestatus", "fields": {"status": 1, "last_modified": "2012-12-12T00:19:40Z", "issue": 9, "created": "2012-12-12T00:19:40Z"}}, {"pk": 238, "model": "issues.issuestatus", "fields": {"status": 3, "last_modified": "2012-12-12T20:27:16Z", "issue": 7, "created": "2012-12-12T20:27:16Z"}}, {"pk": 239, "model": "issues.issuestatus", "fields": {"status": 1, "last_modified": "2012-12-12T20:27:19Z", "issue": 7, "created": "2012-12-12T20:27:19Z"}}, {"pk": 240, "model": "issues.issuestatus", "fields": {"status": 3, "last_modified": "2012-12-12T20:27:20Z", "issue": 9, "created": "2012-12-12T20:27:20Z"}}, {"pk": 241, "model": "issues.issuestatus", "fields": {"status": 1, "last_modified": "2012-12-12T20:27:22Z", "issue": 9, "created": "2012-12-12T20:27:22Z"}}, {"pk": 242, "model": "issues.issuestatus", "fields": {"status": 2, "last_modified": "2012-12-12T20:27:24Z", "issue": 9, "created": "2012-12-12T20:27:24Z"}}, {"pk": 243, "model": "issues.issuestatus", "fields": {"status": 3, "last_modified": "2012-12-12T20:27:25Z", "issue": 9, "created": "2012-12-12T20:27:25Z"}}, {"pk": 244, "model": "issues.issuestatus", "fields": {"status": 1, "last_modified": "2012-12-12T20:27:33Z", "issue": 9, "created": "2012-12-12T20:27:33Z"}}, {"pk": 245, "model": "issues.issuestatus", "fields": {"status": 3, "last_modified": "2012-12-12T20:27:34Z", "issue": 9, "created": "2012-12-12T20:27:34Z"}}, {"pk": 246, "model": "issues.issuestatus", "fields": {"status": 1, "last_modified": "2012-12-12T20:27:34Z", "issue": 9, "created": "2012-12-12T20:27:34Z"}}, {"pk": 247, "model": "issues.issuestatus", "fields": {"status": 3, "last_modified": "2012-12-12T20:27:35Z", "issue": 9, "created": "2012-12-12T20:27:35Z"}}, {"pk": 248, "model": "issues.issuestatus", "fields": {"status": 1, "last_modified": "2012-12-12T20:27:35Z", "issue": 9, "created": "2012-12-12T20:27:35Z"}}, {"pk": 249, "model": "issues.issuestatus", "fields": {"status": 3, "last_modified": "2012-12-12T20:27:35Z", "issue": 9, "created": "2012-12-12T20:27:35Z"}}, {"pk": 250, "model": "issues.issuestatus", "fields": {"status": 1, "last_modified": "2012-12-12T20:27:37Z", "issue": 9, "created": "2012-12-12T20:27:37Z"}}, {"pk": 251, "model": "issues.issuestatus", "fields": {"status": 2, "last_modified": "2012-12-12T20:27:38Z", "issue": 8, "created": "2012-12-12T20:27:38Z"}}, {"pk": 252, "model": "issues.issuestatus", "fields": {"status": 1, "last_modified": "2012-12-12T20:27:39Z", "issue": 8, "created": "2012-12-12T20:27:39Z"}}, {"pk": 253, "model": "issues.issuestatus", "fields": {"status": 2, "last_modified": "2012-12-12T20:27:39Z", "issue": 8, "created": "2012-12-12T20:27:39Z"}}, {"pk": 254, "model": "issues.issuestatus", "fields": {"status": 1, "last_modified": "2012-12-12T20:27:40Z", "issue": 8, "created": "2012-12-12T20:27:40Z"}}, {"pk": 255, "model": "issues.issuestatus", "fields": {"status": 2, "last_modified": "2012-12-12T20:27:40Z", "issue": 8, "created": "2012-12-12T20:27:40Z"}}, {"pk": 256, "model": "issues.issuestatus", "fields": {"status": 1, "last_modified": "2012-12-12T20:27:40Z", "issue": 8, "created": "2012-12-12T20:27:40Z"}}, {"pk": 257, "model": "issues.issuestatus", "fields": {"status": 2, "last_modified": "2012-12-12T20:27:41Z", "issue": 8, "created": "2012-12-12T20:27:41Z"}}, {"pk": 258, "model": "issues.issuestatus", "fields": {"status": 1, "last_modified": "2012-12-12T20:27:41Z", "issue": 8, "created": "2012-12-12T20:27:41Z"}}, {"pk": 259, "model": "issues.issuestatus", "fields": {"status": 1, "last_modified": "2012-12-12T20:28:01Z", "issue": 10, "created": "2012-12-12T20:28:01Z"}}, {"pk": 260, "model": "issues.issuestatus", "fields": {"status": 1, "last_modified": "2012-12-12T20:28:43Z", "issue": 3, "created": "2012-12-12T20:28:43Z"}}, {"pk": 261, "model": "issues.issuestatus", "fields": {"status": 3, "last_modified": "2012-12-12T20:28:50Z", "issue": 3, "created": "2012-12-12T20:28:50Z"}}, {"pk": 262, "model": "issues.issuestatus", "fields": {"status": 1, "last_modified": "2012-12-12T20:29:29Z", "issue": 3, "created": "2012-12-12T20:29:29Z"}}, {"pk": 263, "model": "issues.issuestatus", "fields": {"status": 2, "last_modified": "2012-12-12T20:29:30Z", "issue": 3, "created": "2012-12-12T20:29:30Z"}}, {"pk": 264, "model": "issues.issuestatus", "fields": {"status": 3, "last_modified": "2012-12-12T20:29:31Z", "issue": 3, "created": "2012-12-12T20:29:31Z"}}, {"pk": 265, "model": "issues.issuestatus", "fields": {"status": 1, "last_modified": "2012-12-12T20:29:32Z", "issue": 3, "created": "2012-12-12T20:29:32Z"}}, {"pk": 266, "model": "issues.issuestatus", "fields": {"status": 2, "last_modified": "2012-12-12T20:29:32Z", "issue": 3, "created": "2012-12-12T20:29:32Z"}}, {"pk": 267, "model": "issues.issuestatus", "fields": {"status": 1, "last_modified": "2012-12-12T20:29:33Z", "issue": 3, "created": "2012-12-12T20:29:33Z"}}, {"pk": 268, "model": "issues.issuestatus", "fields": {"status": 3, "last_modified": "2012-12-12T20:29:33Z", "issue": 3, "created": "2012-12-12T20:29:33Z"}}, {"pk": 269, "model": "issues.issuestatus", "fields": {"status": 1, "last_modified": "2012-12-12T20:31:58Z", "issue": 4, "created": "2012-12-12T20:31:58Z"}}, {"pk": 270, "model": "issues.issuestatus", "fields": {"status": 2, "last_modified": "2012-12-12T20:31:59Z", "issue": 4, "created": "2012-12-12T20:31:59Z"}}, {"pk": 271, "model": "issues.issuestatus", "fields": {"status": 1, "last_modified": "2012-12-12T20:31:59Z", "issue": 4, "created": "2012-12-12T20:31:59Z"}}, {"pk": 272, "model": "issues.issuestatus", "fields": {"status": 2, "last_modified": "2012-12-12T20:32:00Z", "issue": 4, "created": "2012-12-12T20:32:00Z"}}, {"pk": 273, "model": "issues.issuestatus", "fields": {"status": 1, "last_modified": "2012-12-12T20:32:00Z", "issue": 4, "created": "2012-12-12T20:32:00Z"}}, {"pk": 274, "model": "issues.issuestatus", "fields": {"status": 1, "last_modified": "2012-12-13T19:47:45Z", "issue": 3, "created": "2012-12-13T19:47:45Z"}}, {"pk": 275, "model": "issues.issuestatus", "fields": {"status": 2, "last_modified": "2012-12-13T19:47:46Z", "issue": 3, "created": "2012-12-13T19:47:46Z"}}, {"pk": 276, "model": "issues.issuestatus", "fields": {"status": 1, "last_modified": "2012-12-13T19:47:47Z", "issue": 3, "created": "2012-12-13T19:47:47Z"}}, {"pk": 277, "model": "issues.issuestatus", "fields": {"status": 1, "last_modified": "2012-12-13T19:47:57Z", "issue": 11, "created": "2012-12-13T19:47:57Z"}}, {"pk": 278, "model": "issues.issuestatus", "fields": {"status": 1, "last_modified": "2012-12-14T00:41:45Z", "issue": 5, "created": "2012-12-14T00:41:45Z"}}, {"pk": 279, "model": "issues.issuestatus", "fields": {"status": 2, "last_modified": "2012-12-14T00:41:45Z", "issue": 5, "created": "2012-12-14T00:41:45Z"}}, {"pk": 280, "model": "issues.issuestatus", "fields": {"status": 2, "last_modified": "2012-12-18T01:11:24Z", "issue": 4, "created": "2012-12-18T01:11:24Z"}}, {"pk": 281, "model": "issues.issuestatus", "fields": {"status": 1, "last_modified": "2012-12-18T01:11:24Z", "issue": 4, "created": "2012-12-18T01:11:24Z"}}, {"pk": 282, "model": "issues.issuestatus", "fields": {"status": 2, "last_modified": "2012-12-18T18:26:56Z", "issue": 3, "created": "2012-12-18T18:26:56Z"}}, {"pk": 283, "model": "issues.issuestatus", "fields": {"status": 1, "last_modified": "2012-12-18T18:26:56Z", "issue": 3, "created": "2012-12-18T18:26:56Z"}}, {"pk": 284, "model": "issues.issuestatus", "fields": {"status": 2, "last_modified": "2012-12-18T18:26:57Z", "issue": 3, "created": "2012-12-18T18:26:57Z"}}, {"pk": 285, "model": "issues.issuestatus", "fields": {"status": 1, "last_modified": "2012-12-18T18:26:57Z", "issue": 3, "created": "2012-12-18T18:26:57Z"}}, {"pk": 286, "model": "issues.issuestatus", "fields": {"status": 2, "last_modified": "2012-12-18T18:26:58Z", "issue": 3, "created": "2012-12-18T18:26:58Z"}}, {"pk": 287, "model": "issues.issuestatus", "fields": {"status": 1, "last_modified": "2012-12-18T18:26:58Z", "issue": 3, "created": "2012-12-18T18:26:58Z"}}, {"pk": 288, "model": "issues.issuestatus", "fields": {"status": 2, "last_modified": "2012-12-18T18:26:58Z", "issue": 3, "created": "2012-12-18T18:26:58Z"}}, {"pk": 289, "model": "issues.issuestatus", "fields": {"status": 1, "last_modified": "2012-12-18T18:27:00Z", "issue": 3, "created": "2012-12-18T18:27:00Z"}}, {"pk": 290, "model": "issues.issuestatus", "fields": {"status": 2, "last_modified": "2012-12-18T18:27:01Z", "issue": 3, "created": "2012-12-18T18:27:01Z"}}, {"pk": 291, "model": "issues.issuestatus", "fields": {"status": 1, "last_modified": "2012-12-18T18:27:02Z", "issue": 3, "created": "2012-12-18T18:27:02Z"}}, {"pk": 292, "model": "issues.issuestatus", "fields": {"status": 2, "last_modified": "2012-12-18T18:27:03Z", "issue": 3, "created": "2012-12-18T18:27:03Z"}}, {"pk": 293, "model": "issues.issuestatus", "fields": {"status": 1, "last_modified": "2012-12-18T18:27:04Z", "issue": 3, "created": "2012-12-18T18:27:04Z"}}, {"pk": 294, "model": "issues.issuestatus", "fields": {"status": 2, "last_modified": "2012-12-18T18:27:06Z", "issue": 3, "created": "2012-12-18T18:27:06Z"}}, {"pk": 295, "model": "issues.issuestatus", "fields": {"status": 3, "last_modified": "2012-12-18T18:28:19Z", "issue": 3, "created": "2012-12-18T18:28:19Z"}}, {"pk": 296, "model": "issues.issuestatus", "fields": {"status": 2, "last_modified": "2012-12-18T18:33:30Z", "issue": 4, "created": "2012-12-18T18:33:30Z"}}, {"pk": 297, "model": "issues.issuestatus", "fields": {"status": 1, "last_modified": "2012-12-18T18:33:30Z", "issue": 4, "created": "2012-12-18T18:33:30Z"}}, {"pk": 298, "model": "issues.issuestatus", "fields": {"status": 2, "last_modified": "2012-12-18T18:33:31Z", "issue": 4, "created": "2012-12-18T18:33:31Z"}}, {"pk": 299, "model": "issues.issuestatus", "fields": {"status": 1, "last_modified": "2012-12-18T18:33:31Z", "issue": 4, "created": "2012-12-18T18:33:31Z"}}, {"pk": 300, "model": "issues.issuestatus", "fields": {"status": 2, "last_modified": "2012-12-18T18:33:31Z", "issue": 4, "created": "2012-12-18T18:33:31Z"}}, {"pk": 301, "model": "issues.issuestatus", "fields": {"status": 1, "last_modified": "2012-12-19T20:07:11Z", "issue": 5, "created": "2012-12-19T20:07:11Z"}}, {"pk": 302, "model": "issues.issuestatus", "fields": {"status": 1, "last_modified": "2012-12-19T20:11:19Z", "issue": 3, "created": "2012-12-19T20:11:19Z"}}, {"pk": 303, "model": "issues.issuestatus", "fields": {"status": 3, "last_modified": "2012-12-19T20:11:20Z", "issue": 3, "created": "2012-12-19T20:11:20Z"}}, {"pk": 304, "model": "issues.issuestatus", "fields": {"status": 1, "last_modified": "2012-12-19T20:11:21Z", "issue": 3, "created": "2012-12-19T20:11:21Z"}}, {"pk": 305, "model": "issues.issuestatus", "fields": {"status": 3, "last_modified": "2012-12-19T20:11:22Z", "issue": 3, "created": "2012-12-19T20:11:22Z"}}, {"pk": 306, "model": "issues.issuestatus", "fields": {"status": 1, "last_modified": "2012-12-19T20:14:40Z", "issue": 3, "created": "2012-12-19T20:14:40Z"}}, {"pk": 307, "model": "issues.issuestatus", "fields": {"status": 3, "last_modified": "2012-12-19T20:14:41Z", "issue": 3, "created": "2012-12-19T20:14:41Z"}}, {"pk": 308, "model": "issues.issuestatus", "fields": {"status": 1, "last_modified": "2012-12-19T22:40:03Z", "issue": 3, "created": "2012-12-19T22:40:03Z"}}, {"pk": 309, "model": "issues.issuestatus", "fields": {"status": 2, "last_modified": "2012-12-19T22:40:05Z", "issue": 3, "created": "2012-12-19T22:40:05Z"}}, {"pk": 310, "model": "issues.issuestatus", "fields": {"status": 1, "last_modified": "2012-12-19T22:40:05Z", "issue": 3, "created": "2012-12-19T22:40:05Z"}}, {"pk": 311, "model": "issues.issuestatus", "fields": {"status": 2, "last_modified": "2012-12-19T22:40:06Z", "issue": 3, "created": "2012-12-19T22:40:06Z"}}, {"pk": 312, "model": "issues.issuestatus", "fields": {"status": 2, "last_modified": "2012-12-21T00:27:46Z", "issue": 7, "created": "2012-12-21T00:27:46Z"}}, {"pk": 313, "model": "issues.issuestatus", "fields": {"status": 1, "last_modified": "2012-12-21T00:27:47Z", "issue": 7, "created": "2012-12-21T00:27:47Z"}}, {"pk": 314, "model": "issues.issuestatus", "fields": {"status": 2, "last_modified": "2012-12-21T00:27:48Z", "issue": 7, "created": "2012-12-21T00:27:48Z"}}, {"pk": 315, "model": "issues.issuestatus", "fields": {"status": 1, "last_modified": "2012-12-21T00:27:48Z", "issue": 7, "created": "2012-12-21T00:27:48Z"}}, {"pk": 316, "model": "issues.issuestatus", "fields": {"status": 2, "last_modified": "2012-12-27T18:27:12Z", "issue": 5, "created": "2012-12-27T18:27:12Z"}}, {"pk": 317, "model": "issues.issuestatus", "fields": {"status": 2, "last_modified": "2012-12-27T18:27:18Z", "issue": 5, "created": "2012-12-27T18:27:18Z"}}, {"pk": 318, "model": "issues.issuestatus", "fields": {"status": 2, "last_modified": "2012-12-27T18:45:49Z", "issue": 6, "created": "2012-12-27T18:45:49Z"}}, {"pk": 319, "model": "issues.issuestatus", "fields": {"status": 2, "last_modified": "2012-12-27T18:46:00Z", "issue": 6, "created": "2012-12-27T18:46:00Z"}}, {"pk": 320, "model": "issues.issuestatus", "fields": {"status": 2, "last_modified": "2012-12-27T18:56:17Z", "issue": 7, "created": "2012-12-27T18:56:17Z"}}, {"pk": 321, "model": "issues.issuestatus", "fields": {"status": 1, "last_modified": "2012-12-27T18:56:22Z", "issue": 7, "created": "2012-12-27T18:56:22Z"}}, {"pk": 322, "model": "issues.issuestatus", "fields": {"status": 1, "last_modified": "2012-12-27T18:57:39Z", "issue": 3, "created": "2012-12-27T18:57:39Z"}}, {"pk": 323, "model": "issues.issuestatus", "fields": {"status": 2, "last_modified": "2012-12-27T18:58:46Z", "issue": 3, "created": "2012-12-27T18:58:46Z"}}, {"pk": 324, "model": "issues.issuestatus", "fields": {"status": 1, "last_modified": "2012-12-27T18:59:05Z", "issue": 3, "created": "2012-12-27T18:59:05Z"}}, {"pk": 325, "model": "issues.issuestatus", "fields": {"status": 2, "last_modified": "2012-12-27T18:59:38Z", "issue": 3, "created": "2012-12-27T18:59:38Z"}}, {"pk": 326, "model": "issues.issuestatus", "fields": {"status": 3, "last_modified": "2012-12-27T18:59:41Z", "issue": 3, "created": "2012-12-27T18:59:41Z"}}, {"pk": 327, "model": "issues.issuestatus", "fields": {"status": 2, "last_modified": "2012-12-27T18:59:42Z", "issue": 3, "created": "2012-12-27T18:59:42Z"}}, {"pk": 328, "model": "issues.issuestatus", "fields": {"status": 1, "last_modified": "2012-12-27T19:16:40Z", "issue": 3, "created": "2012-12-27T19:16:40Z"}}, {"pk": 329, "model": "issues.issuestatus", "fields": {"status": 3, "last_modified": "2012-12-27T19:16:42Z", "issue": 3, "created": "2012-12-27T19:16:42Z"}}, {"pk": 330, "model": "issues.issuestatus", "fields": {"status": 1, "last_modified": "2012-12-27T19:18:20Z", "issue": 3, "created": "2012-12-27T19:18:20Z"}}, {"pk": 331, "model": "issues.issuestatus", "fields": {"status": 2, "last_modified": "2012-12-27T19:18:23Z", "issue": 3, "created": "2012-12-27T19:18:23Z"}}, {"pk": 332, "model": "issues.issuestatus", "fields": {"status": 1, "last_modified": "2012-12-27T19:18:24Z", "issue": 3, "created": "2012-12-27T19:18:24Z"}}, {"pk": 333, "model": "issues.issuestatus", "fields": {"status": 3, "last_modified": "2012-12-27T19:18:25Z", "issue": 3, "created": "2012-12-27T19:18:25Z"}}, {"pk": 334, "model": "issues.issuestatus", "fields": {"status": 1, "last_modified": "2012-12-27T19:18:27Z", "issue": 4, "created": "2012-12-27T19:18:27Z"}}, {"pk": 335, "model": "issues.issuestatus", "fields": {"status": 2, "last_modified": "2012-12-27T19:18:28Z", "issue": 4, "created": "2012-12-27T19:18:28Z"}}, {"pk": 336, "model": "issues.issuestatus", "fields": {"status": 1, "last_modified": "2012-12-27T19:18:29Z", "issue": 4, "created": "2012-12-27T19:18:29Z"}}, {"pk": 337, "model": "issues.issuestatus", "fields": {"status": 3, "last_modified": "2012-12-27T19:18:30Z", "issue": 4, "created": "2012-12-27T19:18:30Z"}}, {"pk": 338, "model": "issues.issuestatus", "fields": {"status": 1, "last_modified": "2012-12-27T19:18:31Z", "issue": 4, "created": "2012-12-27T19:18:31Z"}}, {"pk": 339, "model": "issues.issuestatus", "fields": {"status": 2, "last_modified": "2012-12-27T19:18:33Z", "issue": 4, "created": "2012-12-27T19:18:33Z"}}, {"pk": 340, "model": "issues.issuestatus", "fields": {"status": 1, "last_modified": "2012-12-27T19:18:33Z", "issue": 4, "created": "2012-12-27T19:18:33Z"}}, {"pk": 341, "model": "issues.issuestatus", "fields": {"status": 2, "last_modified": "2012-12-27T19:18:34Z", "issue": 4, "created": "2012-12-27T19:18:34Z"}}, {"pk": 342, "model": "issues.issuestatus", "fields": {"status": 1, "last_modified": "2012-12-27T19:18:35Z", "issue": 4, "created": "2012-12-27T19:18:35Z"}}, {"pk": 343, "model": "issues.issuestatus", "fields": {"status": 2, "last_modified": "2012-12-27T19:18:38Z", "issue": 4, "created": "2012-12-27T19:18:38Z"}}, {"pk": 344, "model": "issues.issuestatus", "fields": {"status": 1, "last_modified": "2012-12-27T19:18:39Z", "issue": 4, "created": "2012-12-27T19:18:39Z"}}, {"pk": 345, "model": "issues.issuestatus", "fields": {"status": 3, "last_modified": "2012-12-27T19:18:40Z", "issue": 4, "created": "2012-12-27T19:18:40Z"}}, {"pk": 346, "model": "issues.issuestatus", "fields": {"status": 1, "last_modified": "2012-12-27T19:18:41Z", "issue": 4, "created": "2012-12-27T19:18:41Z"}}, {"pk": 347, "model": "issues.issuestatus", "fields": {"status": 1, "last_modified": "2012-12-27T19:20:11Z", "issue": 3, "created": "2012-12-27T19:20:11Z"}}, {"pk": 348, "model": "issues.issuestatus", "fields": {"status": 2, "last_modified": "2012-12-27T19:20:13Z", "issue": 3, "created": "2012-12-27T19:20:13Z"}}, {"pk": 349, "model": "issues.issuestatus", "fields": {"status": 2, "last_modified": "2012-12-27T19:20:16Z", "issue": 4, "created": "2012-12-27T19:20:16Z"}}, {"pk": 350, "model": "issues.issuestatus", "fields": {"status": 3, "last_modified": "2012-12-27T19:20:21Z", "issue": 11, "created": "2012-12-27T19:20:21Z"}}, {"pk": 351, "model": "issues.issuestatus", "fields": {"status": 1, "last_modified": "2012-12-27T19:20:49Z", "issue": 6, "created": "2012-12-27T19:20:49Z"}}, {"pk": 352, "model": "issues.issuestatus", "fields": {"status": 3, "last_modified": "2012-12-27T19:21:02Z", "issue": 10, "created": "2012-12-27T19:21:02Z"}}, {"pk": 353, "model": "issues.issuestatus", "fields": {"status": 1, "last_modified": "2012-12-27T19:23:22Z", "issue": 10, "created": "2012-12-27T19:23:22Z"}}, {"pk": 354, "model": "issues.issuestatus", "fields": {"status": 2, "last_modified": "2012-12-27T19:23:42Z", "issue": 8, "created": "2012-12-27T19:23:42Z"}}, {"pk": 355, "model": "issues.issuestatus", "fields": {"status": 1, "last_modified": "2012-12-27T19:23:47Z", "issue": 8, "created": "2012-12-27T19:23:47Z"}}, {"pk": 356, "model": "issues.issuestatus", "fields": {"status": 2, "last_modified": "2012-12-27T19:37:15Z", "issue": 6, "created": "2012-12-27T19:37:15Z"}}, {"pk": 357, "model": "issues.issuestatus", "fields": {"status": 1, "last_modified": "2012-12-27T19:37:16Z", "issue": 6, "created": "2012-12-27T19:37:16Z"}}, {"pk": 358, "model": "issues.issuestatus", "fields": {"status": 2, "last_modified": "2012-12-27T19:37:17Z", "issue": 6, "created": "2012-12-27T19:37:17Z"}}, {"pk": 359, "model": "issues.issuestatus", "fields": {"status": 1, "last_modified": "2012-12-27T19:37:18Z", "issue": 6, "created": "2012-12-27T19:37:18Z"}}, {"pk": 360, "model": "issues.issuestatus", "fields": {"status": 2, "last_modified": "2012-12-27T19:37:19Z", "issue": 6, "created": "2012-12-27T19:37:19Z"}}, {"pk": 361, "model": "issues.issuestatus", "fields": {"status": 1, "last_modified": "2012-12-27T19:37:19Z", "issue": 6, "created": "2012-12-27T19:37:19Z"}}, {"pk": 362, "model": "issues.issuestatus", "fields": {"status": 2, "last_modified": "2012-12-27T19:37:20Z", "issue": 6, "created": "2012-12-27T19:37:20Z"}}, {"pk": 363, "model": "issues.issuestatus", "fields": {"status": 1, "last_modified": "2012-12-27T19:37:20Z", "issue": 6, "created": "2012-12-27T19:37:20Z"}}, {"pk": 364, "model": "issues.issuestatus", "fields": {"status": 3, "last_modified": "2012-12-27T22:01:41Z", "issue": 6, "created": "2012-12-27T22:01:41Z"}}, {"pk": 365, "model": "issues.issuestatus", "fields": {"status": 3, "last_modified": "2012-12-27T22:01:41Z", "issue": 6, "created": "2012-12-27T22:01:41Z"}}, {"pk": 366, "model": "issues.issuestatus", "fields": {"status": 1, "last_modified": "2012-12-27T22:01:42Z", "issue": 6, "created": "2012-12-27T22:01:42Z"}}, {"pk": 367, "model": "issues.issuestatus", "fields": {"status": 3, "last_modified": "2013-01-07T16:45:35Z", "issue": 6, "created": "2013-01-07T16:45:35Z"}}, {"pk": 368, "model": "issues.issuestatus", "fields": {"status": 1, "last_modified": "2013-01-07T16:45:37Z", "issue": 6, "created": "2013-01-07T16:45:37Z"}}, {"pk": 1, "model": "issues.category", "fields": {"last_modified": "2012-11-20T23:19:18Z", "name": "XML", "created": "2012-11-20T23:19:18Z"}}, {"pk": 1, "model": "errors.error", "fields": {"old_error": null, "created": "2012-12-13T22:57:52Z", "error_set": 1, "level": 1, "current_status": 73, "last_modified": "2012-12-18T23:46:25Z", "message": "Invalid external link href"}}, {"pk": 2, "model": "errors.error", "fields": {"old_error": null, "created": "2012-12-13T23:01:02Z", "error_set": 2, "level": 2, "current_status": 91, "last_modified": "2013-01-02T19:32:49Z", "message": "Something's broken"}}, {"pk": 1, "model": "errors.errorstatus", "fields": {"state": 1, "created": "2012-12-13T22:57:52Z", "last_modified": "2012-12-13T22:57:52Z", "error": 1}}, {"pk": 2, "model": "errors.errorstatus", "fields": {"state": 1, "created": "2012-12-13T23:01:02Z", "last_modified": "2012-12-13T23:01:02Z", "error": 2}}, {"pk": 3, "model": "errors.errorstatus", "fields": {"state": 3, "created": "2012-12-18T00:45:01Z", "last_modified": "2012-12-18T00:45:01Z", "error": 1}}, {"pk": 4, "model": "errors.errorstatus", "fields": {"state": 3, "created": "2012-12-18T00:52:31Z", "last_modified": "2012-12-18T00:52:31Z", "error": 1}}, {"pk": 5, "model": "errors.errorstatus", "fields": {"state": 3, "created": "2012-12-18T00:58:51Z", "last_modified": "2012-12-18T00:58:51Z", "error": 1}}, {"pk": 6, "model": "errors.errorstatus", "fields": {"state": 3, "created": "2012-12-18T00:59:13Z", "last_modified": "2012-12-18T00:59:13Z", "error": 1}}, {"pk": 7, "model": "errors.errorstatus", "fields": {"state": 1, "created": "2012-12-18T00:59:15Z", "last_modified": "2012-12-18T00:59:15Z", "error": 1}}, {"pk": 8, "model": "errors.errorstatus", "fields": {"state": 2, "created": "2012-12-18T00:59:17Z", "last_modified": "2012-12-18T00:59:17Z", "error": 1}}, {"pk": 9, "model": "errors.errorstatus", "fields": {"state": 3, "created": "2012-12-18T00:59:19Z", "last_modified": "2012-12-18T00:59:19Z", "error": 2}}, {"pk": 10, "model": "errors.errorstatus", "fields": {"state": 1, "created": "2012-12-18T00:59:20Z", "last_modified": "2012-12-18T00:59:20Z", "error": 2}}, {"pk": 11, "model": "errors.errorstatus", "fields": {"state": 2, "created": "2012-12-18T00:59:23Z", "last_modified": "2012-12-18T00:59:23Z", "error": 2}}, {"pk": 12, "model": "errors.errorstatus", "fields": {"state": 3, "created": "2012-12-18T01:11:27Z", "last_modified": "2012-12-18T01:11:27Z", "error": 1}}, {"pk": 13, "model": "errors.errorstatus", "fields": {"state": 3, "created": "2012-12-18T01:11:30Z", "last_modified": "2012-12-18T01:11:30Z", "error": 2}}, {"pk": 14, "model": "errors.errorstatus", "fields": {"state": 1, "created": "2012-12-18T01:11:33Z", "last_modified": "2012-12-18T01:11:33Z", "error": 2}}, {"pk": 15, "model": "errors.errorstatus", "fields": {"state": 1, "created": "2012-12-18T01:11:33Z", "last_modified": "2012-12-18T01:11:33Z", "error": 1}}, {"pk": 16, "model": "errors.errorstatus", "fields": {"state": 3, "created": "2012-12-18T01:11:35Z", "last_modified": "2012-12-18T01:11:35Z", "error": 1}}, {"pk": 17, "model": "errors.errorstatus", "fields": {"state": 3, "created": "2012-12-18T01:11:36Z", "last_modified": "2012-12-18T01:11:36Z", "error": 2}}, {"pk": 18, "model": "errors.errorstatus", "fields": {"state": 1, "created": "2012-12-18T01:11:38Z", "last_modified": "2012-12-18T01:11:38Z", "error": 2}}, {"pk": 19, "model": "errors.errorstatus", "fields": {"state": 3, "created": "2012-12-18T01:19:52Z", "last_modified": "2012-12-18T01:19:52Z", "error": 1}}, {"pk": 20, "model": "errors.errorstatus", "fields": {"state": 3, "created": "2012-12-18T01:19:55Z", "last_modified": "2012-12-18T01:19:55Z", "error": 2}}, {"pk": 21, "model": "errors.errorstatus", "fields": {"state": 1, "created": "2012-12-18T17:04:41Z", "last_modified": "2012-12-18T17:04:41Z", "error": 1}}, {"pk": 22, "model": "errors.errorstatus", "fields": {"state": 1, "created": "2012-12-18T17:04:43Z", "last_modified": "2012-12-18T17:04:43Z", "error": 2}}, {"pk": 23, "model": "errors.errorstatus", "fields": {"state": 3, "created": "2012-12-18T17:04:44Z", "last_modified": "2012-12-18T17:04:44Z", "error": 1}}, {"pk": 24, "model": "errors.errorstatus", "fields": {"state": 1, "created": "2012-12-18T17:04:45Z", "last_modified": "2012-12-18T17:04:45Z", "error": 1}}, {"pk": 25, "model": "errors.errorstatus", "fields": {"state": 2, "created": "2012-12-18T17:05:23Z", "last_modified": "2012-12-18T17:05:23Z", "error": 1}}, {"pk": 26, "model": "errors.errorstatus", "fields": {"state": 1, "created": "2012-12-18T17:05:25Z", "last_modified": "2012-12-18T17:05:25Z", "error": 1}}, {"pk": 27, "model": "errors.errorstatus", "fields": {"state": 2, "created": "2012-12-18T17:05:25Z", "last_modified": "2012-12-18T17:05:25Z", "error": 1}}, {"pk": 28, "model": "errors.errorstatus", "fields": {"state": 1, "created": "2012-12-18T17:09:44Z", "last_modified": "2012-12-18T17:09:44Z", "error": 1}}, {"pk": 29, "model": "errors.errorstatus", "fields": {"state": 2, "created": "2012-12-18T17:09:45Z", "last_modified": "2012-12-18T17:09:45Z", "error": 1}}, {"pk": 30, "model": "errors.errorstatus", "fields": {"state": 1, "created": "2012-12-18T17:09:46Z", "last_modified": "2012-12-18T17:09:46Z", "error": 1}}, {"pk": 31, "model": "errors.errorstatus", "fields": {"state": 3, "created": "2012-12-18T17:09:47Z", "last_modified": "2012-12-18T17:09:47Z", "error": 1}}, {"pk": 32, "model": "errors.errorstatus", "fields": {"state": 3, "created": "2012-12-18T17:10:40Z", "last_modified": "2012-12-18T17:10:40Z", "error": 1}}, {"pk": 33, "model": "errors.errorstatus", "fields": {"state": 3, "created": "2012-12-18T17:10:41Z", "last_modified": "2012-12-18T17:10:41Z", "error": 1}}, {"pk": 34, "model": "errors.errorstatus", "fields": {"state": 3, "created": "2012-12-18T17:10:43Z", "last_modified": "2012-12-18T17:10:43Z", "error": 2}}, {"pk": 35, "model": "errors.errorstatus", "fields": {"state": 2, "created": "2012-12-18T17:10:46Z", "last_modified": "2012-12-18T17:10:46Z", "error": 2}}, {"pk": 36, "model": "errors.errorstatus", "fields": {"state": 1, "created": "2012-12-18T17:10:47Z", "last_modified": "2012-12-18T17:10:47Z", "error": 2}}, {"pk": 37, "model": "errors.errorstatus", "fields": {"state": 2, "created": "2012-12-18T17:10:48Z", "last_modified": "2012-12-18T17:10:48Z", "error": 2}}, {"pk": 38, "model": "errors.errorstatus", "fields": {"state": 1, "created": "2012-12-18T17:10:48Z", "last_modified": "2012-12-18T17:10:48Z", "error": 2}}, {"pk": 39, "model": "errors.errorstatus", "fields": {"state": 2, "created": "2012-12-18T17:10:49Z", "last_modified": "2012-12-18T17:10:49Z", "error": 2}}, {"pk": 40, "model": "errors.errorstatus", "fields": {"state": 1, "created": "2012-12-18T17:10:50Z", "last_modified": "2012-12-18T17:10:50Z", "error": 2}}, {"pk": 41, "model": "errors.errorstatus", "fields": {"state": 2, "created": "2012-12-18T17:10:52Z", "last_modified": "2012-12-18T17:10:52Z", "error": 1}}, {"pk": 42, "model": "errors.errorstatus", "fields": {"state": 1, "created": "2012-12-18T17:10:53Z", "last_modified": "2012-12-18T17:10:53Z", "error": 1}}, {"pk": 43, "model": "errors.errorstatus", "fields": {"state": 3, "created": "2012-12-18T17:12:52Z", "last_modified": "2012-12-18T17:12:52Z", "error": 1}}, {"pk": 44, "model": "errors.errorstatus", "fields": {"state": 1, "created": "2012-12-18T17:12:54Z", "last_modified": "2012-12-18T17:12:54Z", "error": 1}}, {"pk": 45, "model": "errors.errorstatus", "fields": {"state": 2, "created": "2012-12-18T17:12:55Z", "last_modified": "2012-12-18T17:12:55Z", "error": 1}}, {"pk": 46, "model": "errors.errorstatus", "fields": {"state": 1, "created": "2012-12-18T17:12:56Z", "last_modified": "2012-12-18T17:12:56Z", "error": 1}}, {"pk": 47, "model": "errors.errorstatus", "fields": {"state": 3, "created": "2012-12-18T17:12:57Z", "last_modified": "2012-12-18T17:12:57Z", "error": 1}}, {"pk": 48, "model": "errors.errorstatus", "fields": {"state": 1, "created": "2012-12-18T17:12:58Z", "last_modified": "2012-12-18T17:12:58Z", "error": 1}}, {"pk": 49, "model": "errors.errorstatus", "fields": {"state": 2, "created": "2012-12-18T17:13:03Z", "last_modified": "2012-12-18T17:13:03Z", "error": 1}}, {"pk": 50, "model": "errors.errorstatus", "fields": {"state": 1, "created": "2012-12-18T17:13:04Z", "last_modified": "2012-12-18T17:13:04Z", "error": 1}}, {"pk": 51, "model": "errors.errorstatus", "fields": {"state": 2, "created": "2012-12-18T17:13:04Z", "last_modified": "2012-12-18T17:13:04Z", "error": 1}}, {"pk": 52, "model": "errors.errorstatus", "fields": {"state": 1, "created": "2012-12-18T17:13:05Z", "last_modified": "2012-12-18T17:13:05Z", "error": 1}}, {"pk": 53, "model": "errors.errorstatus", "fields": {"state": 2, "created": "2012-12-18T17:13:06Z", "last_modified": "2012-12-18T17:13:06Z", "error": 1}}, {"pk": 54, "model": "errors.errorstatus", "fields": {"state": 1, "created": "2012-12-18T17:13:06Z", "last_modified": "2012-12-18T17:13:06Z", "error": 1}}, {"pk": 55, "model": "errors.errorstatus", "fields": {"state": 2, "created": "2012-12-18T17:13:07Z", "last_modified": "2012-12-18T17:13:07Z", "error": 1}}, {"pk": 56, "model": "errors.errorstatus", "fields": {"state": 1, "created": "2012-12-18T17:13:07Z", "last_modified": "2012-12-18T17:13:07Z", "error": 1}}, {"pk": 57, "model": "errors.errorstatus", "fields": {"state": 2, "created": "2012-12-18T17:13:08Z", "last_modified": "2012-12-18T17:13:08Z", "error": 1}}, {"pk": 58, "model": "errors.errorstatus", "fields": {"state": 1, "created": "2012-12-18T17:13:08Z", "last_modified": "2012-12-18T17:13:08Z", "error": 1}}, {"pk": 59, "model": "errors.errorstatus", "fields": {"state": 2, "created": "2012-12-18T17:13:27Z", "last_modified": "2012-12-18T17:13:27Z", "error": 1}}, {"pk": 60, "model": "errors.errorstatus", "fields": {"state": 3, "created": "2012-12-18T17:19:09Z", "last_modified": "2012-12-18T17:19:09Z", "error": 2}}, {"pk": 61, "model": "errors.errorstatus", "fields": {"state": 1, "created": "2012-12-18T17:20:32Z", "last_modified": "2012-12-18T17:20:32Z", "error": 2}}, {"pk": 62, "model": "errors.errorstatus", "fields": {"state": 3, "created": "2012-12-18T17:21:44Z", "last_modified": "2012-12-18T17:21:44Z", "error": 2}}, {"pk": 63, "model": "errors.errorstatus", "fields": {"state": 1, "created": "2012-12-18T17:21:46Z", "last_modified": "2012-12-18T17:21:46Z", "error": 2}}, {"pk": 64, "model": "errors.errorstatus", "fields": {"state": 3, "created": "2012-12-18T17:21:47Z", "last_modified": "2012-12-18T17:21:47Z", "error": 2}}, {"pk": 65, "model": "errors.errorstatus", "fields": {"state": 1, "created": "2012-12-18T17:21:58Z", "last_modified": "2012-12-18T17:21:58Z", "error": 2}}, {"pk": 66, "model": "errors.errorstatus", "fields": {"state": 3, "created": "2012-12-18T17:22:00Z", "last_modified": "2012-12-18T17:22:00Z", "error": 2}}, {"pk": 67, "model": "errors.errorstatus", "fields": {"state": 1, "created": "2012-12-18T17:22:01Z", "last_modified": "2012-12-18T17:22:01Z", "error": 2}}, {"pk": 68, "model": "errors.errorstatus", "fields": {"state": 3, "created": "2012-12-18T17:22:04Z", "last_modified": "2012-12-18T17:22:04Z", "error": 2}}, {"pk": 69, "model": "errors.errorstatus", "fields": {"state": 1, "created": "2012-12-18T17:22:05Z", "last_modified": "2012-12-18T17:22:05Z", "error": 2}}, {"pk": 70, "model": "errors.errorstatus", "fields": {"state": 3, "created": "2012-12-18T17:28:59Z", "last_modified": "2012-12-18T17:28:59Z", "error": 2}}, {"pk": 71, "model": "errors.errorstatus", "fields": {"state": 1, "created": "2012-12-18T17:29:00Z", "last_modified": "2012-12-18T17:29:00Z", "error": 2}}, {"pk": 72, "model": "errors.errorstatus", "fields": {"state": 3, "created": "2012-12-18T23:46:24Z", "last_modified": "2012-12-18T23:46:24Z", "error": 1}}, {"pk": 73, "model": "errors.errorstatus", "fields": {"state": 1, "created": "2012-12-18T23:46:25Z", "last_modified": "2012-12-18T23:46:25Z", "error": 1}}, {"pk": 74, "model": "errors.errorstatus", "fields": {"state": 3, "created": "2012-12-31T21:42:28Z", "last_modified": "2012-12-31T21:42:28Z", "error": 2}}, {"pk": 75, "model": "errors.errorstatus", "fields": {"state": 1, "created": "2012-12-31T21:48:10Z", "last_modified": "2012-12-31T21:48:10Z", "error": 2}}, {"pk": 76, "model": "errors.errorstatus", "fields": {"state": 3, "created": "2012-12-31T21:52:06Z", "last_modified": "2012-12-31T21:52:06Z", "error": 2}}, {"pk": 77, "model": "errors.errorstatus", "fields": {"state": 3, "created": "2012-12-31T21:52:09Z", "last_modified": "2012-12-31T21:52:09Z", "error": 2}}, {"pk": 78, "model": "errors.errorstatus", "fields": {"state": 3, "created": "2012-12-31T21:54:28Z", "last_modified": "2012-12-31T21:54:28Z", "error": 2}}, {"pk": 79, "model": "errors.errorstatus", "fields": {"state": 3, "created": "2012-12-31T22:06:59Z", "last_modified": "2012-12-31T22:06:59Z", "error": 2}}, {"pk": 80, "model": "errors.errorstatus", "fields": {"state": 3, "created": "2012-12-31T22:25:58Z", "last_modified": "2012-12-31T22:25:58Z", "error": 2}}, {"pk": 81, "model": "errors.errorstatus", "fields": {"state": 1, "created": "2012-12-31T22:26:02Z", "last_modified": "2012-12-31T22:26:02Z", "error": 2}}, {"pk": 82, "model": "errors.errorstatus", "fields": {"state": 3, "created": "2012-12-31T22:50:54Z", "last_modified": "2012-12-31T22:50:54Z", "error": 2}}, {"pk": 83, "model": "errors.errorstatus", "fields": {"state": 1, "created": "2012-12-31T22:50:55Z", "last_modified": "2012-12-31T22:50:55Z", "error": 2}}, {"pk": 84, "model": "errors.errorstatus", "fields": {"state": 3, "created": "2012-12-31T22:50:55Z", "last_modified": "2012-12-31T22:50:55Z", "error": 2}}, {"pk": 85, "model": "errors.errorstatus", "fields": {"state": 1, "created": "2012-12-31T22:50:56Z", "last_modified": "2012-12-31T22:50:56Z", "error": 2}}, {"pk": 86, "model": "errors.errorstatus", "fields": {"state": 3, "created": "2013-01-02T19:32:45Z", "last_modified": "2013-01-02T19:32:45Z", "error": 2}}, {"pk": 87, "model": "errors.errorstatus", "fields": {"state": 1, "created": "2013-01-02T19:32:46Z", "last_modified": "2013-01-02T19:32:46Z", "error": 2}}, {"pk": 88, "model": "errors.errorstatus", "fields": {"state": 3, "created": "2013-01-02T19:32:47Z", "last_modified": "2013-01-02T19:32:47Z", "error": 2}}, {"pk": 89, "model": "errors.errorstatus", "fields": {"state": 1, "created": "2013-01-02T19:32:48Z", "last_modified": "2013-01-02T19:32:48Z", "error": 2}}, {"pk": 90, "model": "errors.errorstatus", "fields": {"state": 3, "created": "2013-01-02T19:32:48Z", "last_modified": "2013-01-02T19:32:48Z", "error": 2}}, {"pk": 91, "model": "errors.errorstatus", "fields": {"state": 1, "created": "2013-01-02T19:32:49Z", "last_modified": "2013-01-02T19:32:49Z", "error": 2}}, {"pk": 1, "model": "errors.errorset", "fields": {"source": 1, "created": "2012-12-13T22:57:08Z", "last_modified": "2012-12-13T22:57:08Z", "article": 1}}, {"pk": 2, "model": "errors.errorset", "fields": {"source": 2, "created": "2012-12-13T23:00:40Z", "last_modified": "2012-12-13T23:00:40Z", "article": 1}}, {"pk": 26, "model": "auth.permission", "fields": {"codename": "add_logentry", "name": "Can add log entry", "content_type": 9}}, {"pk": 27, "model": "auth.permission", "fields": {"codename": "change_logentry", "name": "Can change log entry", "content_type": 9}}, {"pk": 28, "model": "auth.permission", "fields": {"codename": "delete_logentry", "name": "Can delete log entry", "content_type": 9}}, {"pk": 38, "model": "auth.permission", "fields": {"codename": "add_article", "name": "Can add article", "content_type": 13}}, {"pk": 39, "model": "auth.permission", "fields": {"codename": "change_article", "name": "Can change article", "content_type": 13}}, {"pk": 40, "model": "auth.permission", "fields": {"codename": "delete_article", "name": "Can delete article", "content_type": 13}}, {"pk": 32, "model": "auth.permission", "fields": {"codename": "add_articlestate", "name": "Can add article state", "content_type": 11}}, {"pk": 33, "model": "auth.permission", "fields": {"codename": "change_articlestate", "name": "Can change article state", "content_type": 11}}, {"pk": 34, "model": "auth.permission", "fields": {"codename": "delete_articlestate", "name": "Can delete article state", "content_type": 11}}, {"pk": 35, "model": "auth.permission", "fields": {"codename": "add_journal", "name": "Can add journal", "content_type": 12}}, {"pk": 36, "model": "auth.permission", "fields": {"codename": "change_journal", "name": "Can change journal", "content_type": 12}}, {"pk": 37, "model": "auth.permission", "fields": {"codename": "delete_journal", "name": "Can delete journal", "content_type": 12}}, {"pk": 29, "model": "auth.permission", "fields": {"codename": "add_state", "name": "Can add state", "content_type": 10}}, {"pk": 30, "model": "auth.permission", "fields": {"codename": "change_state", "name": "Can change state", "content_type": 10}}, {"pk": 31, "model": "auth.permission", "fields": {"codename": "delete_state", "name": "Can delete state", "content_type": 10}}, {"pk": 41, "model": "auth.permission", "fields": {"codename": "add_transition", "name": "Can add transition", "content_type": 14}}, {"pk": 42, "model": "auth.permission", "fields": {"codename": "change_transition", "name": "Can change transition", "content_type": 14}}, {"pk": 43, "model": "auth.permission", "fields": {"codename": "delete_transition", "name": "Can delete transition", "content_type": 14}}, {"pk": 4, "model": "auth.permission", "fields": {"codename": "add_group", "name": "Can add group", "content_type": 2}}, {"pk": 5, "model": "auth.permission", "fields": {"codename": "change_group", "name": "Can change group", "content_type": 2}}, {"pk": 6, "model": "auth.permission", "fields": {"codename": "delete_group", "name": "Can delete group", "content_type": 2}}, {"pk": 1, "model": "auth.permission", "fields": {"codename": "add_permission", "name": "Can add permission", "content_type": 1}}, {"pk": 2, "model": "auth.permission", "fields": {"codename": "change_permission", "name": "Can change permission", "content_type": 1}}, {"pk": 3, "model": "auth.permission", "fields": {"codename": "delete_permission", "name": "Can delete permission", "content_type": 1}}, {"pk": 7, "model": "auth.permission", "fields": {"codename": "add_user", "name": "Can add user", "content_type": 3}}, {"pk": 8, "model": "auth.permission", "fields": {"codename": "change_user", "name": "Can change user", "content_type": 3}}, {"pk": 9, "model": "auth.permission", "fields": {"codename": "delete_user", "name": "Can delete user", "content_type": 3}}, {"pk": 19, "model": "auth.permission", "fields": {"codename": "add_comment", "name": "Can add comment", "content_type": 7}}, {"pk": 22, "model": "auth.permission", "fields": {"codename": "can_moderate", "name": "Can moderate comments", "content_type": 7}}, {"pk": 20, "model": "auth.permission", "fields": {"codename": "change_comment", "name": "Can change comment", "content_type": 7}}, {"pk": 21, "model": "auth.permission", "fields": {"codename": "delete_comment", "name": "Can delete comment", "content_type": 7}}, {"pk": 23, "model": "auth.permission", "fields": {"codename": "add_commentflag", "name": "Can add comment flag", "content_type": 8}}, {"pk": 24, "model": "auth.permission", "fields": {"codename": "change_commentflag", "name": "Can change comment flag", "content_type": 8}}, {"pk": 25, "model": "auth.permission", "fields": {"codename": "delete_commentflag", "name": "Can delete comment flag", "content_type": 8}}, {"pk": 10, "model": "auth.permission", "fields": {"codename": "add_contenttype", "name": "Can add content type", "content_type": 4}}, {"pk": 11, "model": "auth.permission", "fields": {"codename": "change_contenttype", "name": "Can change content type", "content_type": 4}}, {"pk": 12, "model": "auth.permission", "fields": {"codename": "delete_contenttype", "name": "Can delete content type", "content_type": 4}}, {"pk": 53, "model": "auth.permission", "fields": {"codename": "add_error", "name": "Can add error", "content_type": 18}}, {"pk": 54, "model": "auth.permission", "fields": {"codename": "change_error", "name": "Can change error", "content_type": 18}}, {"pk": 55, "model": "auth.permission", "fields": {"codename": "delete_error", "name": "Can delete error", "content_type": 18}}, {"pk": 59, "model": "auth.permission", "fields": {"codename": "add_errorset", "name": "Can add error set", "content_type": 20}}, {"pk": 60, "model": "auth.permission", "fields": {"codename": "change_errorset", "name": "Can change error set", "content_type": 20}}, {"pk": 61, "model": "auth.permission", "fields": {"codename": "delete_errorset", "name": "Can delete error set", "content_type": 20}}, {"pk": 56, "model": "auth.permission", "fields": {"codename": "add_errorstatus", "name": "Can add error status", "content_type": 19}}, {"pk": 57, "model": "auth.permission", "fields": {"codename": "change_errorstatus", "name": "Can change error status", "content_type": 19}}, {"pk": 58, "model": "auth.permission", "fields": {"codename": "delete_errorstatus", "name": "Can delete error status", "content_type": 19}}, {"pk": 50, "model": "auth.permission", "fields": {"codename": "add_category", "name": "Can add category", "content_type": 17}}, {"pk": 51, "model": "auth.permission", "fields": {"codename": "change_category", "name": "Can change category", "content_type": 17}}, {"pk": 52, "model": "auth.permission", "fields": {"codename": "delete_category", "name": "Can delete category", "content_type": 17}}, {"pk": 44, "model": "auth.permission", "fields": {"codename": "add_issue", "name": "Can add issue", "content_type": 15}}, {"pk": 45, "model": "auth.permission", "fields": {"codename": "change_issue", "name": "Can change issue", "content_type": 15}}, {"pk": 46, "model": "auth.permission", "fields": {"codename": "delete_issue", "name": "Can delete issue", "content_type": 15}}, {"pk": 47, "model": "auth.permission", "fields": {"codename": "add_issuestatus", "name": "Can add issue status", "content_type": 16}}, {"pk": 48, "model": "auth.permission", "fields": {"codename": "change_issuestatus", "name": "Can change issue status", "content_type": 16}}, {"pk": 49, "model": "auth.permission", "fields": {"codename": "delete_issuestatus", "name": "Can delete issue status", "content_type": 16}}, {"pk": 13, "model": "auth.permission", "fields": {"codename": "add_session", "name": "Can add session", "content_type": 5}}, {"pk": 14, "model": "auth.permission", "fields": {"codename": "change_session", "name": "Can change session", "content_type": 5}}, {"pk": 15, "model": "auth.permission", "fields": {"codename": "delete_session", "name": "Can delete session", "content_type": 5}}, {"pk": 16, "model": "auth.permission", "fields": {"codename": "add_site", "name": "Can add site", "content_type": 6}}, {"pk": 17, "model": "auth.permission", "fields": {"codename": "change_site", "name": "Can change site", "content_type": 6}}, {"pk": 18, "model": "auth.permission", "fields": {"codename": "delete_site", "name": "Can delete site", "content_type": 6}}, {"pk": 1, "model": "auth.user", "fields": {"username": "admin", "first_name": "", "last_name": "", "is_active": true, "is_superuser": true, "is_staff": true, "last_login": "2013-01-07T02:02:37Z", "groups": [], "user_permissions": [], "password": "pbkdf2_sha256$10000$AIlvlnf52k6T$/uRWeBHEWH5Qn88VcDiGmHpvll3+0iP9/uGFoZyjhGI=", "email": "admin@admin.com", "date_joined": "2012-11-20T23:02:26Z"}}, {"pk": 1, "model": "comments.comment", "fields": {"comment": "lalala", "user_url": "", "submit_date": "2012-11-27T00:44:15Z", "ip_address": "10.135.2.181", "object_pk": "1", "site": 1, "is_removed": false, "user": 1, "content_type": 15, "is_public": true, "user_name": "admin", "user_email": "admin@admin.com"}}, {"pk": 2, "model": "comments.comment", "fields": {"comment": "lalala", "user_url": "", "submit_date": "2012-11-28T22:10:32Z", "ip_address": "10.135.2.181", "object_pk": "1", "site": 1, "is_removed": false, "user": 1, "content_type": 15, "is_public": true, "user_name": "admin", "user_email": "admin@admin.com"}}, {"pk": 3, "model": "comments.comment", "fields": {"comment": "nenene", "user_url": "", "submit_date": "2012-11-28T22:11:22Z", "ip_address": "10.135.2.181", "object_pk": "1", "site": 1, "is_removed": false, "user": 1, "content_type": 15, "is_public": true, "user_name": "admin", "user_email": "admin@admin.com"}}, {"pk": 4, "model": "comments.comment", "fields": {"comment": "aoeuaoeu", "user_url": "", "submit_date": "2012-11-28T22:13:28Z", "ip_address": "10.135.2.181", "object_pk": "1", "site": 1, "is_removed": false, "user": 1, "content_type": 15, "is_public": true, "user_name": "admin", "user_email": "admin@admin.com"}}, {"pk": 5, "model": "comments.comment", "fields": {"comment": "poopoo", "user_url": "", "submit_date": "2012-11-28T22:13:53Z", "ip_address": "10.135.2.181", "object_pk": "1", "site": 1, "is_removed": false, "user": 1, "content_type": 15, "is_public": true, "user_name": "admin", "user_email": "admin@admin.com"}}, {"pk": 6, "model": "comments.comment", "fields": {"comment": "neenee", "user_url": "", "submit_date": "2012-11-28T22:17:59Z", "ip_address": "10.135.2.181", "object_pk": "1", "site": 1, "is_removed": false, "user": 1, "content_type": 15, "is_public": true, "user_name": "admin", "user_email": "admin@admin.com"}}, {"pk": 7, "model": "comments.comment", "fields": {"comment": "neee neeeee", "user_url": "", "submit_date": "2012-11-28T22:18:28Z", "ip_address": "10.135.2.181", "object_pk": "1", "site": 1, "is_removed": false, "user": 1, "content_type": 15, "is_public": true, "user_name": "admin", "user_email": "admin@admin.com"}}, {"pk": 8, "model": "comments.comment", "fields": {"comment": "lalala", "user_url": "", "submit_date": "2012-11-28T22:34:00Z", "ip_address": "10.135.2.181", "object_pk": "3", "site": 1, "is_removed": false, "user": 1, "content_type": 15, "is_public": true, "user_name": "admin", "user_email": "admin@admin.com"}}, {"pk": 9, "model": "comments.comment", "fields": {"comment": "lalala", "user_url": "", "submit_date": "2012-11-29T18:22:33Z", "ip_address": "10.135.2.181", "object_pk": "2", "site": 1, "is_removed": false, "user": 1, "content_type": 15, "is_public": true, "user_name": "admin", "user_email": "admin@admin.com"}}, {"pk": 10, "model": "comments.comment", "fields": {"comment": "lalala", "user_url": "", "submit_date": "2012-11-29T19:02:12Z", "ip_address": "10.135.2.181", "object_pk": "1", "site": 1, "is_removed": false, "user": 1, "content_type": 15, "is_public": true, "user_name": "admin", "user_email": "admin@admin.com"}}, {"pk": 11, "model": "comments.comment", "fields": {"comment": "a test", "user_url": "", "submit_date": "2012-11-29T19:02:50Z", "ip_address": "10.135.2.181", "object_pk": "3", "site": 1, "is_removed": false, "user": 1, "content_type": 15, "is_public": true, "user_name": "admin", "user_email": "admin@admin.com"}}, {"pk": 12, "model": "comments.comment", "fields": {"comment": "lala", "user_url": "", "submit_date": "2012-11-29T19:03:12Z", "ip_address": "10.135.2.181", "object_pk": "3", "site": 1, "is_removed": false, "user": 1, "content_type": 15, "is_public": true, "user_name": "admin", "user_email": "admin@admin.com"}}, {"pk": 13, "model": "comments.comment", "fields": {"comment": "lalallalalalla", "user_url": "", "submit_date": "2012-11-29T19:04:30Z", "ip_address": "10.135.2.181", "object_pk": "2", "site": 1, "is_removed": false, "user": 1, "content_type": 15, "is_public": true, "user_name": "admin", "user_email": "admin@admin.com"}}, {"pk": 14, "model": "comments.comment", "fields": {"comment": "lalala", "user_url": "", "submit_date": "2012-11-29T19:05:26Z", "ip_address": "10.135.2.181", "object_pk": "3", "site": 1, "is_removed": false, "user": 1, "content_type": 15, "is_public": true, "user_name": "admin", "user_email": "admin@admin.com"}}, {"pk": 15, "model": "comments.comment", "fields": {"comment": "hehehehhe", "user_url": "", "submit_date": "2012-11-29T19:05:42Z", "ip_address": "10.135.2.181", "object_pk": "3", "site": 1, "is_removed": false, "user": 1, "content_type": 15, "is_public": true, "user_name": "admin", "user_email": "admin@admin.com"}}, {"pk": 16, "model": "comments.comment", "fields": {"comment": "tnsatohenshaonseu", "user_url": "", "submit_date": "2012-11-29T22:00:45Z", "ip_address": "10.135.2.181", "object_pk": "3", "site": 1, "is_removed": false, "user": 1, "content_type": 15, "is_public": true, "user_name": "admin", "user_email": "admin@admin.com"}}, {"pk": 17, "model": "comments.comment", "fields": {"comment": "oeauaoeuaou", "user_url": "", "submit_date": "2012-11-29T22:00:55Z", "ip_address": "10.135.2.181", "object_pk": "4", "site": 1, "is_removed": false, "user": 1, "content_type": 15, "is_public": true, "user_name": "admin", "user_email": "admin@admin.com"}}, {"pk": 18, "model": "comments.comment", "fields": {"comment": "hello, admin mcadmin here", "user_url": "", "submit_date": "2012-11-30T00:51:43Z", "ip_address": "10.135.2.103", "object_pk": "3", "site": 1, "is_removed": false, "user": 1, "content_type": 15, "is_public": true, "user_name": "admin", "user_email": "admin@admin.com"}}, {"pk": 19, "model": "comments.comment", "fields": {"comment": "aoeuaoeua", "user_url": "", "submit_date": "2012-12-12T20:31:03Z", "ip_address": "10.135.2.181", "object_pk": "1", "site": 1, "is_removed": false, "user": 1, "content_type": 13, "is_public": true, "user_name": "admin", "user_email": "admin@admin.com"}}, {"pk": 20, "model": "comments.comment", "fields": {"comment": "aoeuaoeu", "user_url": "", "submit_date": "2012-12-12T20:31:08Z", "ip_address": "10.135.2.181", "object_pk": "1", "site": 1, "is_removed": false, "user": 1, "content_type": 13, "is_public": true, "user_name": "admin", "user_email": "admin@admin.com"}}, {"pk": 21, "model": "comments.comment", "fields": {"comment": "lalalala", "user_url": "", "submit_date": "2012-12-18T22:32:34Z", "ip_address": "10.135.2.181", "object_pk": "3", "site": 1, "is_removed": false, "user": 1, "content_type": 15, "is_public": true, "user_name": "admin", "user_email": "admin@admin.com"}}, {"pk": 22, "model": "comments.comment", "fields": {"comment": "lalala", "user_url": "", "submit_date": "2012-12-18T22:35:19Z", "ip_address": "10.135.2.181", "object_pk": "1", "site": 1, "is_removed": false, "user": 1, "content_type": 18, "is_public": true, "user_name": "admin", "user_email": "admin@admin.com"}}, {"pk": 23, "model": "comments.comment", "fields": {"comment": "merge works?", "user_url": "", "submit_date": "2012-12-18T22:37:05Z", "ip_address": "10.135.2.181", "object_pk": "3", "site": 1, "is_removed": false, "user": 1, "content_type": 15, "is_public": true, "user_name": "admin", "user_email": "admin@admin.com"}}, {"pk": 24, "model": "comments.comment", "fields": {"comment": "works?", "user_url": "", "submit_date": "2012-12-18T22:37:45Z", "ip_address": "10.135.2.181", "object_pk": "1", "site": 1, "is_removed": false, "user": 1, "content_type": 18, "is_public": true, "user_name": "admin", "user_email": "admin@admin.com"}}, {"pk": 25, "model": "comments.comment", "fields": {"comment": "works?", "user_url": "", "submit_date": "2012-12-18T22:37:53Z", "ip_address": "10.135.2.181", "object_pk": "2", "site": 1, "is_removed": false, "user": 1, "content_type": 18, "is_public": true, "user_name": "admin", "user_email": "admin@admin.com"}}, {"pk": 26, "model": "comments.comment", "fields": {"comment": "oeuioeui", "user_url": "", "submit_date": "2012-12-18T22:46:21Z", "ip_address": "10.135.2.181", "object_pk": "1", "site": 1, "is_removed": false, "user": 1, "content_type": 18, "is_public": true, "user_name": "admin", "user_email": "admin@admin.com"}}, {"pk": 27, "model": "comments.comment", "fields": {"comment": "huhuhu", "user_url": "", "submit_date": "2012-12-18T22:51:25Z", "ip_address": "10.135.2.181", "object_pk": "1", "site": 1, "is_removed": false, "user": 1, "content_type": 18, "is_public": true, "user_name": "admin", "user_email": "admin@admin.com"}}, {"pk": 28, "model": "comments.comment", "fields": {"comment": "nooeoe", "user_url": "", "submit_date": "2012-12-18T23:45:52Z", "ip_address": "10.135.2.181", "object_pk": "1", "site": 1, "is_removed": false, "user": 1, "content_type": 18, "is_public": true, "user_name": "admin", "user_email": "admin@admin.com"}}, {"pk": 29, "model": "comments.comment", "fields": {"comment": "nooeoe", "user_url": "", "submit_date": "2012-12-19T00:17:03Z", "ip_address": "10.135.2.181", "object_pk": "1", "site": 1, "is_removed": false, "user": 1, "content_type": 18, "is_public": true, "user_name": "admin", "user_email": "admin@admin.com"}}, {"pk": 30, "model": "comments.comment", "fields": {"comment": "comment?", "user_url": "", "submit_date": "2012-12-31T19:31:38Z", "ip_address": "10.135.2.181", "object_pk": "2", "site": 1, "is_removed": false, "user": 1, "content_type": 18, "is_public": true, "user_name": "admin", "user_email": "admin@admin.com"}}, {"pk": 31, "model": "comments.comment", "fields": {"comment": "comment", "user_url": "", "submit_date": "2013-01-02T19:33:13Z", "ip_address": "10.135.2.181", "object_pk": "2", "site": 1, "is_removed": false, "user": 1, "content_type": 18, "is_public": true, "user_name": "admin", "user_email": "admin@admin.com"}}, {"pk": 32, "model": "comments.comment", "fields": {"comment": "lalala", "user_url": "", "submit_date": "2013-01-02T19:49:15Z", "ip_address": "10.135.2.181", "object_pk": "2", "site": 1, "is_removed": false, "user": 1, "content_type": 18, "is_public": true, "user_name": "admin", "user_email": "admin@admin.com"}}, {"pk": 33, "model": "comments.comment", "fields": {"comment": "rlalalal", "user_url": "", "submit_date": "2013-01-02T19:51:30Z", "ip_address": "10.135.2.181", "object_pk": "2", "site": 1, "is_removed": false, "user": 1, "content_type": 18, "is_public": true, "user_name": "admin", "user_email": "admin@admin.com"}}, {"pk": 34, "model": "comments.comment", "fields": {"comment": "lallalala", "user_url": "", "submit_date": "2013-01-02T20:00:03Z", "ip_address": "10.135.2.181", "object_pk": "2", "site": 1, "is_removed": false, "user": 1, "content_type": 18, "is_public": true, "user_name": "admin", "user_email": "admin@admin.com"}}, {"pk": 35, "model": "comments.comment", "fields": {"comment": "aoeuaoeu", "user_url": "", "submit_date": "2013-01-02T20:00:41Z", "ip_address": "10.135.2.181", "object_pk": "2", "site": 1, "is_removed": false, "user": 1, "content_type": 18, "is_public": true, "user_name": "admin", "user_email": "admin@admin.com"}}, {"pk": 36, "model": "comments.comment", "fields": {"comment": "uiuid", "user_url": "", "submit_date": "2013-01-02T20:11:19Z", "ip_address": "10.135.2.181", "object_pk": "2", "site": 1, "is_removed": false, "user": 1, "content_type": 18, "is_public": true, "user_name": "admin", "user_email": "admin@admin.com"}}, {"pk": 37, "model": "comments.comment", "fields": {"comment": "hehehhe", "user_url": "", "submit_date": "2013-01-02T21:42:21Z", "ip_address": "10.135.2.181", "object_pk": "2", "site": 1, "is_removed": false, "user": 1, "content_type": 18, "is_public": true, "user_name": "admin", "user_email": "admin@admin.com"}}, {"pk": 38, "model": "comments.comment", "fields": {"comment": "lalallaa", "user_url": "", "submit_date": "2013-01-02T22:47:17Z", "ip_address": "10.135.2.181", "object_pk": "1", "site": 1, "is_removed": false, "user": 1, "content_type": 13, "is_public": true, "user_name": "admin", "user_email": "admin@admin.com"}}, {"pk": 20, "model": "admin.logentry", "fields": {"action_flag": 1, "action_time": "2013-01-07T17:15:55Z", "object_repr": "Start Over: Published to Delivered from CW", "object_id": "5", "change_message": "", "user": 1, "content_type": 14}}, {"pk": 19, "model": "admin.logentry", "fields": {"action_flag": 1, "action_time": "2013-01-07T16:53:02Z", "object_repr": "Publish: Needs Web Corrections to Published", "object_id": "4", "change_message": "", "user": 1, "content_type": 14}}, {"pk": 18, "model": "admin.logentry", "fields": {"action_flag": 1, "action_time": "2013-01-07T16:51:44Z", "object_repr": "Publish: Ready for Production QC to Published", "object_id": "3", "change_message": "", "user": 1, "content_type": 14}}, {"pk": 17, "model": "admin.logentry", "fields": {"action_flag": 1, "action_time": "2013-01-07T16:51:29Z", "object_repr": "Ingest: Delivered from CW to Ready for Production QC", "object_id": "2", "change_message": "", "user": 1, "content_type": 14}}, {"pk": 16, "model": "admin.logentry", "fields": {"action_flag": 1, "action_time": "2013-01-07T16:50:25Z", "object_repr": "Published", "object_id": "4", "change_message": "", "user": 1, "content_type": 10}}, {"pk": 15, "model": "admin.logentry", "fields": {"action_flag": 1, "action_time": "2013-01-07T02:04:24Z", "object_repr": "Needs Web Corrections: Ready for Production QC to Needs Web Corrections", "object_id": "1", "change_message": "", "user": 1, "content_type": 14}}, {"pk": 14, "model": "admin.logentry", "fields": {"action_flag": 1, "action_time": "2013-01-07T02:03:32Z", "object_repr": "Needs Web Corrections", "object_id": "3", "change_message": "", "user": 1, "content_type": 10}}, {"pk": 13, "model": "admin.logentry", "fields": {"action_flag": 1, "action_time": "2013-01-07T02:03:07Z", "object_repr": "Ready for Production QC", "object_id": "2", "change_message": "", "user": 1, "content_type": 10}}, {"pk": 12, "model": "admin.logentry", "fields": {"action_flag": 2, "action_time": "2012-12-20T23:04:09Z", "object_repr": "Lorem ipsum dolor sit amet, consectetur adipiscing elit. Donec in sem at ante gravida porttitor at at nulla. Integer sed est lectus. Phasellus ut rhoncus neque. Vestibulum et ante et mauris congue vul", "object_id": "7", "change_message": "Changed description and submitter.", "user": 1, "content_type": 15}}, {"pk": 11, "model": "admin.logentry", "fields": {"action_flag": 1, "action_time": "2012-12-13T23:01:02Z", "object_repr": "Warning: Something's broken", "object_id": "2", "change_message": "", "user": 1, "content_type": 18}}, {"pk": 10, "model": "admin.logentry", "fields": {"action_flag": 1, "action_time": "2012-12-13T23:00:40Z", "object_repr": "ingestPrep, 2012-12-13 23:00:40.693123+00:00", "object_id": "2", "change_message": "", "user": 1, "content_type": 20}}, {"pk": 9, "model": "admin.logentry", "fields": {"action_flag": 1, "action_time": "2012-12-13T22:57:52Z", "object_repr": "Error: Invalid external link href", "object_id": "1", "change_message": "", "user": 1, "content_type": 18}}, {"pk": 8, "model": "admin.logentry", "fields": {"action_flag": 1, "action_time": "2012-12-13T22:57:08Z", "object_repr": "ariesPull, 2012-12-13 22:57:08.094870+00:00", "object_id": "1", "change_message": "", "user": 1, "content_type": 20}}, {"pk": 6, "model": "admin.logentry", "fields": {"action_flag": 3, "action_time": "2012-11-29T22:28:34Z", "object_repr": "lalalal", "object_id": "1", "change_message": "", "user": 1, "content_type": 15}}, {"pk": 7, "model": "admin.logentry", "fields": {"action_flag": 3, "action_time": "2012-11-29T22:28:34Z", "object_repr": "lalalal", "object_id": "2", "change_message": "", "user": 1, "content_type": 15}}, {"pk": 5, "model": "admin.logentry", "fields": {"action_flag": 1, "action_time": "2012-11-20T23:19:18Z", "object_repr": "XML", "object_id": "1", "change_message": "", "user": 1, "content_type": 17}}, {"pk": 4, "model": "admin.logentry", "fields": {"action_flag": 1, "action_time": "2012-11-20T23:16:18Z", "object_repr": "pone.0000001: Delivered from CW", "object_id": "1", "change_message": "", "user": 1, "content_type": 11}}, {"pk": 3, "model": "admin.logentry", "fields": {"action_flag": 1, "action_time": "2012-11-20T23:15:31Z", "object_repr": "Delivered from CW", "object_id": "1", "change_message": "", "user": 1, "content_type": 10}}, {"pk": 2, "model": "admin.logentry", "fields": {"action_flag": 1, "action_time": "2012-11-20T23:06:06Z", "object_repr": "pone.0000001", "object_id": "1", "change_message": "", "user": 1, "content_type": 13}}, {"pk": 1, "model": "admin.logentry", "fields": {"action_flag": 1, "action_time": "2012-11-20T23:05:59Z", "object_repr": "PLOS One", "object_id": "1", "change_message": "", "user": 1, "content_type": 12}}, {"pk": 1, "model": "articleflow.articlestate", "fields": {"from_transition_user": null, "from_transition": null, "created": "2012-11-20T23:16:18Z", "state": 1, "last_modified": "2012-11-20T23:16:18Z", "article": 1}}, {"pk": 2, "model": "articleflow.articlestate", "fields": {"from_transition_user": 1, "from_transition": 2, "created": "2013-01-07T16:53:51Z", "state": 2, "last_modified": "2013-01-07T16:53:51Z", "article": 1}}, {"pk": 3, "model": "articleflow.articlestate", "fields": {"from_transition_user": 1, "from_transition": 1, "created": "2013-01-07T17:15:30Z", "state": 3, "last_modified": "2013-01-07T17:15:30Z", "article": 1}}, {"pk": 4, "model": "articleflow.articlestate", "fields": {"from_transition_user": 1, "from_transition": 4, "created": "2013-01-07T17:15:36Z", "state": 4, "last_modified": "2013-01-07T17:15:36Z", "article": 1}}, {"pk": 5, "model": "articleflow.articlestate", "fields": {"from_transition_user": 1, "from_transition": 5, "created": "2013-01-07T17:16:02Z", "state": 1, "last_modified": "2013-01-07T17:16:02Z", "article": 1}}, {"pk": 3, "model": "issues.issue", "fields": {"category": 1, "description": "aoeuaoeu", "created": "2012-11-26T23:07:47Z", "current_status": 348, "last_modified": "2012-12-27T19:20:13Z", "error": null, "submitter": null, "article": 1}}, {"pk": 4, "model": "issues.issue", "fields": {"category": 1, "description": "aoeuaoeuaoeu", "created": "2012-11-29T22:00:50Z", "current_status": 349, "last_modified": "2012-12-27T19:20:16Z", "error": null, "submitter": null, "article": 1}}, {"pk": 5, "model": "issues.issue", "fields": {"category": 1, "description": "an issue", "created": "2012-11-29T22:29:01Z", "current_status": 317, "last_modified": "2012-12-27T18:27:18Z", "error": null, "submitter": null, "article": 1}}, {"pk": 6, "model": "issues.issue", "fields": {"category": 1, "description": "A wont fix issue.", "created": "2012-11-29T22:29:18Z", "current_status": 368, "last_modified": "2013-01-07T16:45:37Z", "error": null, "submitter": null, "article": 1}}, {"pk": 7, "model": "issues.issue", "fields": {"category": 1, "description": "Lorem ipsum dolor sit amet, consectetur adipiscing elit. Donec in sem at ante gravida porttitor at at nulla. Integer sed est lectus. Phasellus ut rhoncus neque. Vestibulum et ante et mauris congue vulputate. Mauris placerat est sagittis felis blandit fermentum. Praesent iaculis, lorem at pharetra mattis, mauris massa blandit nisl, in egestas metus purus at nibh. Ut sodales arcu id mi egestas bibendum vulputate augue venenatis. Vestibulum cursus quam vitae magna rutrum dapibus. Curabitur enim nisl, pulvinar vitae interdum sit amet, vehicula a enim. Vestibulum eget dictum ante.\r\n\r\nIn et lectus nec libero vulputate porttitor. Curabitur et neque et nibh auctor placerat. Sed est velit, tincidunt dapibus eleifend id, accumsan quis lacus. Nunc varius malesuada lectus sed aliquam. Pellentesque in urna nisi. Vivamus pellentesque tempus blandit. Pellentesque cursus malesuada ipsum in ullamcorper. Mauris tincidunt scelerisque dui, cursus ornare sapien pretium eget. Aliquam vitae odio orci, id tempus quam. Nulla neque massa, eleifend non molestie sit amet, imperdiet vitae erat. Curabitur bibendum posuere ipsum id placerat.", "created": "2012-11-30T00:23:54Z", "current_status": 321, "last_modified": "2012-12-27T18:56:22Z", "error": null, "submitter": 1, "article": 1}}, {"pk": 8, "model": "issues.issue", "fields": {"category": 1, "description": "lalala", "created": "2012-12-12T00:16:09Z", "current_status": 355, "last_modified": "2012-12-27T19:23:47Z", "error": null, "submitter": null, "article": 1}}, {"pk": 9, "model": "issues.issue", "fields": {"category": 1, "description": "aoeuaoeu", "created": "2012-12-12T00:19:40Z", "current_status": 250, "last_modified": "2012-12-12T20:27:37Z", "error": null, "submitter": null, "article": 1}}, {"pk": 10, "model": "issues.issue", "fields": {"category": 1, "description": "There is a problem", "created": "2012-12-12T20:28:01Z", "current_status": 353, "last_modified": "2012-12-27T19:23:22Z", "error": null, "submitter": null, "article": 1}}, {"pk": 11, "model": "issues.issue", "fields": {"category": 1, "description": "issue", "created": "2012-12-13T19:47:57Z", "current_status": 350, "last_modified": "2012-12-27T19:20:21Z", "error": null, "submitter": null, "article": 1}}]