[{"pk": 11, "model": "contenttypes.contenttype", "fields": {"model": "article", "name": "article", "app_label": "articleflow"}}, {"pk": 9, "model": "contenttypes.contenttype", "fields": {"model": "articlestate", "name": "article state", "app_label": "articleflow"}}, {"pk": 4, "model": "contenttypes.contenttype", "fields": {"model": "contenttype", "name": "content type", "app_label": "contenttypes"}}, {"pk": 2, "model": "contenttypes.contenttype", "fields": {"model": "group", "name": "group", "app_label": "auth"}}, {"pk": 10, "model": "contenttypes.contenttype", "fields": {"model": "journal", "name": "journal", "app_label": "articleflow"}}, {"pk": 7, "model": "contenttypes.contenttype", "fields": {"model": "logentry", "name": "log entry", "app_label": "admin"}}, {"pk": 1, "model": "contenttypes.contenttype", "fields": {"model": "permission", "name": "permission", "app_label": "auth"}}, {"pk": 5, "model": "contenttypes.contenttype", "fields": {"model": "session", "name": "session", "app_label": "sessions"}}, {"pk": 6, "model": "contenttypes.contenttype", "fields": {"model": "site", "name": "site", "app_label": "sites"}}, {"pk": 8, "model": "contenttypes.contenttype", "fields": {"model": "state", "name": "state", "app_label": "articleflow"}}, {"pk": 12, "model": "contenttypes.contenttype", "fields": {"model": "transition", "name": "transition", "app_label": "articleflow"}}, {"pk": 3, "model": "contenttypes.contenttype", "fields": {"model": "user", "name": "user", "app_label": "auth"}}, {"pk": "a2aa1f7e51162a24c753c900983f899d", "model": "sessions.session", "fields": {"expire_date": "2012-10-15T22:41:10Z", "session_data": "ZGU5NTgxNGNhNjI5OTNhYmZiNDE2Zjg0OWNhNjg3MDE3ZDg3ZmE3MjqAAn1xAShVEl9hdXRoX3Vz\nZXJfYmFja2VuZHECVSlkamFuZ28uY29udHJpYi5hdXRoLmJhY2tlbmRzLk1vZGVsQmFja2VuZHED\nVQ1fYXV0aF91c2VyX2lkcQSKAQF1Lg==\n"}}, {"pk": "abd80f4b8855984e81f6db5580e94897", "model": "sessions.session", "fields": {"expire_date": "2012-10-15T22:40:16Z", "session_data": "ZGU5NTgxNGNhNjI5OTNhYmZiNDE2Zjg0OWNhNjg3MDE3ZDg3ZmE3MjqAAn1xAShVEl9hdXRoX3Vz\nZXJfYmFja2VuZHECVSlkamFuZ28uY29udHJpYi5hdXRoLmJhY2tlbmRzLk1vZGVsQmFja2VuZHED\nVQ1fYXV0aF91c2VyX2lkcQSKAQF1Lg==\n"}}, {"pk": 1, "model": "sites.site", "fields": {"domain": "example.com", "name": "example.com"}}, {"pk": 1, "model": "articleflow.state", "fields": {"last_modified": "2012-10-01T22:44:38Z", "name": "Delivered"}}, {"pk": 2, "model": "articleflow.state", "fields": {"last_modified": "2012-10-01T22:44:48Z", "name": "Ready for QC"}}, {"pk": 3, "model": "articleflow.state", "fields": {"last_modified": "2012-10-01T22:45:09Z", "name": "Ready for web QC"}}, {"pk": 4, "model": "articleflow.state", "fields": {"last_modified": "2012-10-01T22:46:37Z", "name": "Ready to publish"}}, {"pk": 5, "model": "articleflow.state", "fields": {"last_modified": "2012-10-01T22:47:03Z", "name": "Published on Stage"}}, {"pk": 6, "model": "articleflow.state", "fields": {"last_modified": "2012-10-01T22:47:25Z", "name": "Published on Live"}}, {"pk": 1, "model": "articleflow.journal", "fields": {"last_modified": "2012-10-01T22:41:26Z", "short_name": "pone", "full_name": "PLOS ONE"}}, {"pk": 2, "model": "articleflow.journal", "fields": {"last_modified": "2012-10-01T22:41:37Z", "short_name": "pmed", "full_name": "PLOS Medicine"}}, {"pk": 3, "model": "articleflow.journal", "fields": {"last_modified": "2012-10-01T22:41:51Z", "short_name": "pbio", "full_name": "PLOS Biology"}}, {"pk": 1, "model": "articleflow.article", "fields": {"doi": "pone.0000001", "pubdate": "2012-10-12", "created": "2012-10-01T22:42:28Z", "journal": 3, "current_articlestate": 21, "last_modified": "2012-10-01T22:57:05Z"}}, {"pk": 2, "model": "articleflow.article", "fields": {"doi": "pone.0000002", "pubdate": "2012-10-12", "created": "2012-10-01T22:42:45Z", "journal": 1, "current_articlestate": 2, "last_modified": "2012-10-01T22:47:58Z"}}, {"pk": 3, "model": "articleflow.article", "fields": {"doi": "pone.0000003", "pubdate": "2012-10-12", "created": "2012-10-01T22:43:00Z", "journal": 1, "current_articlestate": 3, "last_modified": "2012-10-01T22:48:05Z"}}, {"pk": 4, "model": "articleflow.article", "fields": {"doi": "pmed.0000001", "pubdate": "2012-10-19", "created": "2012-10-01T22:43:34Z", "journal": 2, "current_articlestate": 4, "last_modified": "2012-10-01T22:48:09Z"}}, {"pk": 5, "model": "articleflow.article", "fields": {"doi": "pbio.0000001", "pubdate": "2012-10-01", "created": "2012-10-01T22:43:47Z", "journal": 3, "current_articlestate": 5, "last_modified": "2012-10-01T22:48:14Z"}}, {"pk": 1, "model": "articleflow.transition", "fields": {"from_state": 1, "last_modified": "2012-10-01T22:51:27Z", "name": "Ingest", "to_state": 2}}, {"pk": 2, "model": "articleflow.transition", "fields": {"from_state": 2, "last_modified": "2012-10-01T22:51:13Z", "name": "Production QC", "to_state": 3}}, {"pk": 3, "model": "articleflow.transition", "fields": {"from_state": 3, "last_modified": "2012-10-01T22:50:57Z", "name": "Web QC", "to_state": 4}}, {"pk": 4, "model": "articleflow.transition", "fields": {"from_state": 4, "last_modified": "2012-10-01T22:50:48Z", "name": "Publish on Stage", "to_state": 5}}, {"pk": 5, "model": "articleflow.transition", "fields": {"from_state": 5, "last_modified": "2012-10-01T22:50:39Z", "name": "Publish on Live", "to_state": 6}}, {"pk": 6, "model": "articleflow.transition", "fields": {"from_state": 6, "last_modified": "2012-10-01T22:55:51Z", "name": "(Start over!)", "to_state": 1}}, {"pk": 7, "model": "articleflow.transition", "fields": {"from_state": 3, "last_modified": "2012-10-01T22:56:17Z", "name": "Needs more Production QC", "to_state": 2}}, {"pk": 19, "model": "auth.permission", "fields": {"codename": "add_logentry", "name": "Can add log entry", "content_type": 7}}, {"pk": 20, "model": "auth.permission", "fields": {"codename": "change_logentry", "name": "Can change log entry", "content_type": 7}}, {"pk": 21, "model": "auth.permission", "fields": {"codename": "delete_logentry", "name": "Can delete log entry", "content_type": 7}}, {"pk": 31, "model": "auth.permission", "fields": {"codename": "add_article", "name": "Can add article", "content_type": 11}}, {"pk": 32, "model": "auth.permission", "fields": {"codename": "change_article", "name": "Can change article", "content_type": 11}}, {"pk": 33, "model": "auth.permission", "fields": {"codename": "delete_article", "name": "Can delete article", "content_type": 11}}, {"pk": 25, "model": "auth.permission", "fields": {"codename": "add_articlestate", "name": "Can add article state", "content_type": 9}}, {"pk": 26, "model": "auth.permission", "fields": {"codename": "change_articlestate", "name": "Can change article state", "content_type": 9}}, {"pk": 27, "model": "auth.permission", "fields": {"codename": "delete_articlestate", "name": "Can delete article state", "content_type": 9}}, {"pk": 28, "model": "auth.permission", "fields": {"codename": "add_journal", "name": "Can add journal", "content_type": 10}}, {"pk": 29, "model": "auth.permission", "fields": {"codename": "change_journal", "name": "Can change journal", "content_type": 10}}, {"pk": 30, "model": "auth.permission", "fields": {"codename": "delete_journal", "name": "Can delete journal", "content_type": 10}}, {"pk": 22, "model": "auth.permission", "fields": {"codename": "add_state", "name": "Can add state", "content_type": 8}}, {"pk": 23, "model": "auth.permission", "fields": {"codename": "change_state", "name": "Can change state", "content_type": 8}}, {"pk": 24, "model": "auth.permission", "fields": {"codename": "delete_state", "name": "Can delete state", "content_type": 8}}, {"pk": 34, "model": "auth.permission", "fields": {"codename": "add_transition", "name": "Can add transition", "content_type": 12}}, {"pk": 35, "model": "auth.permission", "fields": {"codename": "change_transition", "name": "Can change transition", "content_type": 12}}, {"pk": 36, "model": "auth.permission", "fields": {"codename": "delete_transition", "name": "Can delete transition", "content_type": 12}}, {"pk": 4, "model": "auth.permission", "fields": {"codename": "add_group", "name": "Can add group", "content_type": 2}}, {"pk": 5, "model": "auth.permission", "fields": {"codename": "change_group", "name": "Can change group", "content_type": 2}}, {"pk": 6, "model": "auth.permission", "fields": {"codename": "delete_group", "name": "Can delete group", "content_type": 2}}, {"pk": 1, "model": "auth.permission", "fields": {"codename": "add_permission", "name": "Can add permission", "content_type": 1}}, {"pk": 2, "model": "auth.permission", "fields": {"codename": "change_permission", "name": "Can change permission", "content_type": 1}}, {"pk": 3, "model": "auth.permission", "fields": {"codename": "delete_permission", "name": "Can delete permission", "content_type": 1}}, {"pk": 7, "model": "auth.permission", "fields": {"codename": "add_user", "name": "Can add user", "content_type": 3}}, {"pk": 8, "model": "auth.permission", "fields": {"codename": "change_user", "name": "Can change user", "content_type": 3}}, {"pk": 9, "model": "auth.permission", "fields": {"codename": "delete_user", "name": "Can delete user", "content_type": 3}}, {"pk": 10, "model": "auth.permission", "fields": {"codename": "add_contenttype", "name": "Can add content type", "content_type": 4}}, {"pk": 11, "model": "auth.permission", "fields": {"codename": "change_contenttype", "name": "Can change content type", "content_type": 4}}, {"pk": 12, "model": "auth.permission", "fields": {"codename": "delete_contenttype", "name": "Can delete content type", "content_type": 4}}, {"pk": 13, "model": "auth.permission", "fields": {"codename": "add_session", "name": "Can add session", "content_type": 5}}, {"pk": 14, "model": "auth.permission", "fields": {"codename": "change_session", "name": "Can change session", "content_type": 5}}, {"pk": 15, "model": "auth.permission", "fields": {"codename": "delete_session", "name": "Can delete session", "content_type": 5}}, {"pk": 16, "model": "auth.permission", "fields": {"codename": "add_site", "name": "Can add site", "content_type": 6}}, {"pk": 17, "model": "auth.permission", "fields": {"codename": "change_site", "name": "Can change site", "content_type": 6}}, {"pk": 18, "model": "auth.permission", "fields": {"codename": "delete_site", "name": "Can delete site", "content_type": 6}}, {"pk": 1, "model": "auth.user", "fields": {"username": "admin", "first_name": "", "last_name": "", "is_active": true, "is_superuser": true, "is_staff": true, "last_login": "2012-10-01T22:41:10Z", "groups": [], "user_permissions": [], "password": "pbkdf2_sha256$10000$I0P8JOHBUcNr$ukXGIlBpkipqAzZfpgpqvKwrwn50XQrw6IR7CIbNGn0=", "email": "admin@admin.com", "date_joined": "2012-10-01T22:31:42Z"}}, {"pk": 31, "model": "admin.logentry", "fields": {"action_flag": 1, "action_time": "2012-10-01T22:56:17Z", "object_repr": "Needs more Production QC: Ready for web QC to Ready for QC", "object_id": "7", "change_message": "", "user": 1, "content_type": 12}}, {"pk": 30, "model": "admin.logentry", "fields": {"action_flag": 1, "action_time": "2012-10-01T22:55:51Z", "object_repr": "(Start over!): Published on Live to Delivered", "object_id": "6", "change_message": "", "user": 1, "content_type": 12}}, {"pk": 29, "model": "admin.logentry", "fields": {"action_flag": 2, "action_time": "2012-10-01T22:51:27Z", "object_repr": "Ingest: Delivered to Ready for QC", "object_id": "1", "change_message": "Changed name.", "user": 1, "content_type": 12}}, {"pk": 28, "model": "admin.logentry", "fields": {"action_flag": 2, "action_time": "2012-10-01T22:51:13Z", "object_repr": "Production QC: Ready for QC to Ready for web QC", "object_id": "2", "change_message": "Changed name.", "user": 1, "content_type": 12}}, {"pk": 27, "model": "admin.logentry", "fields": {"action_flag": 2, "action_time": "2012-10-01T22:50:57Z", "object_repr": "Web QC: Ready for web QC to Ready to publish", "object_id": "3", "change_message": "Changed name.", "user": 1, "content_type": 12}}, {"pk": 26, "model": "admin.logentry", "fields": {"action_flag": 2, "action_time": "2012-10-01T22:50:48Z", "object_repr": "Publish on Stage: Ready to publish to Published on Stage", "object_id": "4", "change_message": "Changed name.", "user": 1, "content_type": 12}}, {"pk": 25, "model": "admin.logentry", "fields": {"action_flag": 1, "action_time": "2012-10-01T22:50:39Z", "object_repr": "Publish on Live: Published on Stage to Published on Live", "object_id": "5", "change_message": "", "user": 1, "content_type": 12}}, {"pk": 24, "model": "admin.logentry", "fields": {"action_flag": 1, "action_time": "2012-10-01T22:50:27Z", "object_repr": "Publish on stage: Ready to publish to Published on Stage", "object_id": "4", "change_message": "", "user": 1, "content_type": 12}}, {"pk": 23, "model": "admin.logentry", "fields": {"action_flag": 1, "action_time": "2012-10-01T22:49:50Z", "object_repr": "Web QC'ed: Ready for web QC to Ready to publish", "object_id": "3", "change_message": "", "user": 1, "content_type": 12}}, {"pk": 22, "model": "admin.logentry", "fields": {"action_flag": 1, "action_time": "2012-10-01T22:49:27Z", "object_repr": "Production QC'ed: Ready for QC to Ready for web QC", "object_id": "2", "change_message": "", "user": 1, "content_type": 12}}, {"pk": 21, "model": "admin.logentry", "fields": {"action_flag": 1, "action_time": "2012-10-01T22:49:05Z", "object_repr": "Ingested: Delivered to Ready for QC", "object_id": "1", "change_message": "", "user": 1, "content_type": 12}}, {"pk": 20, "model": "admin.logentry", "fields": {"action_flag": 1, "action_time": "2012-10-01T22:48:14Z", "object_repr": "pbio.0000001: Delivered", "object_id": "5", "change_message": "", "user": 1, "content_type": 9}}, {"pk": 19, "model": "admin.logentry", "fields": {"action_flag": 1, "action_time": "2012-10-01T22:48:09Z", "object_repr": "pmed.0000001: Delivered", "object_id": "4", "change_message": "", "user": 1, "content_type": 9}}, {"pk": 18, "model": "admin.logentry", "fields": {"action_flag": 1, "action_time": "2012-10-01T22:48:05Z", "object_repr": "pone.0000003: Delivered", "object_id": "3", "change_message": "", "user": 1, "content_type": 9}}, {"pk": 17, "model": "admin.logentry", "fields": {"action_flag": 1, "action_time": "2012-10-01T22:47:58Z", "object_repr": "pone.0000002: Delivered", "object_id": "2", "change_message": "", "user": 1, "content_type": 9}}, {"pk": 16, "model": "admin.logentry", "fields": {"action_flag": 1, "action_time": "2012-10-01T22:47:54Z", "object_repr": "pone.0000001: Delivered", "object_id": "1", "change_message": "", "user": 1, "content_type": 9}}, {"pk": 15, "model": "admin.logentry", "fields": {"action_flag": 1, "action_time": "2012-10-01T22:47:25Z", "object_repr": "Published on Live", "object_id": "6", "change_message": "", "user": 1, "content_type": 8}}, {"pk": 14, "model": "admin.logentry", "fields": {"action_flag": 1, "action_time": "2012-10-01T22:47:03Z", "object_repr": "Published on Stage", "object_id": "5", "change_message": "", "user": 1, "content_type": 8}}, {"pk": 13, "model": "admin.logentry", "fields": {"action_flag": 1, "action_time": "2012-10-01T22:46:37Z", "object_repr": "Ready to publish", "object_id": "4", "change_message": "", "user": 1, "content_type": 8}}, {"pk": 12, "model": "admin.logentry", "fields": {"action_flag": 2, "action_time": "2012-10-01T22:45:09Z", "object_repr": "Ready for web QC", "object_id": "3", "change_message": "Changed name.", "user": 1, "content_type": 8}}, {"pk": 11, "model": "admin.logentry", "fields": {"action_flag": 1, "action_time": "2012-10-01T22:45:01Z", "object_repr": "Ready for webqc", "object_id": "3", "change_message": "", "user": 1, "content_type": 8}}, {"pk": 10, "model": "admin.logentry", "fields": {"action_flag": 1, "action_time": "2012-10-01T22:44:48Z", "object_repr": "Ready for QC", "object_id": "2", "change_message": "", "user": 1, "content_type": 8}}, {"pk": 9, "model": "admin.logentry", "fields": {"action_flag": 1, "action_time": "2012-10-01T22:44:38Z", "object_repr": "Delivered", "object_id": "1", "change_message": "", "user": 1, "content_type": 8}}, {"pk": 8, "model": "admin.logentry", "fields": {"action_flag": 1, "action_time": "2012-10-01T22:43:47Z", "object_repr": "pbio.0000001", "object_id": "5", "change_message": "", "user": 1, "content_type": 11}}, {"pk": 7, "model": "admin.logentry", "fields": {"action_flag": 1, "action_time": "2012-10-01T22:43:34Z", "object_repr": "pmed.0000001", "object_id": "4", "change_message": "", "user": 1, "content_type": 11}}, {"pk": 6, "model": "admin.logentry", "fields": {"action_flag": 1, "action_time": "2012-10-01T22:43:00Z", "object_repr": "pone.0000003", "object_id": "3", "change_message": "", "user": 1, "content_type": 11}}, {"pk": 5, "model": "admin.logentry", "fields": {"action_flag": 1, "action_time": "2012-10-01T22:42:45Z", "object_repr": "pone.0000002", "object_id": "2", "change_message": "", "user": 1, "content_type": 11}}, {"pk": 4, "model": "admin.logentry", "fields": {"action_flag": 1, "action_time": "2012-10-01T22:42:28Z", "object_repr": "pone.0000001", "object_id": "1", "change_message": "", "user": 1, "content_type": 11}}, {"pk": 3, "model": "admin.logentry", "fields": {"action_flag": 1, "action_time": "2012-10-01T22:41:51Z", "object_repr": "PLOS Biology", "object_id": "3", "change_message": "", "user": 1, "content_type": 10}}, {"pk": 2, "model": "admin.logentry", "fields": {"action_flag": 1, "action_time": "2012-10-01T22:41:37Z", "object_repr": "PLOS Medicine", "object_id": "2", "change_message": "", "user": 1, "content_type": 10}}, {"pk": 1, "model": "admin.logentry", "fields": {"action_flag": 1, "action_time": "2012-10-01T22:41:26Z", "object_repr": "PLOS ONE", "object_id": "1", "change_message": "", "user": 1, "content_type": 10}}, {"pk": 1, "model": "articleflow.articlestate", "fields": {"from_transition_user": null, "from_transition": null, "created": "2012-10-01T22:47:54Z", "state": 1, "last_modified": "2012-10-01T22:47:54Z", "article": 1}}, {"pk": 2, "model": "articleflow.articlestate", "fields": {"from_transition_user": null, "from_transition": null, "created": "2012-10-01T22:47:58Z", "state": 1, "last_modified": "2012-10-01T22:47:58Z", "article": 2}}, {"pk": 3, "model": "articleflow.articlestate", "fields": {"from_transition_user": null, "from_transition": null, "created": "2012-10-01T22:48:05Z", "state": 1, "last_modified": "2012-10-01T22:48:05Z", "article": 3}}, {"pk": 4, "model": "articleflow.articlestate", "fields": {"from_transition_user": null, "from_transition": null, "created": "2012-10-01T22:48:09Z", "state": 1, "last_modified": "2012-10-01T22:48:09Z", "article": 4}}, {"pk": 5, "model": "articleflow.articlestate", "fields": {"from_transition_user": null, "from_transition": null, "created": "2012-10-01T22:48:14Z", "state": 1, "last_modified": "2012-10-01T22:48:14Z", "article": 5}}, {"pk": 6, "model": "articleflow.articlestate", "fields": {"from_transition_user": 1, "from_transition": 1, "created": "2012-10-01T22:55:20Z", "state": 2, "last_modified": "2012-10-01T22:55:20Z", "article": 1}}, {"pk": 7, "model": "articleflow.articlestate", "fields": {"from_transition_user": 1, "from_transition": 2, "created": "2012-10-01T22:55:22Z", "state": 3, "last_modified": "2012-10-01T22:55:22Z", "article": 1}}, {"pk": 8, "model": "articleflow.articlestate", "fields": {"from_transition_user": 1, "from_transition": 3, "created": "2012-10-01T22:55:23Z", "state": 4, "last_modified": "2012-10-01T22:55:23Z", "article": 1}}, {"pk": 9, "model": "articleflow.articlestate", "fields": {"from_transition_user": 1, "from_transition": 4, "created": "2012-10-01T22:55:23Z", "state": 5, "last_modified": "2012-10-01T22:55:23Z", "article": 1}}, {"pk": 10, "model": "articleflow.articlestate", "fields": {"from_transition_user": 1, "from_transition": 5, "created": "2012-10-01T22:55:25Z", "state": 6, "last_modified": "2012-10-01T22:55:25Z", "article": 1}}, {"pk": 11, "model": "articleflow.articlestate", "fields": {"from_transition_user": 1, "from_transition": 6, "created": "2012-10-01T22:56:41Z", "state": 1, "last_modified": "2012-10-01T22:56:41Z", "article": 1}}, {"pk": 12, "model": "articleflow.articlestate", "fields": {"from_transition_user": 1, "from_transition": 1, "created": "2012-10-01T22:56:42Z", "state": 2, "last_modified": "2012-10-01T22:56:42Z", "article": 1}}, {"pk": 13, "model": "articleflow.articlestate", "fields": {"from_transition_user": 1, "from_transition": 2, "created": "2012-10-01T22:56:43Z", "state": 3, "last_modified": "2012-10-01T22:56:43Z", "article": 1}}, {"pk": 14, "model": "articleflow.articlestate", "fields": {"from_transition_user": 1, "from_transition": 7, "created": "2012-10-01T22:56:59Z", "state": 2, "last_modified": "2012-10-01T22:56:59Z", "article": 1}}, {"pk": 15, "model": "articleflow.articlestate", "fields": {"from_transition_user": 1, "from_transition": 2, "created": "2012-10-01T22:57:00Z", "state": 3, "last_modified": "2012-10-01T22:57:00Z", "article": 1}}, {"pk": 16, "model": "articleflow.articlestate", "fields": {"from_transition_user": 1, "from_transition": 7, "created": "2012-10-01T22:57:00Z", "state": 2, "last_modified": "2012-10-01T22:57:00Z", "article": 1}}, {"pk": 17, "model": "articleflow.articlestate", "fields": {"from_transition_user": 1, "from_transition": 2, "created": "2012-10-01T22:57:01Z", "state": 3, "last_modified": "2012-10-01T22:57:01Z", "article": 1}}, {"pk": 18, "model": "articleflow.articlestate", "fields": {"from_transition_user": 1, "from_transition": 3, "created": "2012-10-01T22:57:02Z", "state": 4, "last_modified": "2012-10-01T22:57:02Z", "article": 1}}, {"pk": 19, "model": "articleflow.articlestate", "fields": {"from_transition_user": 1, "from_transition": 4, "created": "2012-10-01T22:57:02Z", "state": 5, "last_modified": "2012-10-01T22:57:02Z", "article": 1}}, {"pk": 20, "model": "articleflow.articlestate", "fields": {"from_transition_user": 1, "from_transition": 5, "created": "2012-10-01T22:57:04Z", "state": 6, "last_modified": "2012-10-01T22:57:04Z", "article": 1}}, {"pk": 21, "model": "articleflow.articlestate", "fields": {"from_transition_user": 1, "from_transition": 6, "created": "2012-10-01T22:57:05Z", "state": 1, "last_modified": "2012-10-01T22:57:05Z", "article": 1}}]