[{"pk": 1, "model": "articleflow.article", "fields": {"doi": "pone.0058985", "pubdate": "2013-04-02", "current_articlestate": 2, "em_pk": null, "em_max_revision": null, "journal": 1, "em_ms_number": "", "current_state": 85, "created": "2013-04-02T19:36:03Z", "last_modified": "2013-04-02T19:41:58Z", "si_guid": "", "article_extras": 1, "md5": ""}}, {"pk": 2, "model": "articleflow.article", "fields": {"doi": "pone.0059284", "pubdate": "2013-04-04", "current_articlestate": 4, "em_pk": null, "em_max_revision": null, "journal": 1, "em_ms_number": "", "current_state": 85, "created": "2013-04-04T17:34:44Z", "last_modified": "2013-04-04T19:09:42Z", "si_guid": "", "article_extras": 2, "md5": ""}}, {"pk": 3, "model": "articleflow.article", "fields": {"doi": "pone.0060568", "pubdate": "2013-04-04", "current_articlestate": 6, "em_pk": null, "em_max_revision": null, "journal": 1, "em_ms_number": "", "current_state": 85, "created": "2013-04-04T17:34:44Z", "last_modified": "2013-04-04T19:19:46Z", "si_guid": "", "article_extras": 3, "md5": ""}}, {"pk": 4, "model": "articleflow.article", "fields": {"doi": "pone.01", "pubdate": "2013-04-04", "current_articlestate": 9, "em_pk": null, "em_max_revision": null, "journal": 1, "em_ms_number": "", "current_state": 61, "created": "2013-04-04T17:34:44Z", "last_modified": "2013-04-04T20:24:25Z", "si_guid": "", "article_extras": 4, "md5": ""}}, {"pk": 5, "model": "articleflow.article", "fields": {"doi": "pone.02", "pubdate": "2013-04-04", "current_articlestate": 11, "em_pk": null, "em_max_revision": null, "journal": 1, "em_ms_number": "", "current_state": 61, "created": "2013-04-04T17:34:44Z", "last_modified": "2013-04-04T20:24:45Z", "si_guid": "", "article_extras": 5, "md5": ""}}, {"pk": 6, "model": "articleflow.article", "fields": {"doi": "pone.03", "pubdate": "2013-04-04", "current_articlestate": 29, "em_pk": null, "em_max_revision": null, "journal": 1, "em_ms_number": "", "current_state": 69, "created": "2013-04-04T17:34:44Z", "last_modified": "2013-04-09T23:23:04Z", "si_guid": "", "article_extras": 6, "md5": ""}}, {"pk": 7, "model": "articleflow.article", "fields": {"doi": "pone.04", "pubdate": "2013-04-04", "current_articlestate": 30, "em_pk": null, "em_max_revision": null, "journal": 1, "em_ms_number": "", "current_state": 71, "created": "2013-04-04T17:34:44Z", "last_modified": "2013-04-09T23:23:25Z", "si_guid": "", "article_extras": 7, "md5": ""}}, {"pk": 8, "model": "articleflow.article", "fields": {"doi": "pone.05", "pubdate": "2013-04-04", "current_articlestate": 17, "em_pk": null, "em_max_revision": null, "journal": 1, "em_ms_number": "", "current_state": 63, "created": "2013-04-04T17:34:44Z", "last_modified": "2013-04-04T21:17:22Z", "si_guid": "", "article_extras": 8, "md5": ""}}, {"pk": 9, "model": "articleflow.article", "fields": {"doi": "pone.06", "pubdate": "2013-04-04", "current_articlestate": 31, "em_pk": null, "em_max_revision": null, "journal": 1, "em_ms_number": "", "current_state": 69, "created": "2013-04-04T17:34:44Z", "last_modified": "2013-04-09T23:26:18Z", "si_guid": "", "article_extras": 9, "md5": ""}}, {"pk": 10, "model": "articleflow.article", "fields": {"doi": "pone.0059893", "pubdate": "2013-04-04", "current_articlestate": 21, "em_pk": null, "em_max_revision": null, "journal": 1, "em_ms_number": "", "current_state": 71, "created": "2013-04-04T17:34:44Z", "last_modified": "2013-04-04T22:46:09Z", "si_guid": "", "article_extras": 10, "md5": ""}}, {"pk": 11, "model": "articleflow.article", "fields": {"doi": "pone.0051000", "pubdate": "2013-04-04", "current_articlestate": 24, "em_pk": null, "em_max_revision": null, "journal": 1, "em_ms_number": "", "current_state": 73, "created": "2013-04-05T03:41:32Z", "last_modified": "2013-04-05T03:45:12Z", "si_guid": "", "article_extras": 11, "md5": ""}}, {"pk": 12, "model": "articleflow.article", "fields": {"doi": "pone.0051001", "pubdate": null, "current_articlestate": 25, "em_pk": null, "em_max_revision": null, "journal": 1, "em_ms_number": "", "current_state": 73, "created": "2013-04-05T03:41:32Z", "last_modified": "2013-04-05T03:45:22Z", "si_guid": "", "article_extras": 12, "md5": ""}}, {"pk": 13, "model": "articleflow.article", "fields": {"doi": "pone.10", "pubdate": "2013-04-09", "current_articlestate": 28, "em_pk": null, "em_max_revision": null, "journal": 1, "em_ms_number": "", "current_state": 69, "created": "2013-04-09T19:13:53Z", "last_modified": "2013-04-09T23:02:34Z", "si_guid": "", "article_extras": 13, "md5": ""}}, {"pk": 14, "model": "articleflow.article", "fields": {"doi": "pone.11", "pubdate": "2013-04-11", "current_articlestate": 34, "em_pk": null, "em_max_revision": null, "journal": 1, "em_ms_number": "", "current_state": 55, "created": "2013-04-11T18:45:06Z", "last_modified": "2013-04-11T18:46:04Z", "si_guid": "", "article_extras": 14, "md5": ""}}, {"pk": 1, "model": "articleflow.articlestate", "fields": {"from_transition_user": null, "from_transition": null, "created": "2013-04-02T19:36:03Z", "assignee": null, "state": 84, "last_modified": "2013-04-02T19:41:42Z", "article": 1}}, {"pk": 2, "model": "articleflow.articlestate", "fields": {"from_transition_user": null, "from_transition": null, "created": "2013-04-02T19:36:03Z", "assignee": null, "state": 85, "last_modified": "2013-04-02T19:41:58Z", "article": 1}}, {"pk": 3, "model": "articleflow.articlestate", "fields": {"from_transition_user": null, "from_transition": null, "created": "2013-04-04T17:34:44Z", "assignee": null, "state": 84, "last_modified": "2013-04-04T19:09:05Z", "article": 2}}, {"pk": 4, "model": "articleflow.articlestate", "fields": {"from_transition_user": null, "from_transition": null, "created": "2013-04-04T17:34:44Z", "assignee": null, "state": 85, "last_modified": "2013-04-04T19:09:42Z", "article": 2}}, {"pk": 5, "model": "articleflow.articlestate", "fields": {"from_transition_user": null, "from_transition": null, "created": "2013-04-04T17:34:44Z", "assignee": null, "state": 84, "last_modified": "2013-04-04T19:10:11Z", "article": 3}}, {"pk": 6, "model": "articleflow.articlestate", "fields": {"from_transition_user": null, "from_transition": null, "created": "2013-04-04T17:34:44Z", "assignee": null, "state": 85, "last_modified": "2013-04-04T19:19:46Z", "article": 3}}, {"pk": 7, "model": "articleflow.articlestate", "fields": {"from_transition_user": null, "from_transition": null, "created": "2013-04-04T17:34:44Z", "assignee": null, "state": 84, "last_modified": "2013-04-04T20:23:59Z", "article": 4}}, {"pk": 8, "model": "articleflow.articlestate", "fields": {"from_transition_user": null, "from_transition": null, "created": "2013-04-04T17:34:44Z", "assignee": null, "state": 84, "last_modified": "2013-04-04T20:24:12Z", "article": 5}}, {"pk": 9, "model": "articleflow.articlestate", "fields": {"from_transition_user": null, "from_transition": null, "created": "2013-04-04T17:34:44Z", "assignee": null, "state": 61, "last_modified": "2013-04-04T20:24:25Z", "article": 4}}, {"pk": 10, "model": "articleflow.articlestate", "fields": {"from_transition_user": null, "from_transition": null, "created": "2013-04-04T17:34:44Z", "assignee": null, "state": 69, "last_modified": "2013-04-04T20:24:36Z", "article": 5}}, {"pk": 11, "model": "articleflow.articlestate", "fields": {"from_transition_user": null, "from_transition": null, "created": "2013-04-04T17:34:44Z", "assignee": null, "state": 61, "last_modified": "2013-04-04T20:24:45Z", "article": 5}}, {"pk": 12, "model": "articleflow.articlestate", "fields": {"from_transition_user": null, "from_transition": null, "created": "2013-04-04T17:34:44Z", "assignee": null, "state": 84, "last_modified": "2013-04-04T21:01:15Z", "article": 6}}, {"pk": 13, "model": "articleflow.articlestate", "fields": {"from_transition_user": null, "from_transition": null, "created": "2013-04-04T17:34:44Z", "assignee": ["zyg_test"], "state": 63, "last_modified": "2013-04-09T23:22:49Z", "article": 6}}, {"pk": 14, "model": "articleflow.articlestate", "fields": {"from_transition_user": null, "from_transition": null, "created": "2013-04-04T17:34:44Z", "assignee": null, "state": 84, "last_modified": "2013-04-04T21:16:02Z", "article": 7}}, {"pk": 15, "model": "articleflow.articlestate", "fields": {"from_transition_user": null, "from_transition": null, "created": "2013-04-04T17:34:44Z", "assignee": null, "state": 84, "last_modified": "2013-04-04T21:16:14Z", "article": 8}}, {"pk": 16, "model": "articleflow.articlestate", "fields": {"from_transition_user": null, "from_transition": null, "created": "2013-04-04T17:34:44Z", "assignee": ["zyg_test"], "state": 63, "last_modified": "2013-04-09T23:23:21Z", "article": 7}}, {"pk": 17, "model": "articleflow.articlestate", "fields": {"from_transition_user": null, "from_transition": null, "created": "2013-04-04T17:34:44Z", "assignee": null, "state": 63, "last_modified": "2013-04-04T21:17:22Z", "article": 8}}, {"pk": 18, "model": "articleflow.articlestate", "fields": {"from_transition_user": null, "from_transition": null, "created": "2013-04-04T17:34:44Z", "assignee": null, "state": 84, "last_modified": "2013-04-04T22:09:30Z", "article": 9}}, {"pk": 19, "model": "articleflow.articlestate", "fields": {"from_transition_user": null, "from_transition": null, "created": "2013-04-04T17:34:44Z", "assignee": ["zyg_test"], "state": 63, "last_modified": "2013-04-09T23:26:08Z", "article": 9}}, {"pk": 20, "model": "articleflow.articlestate", "fields": {"from_transition_user": null, "from_transition": null, "created": "2013-04-04T17:34:44Z", "assignee": null, "state": 84, "last_modified": "2013-04-04T22:45:48Z", "article": 10}}, {"pk": 21, "model": "articleflow.articlestate", "fields": {"from_transition_user": null, "from_transition": null, "created": "2013-04-04T17:34:44Z", "assignee": null, "state": 71, "last_modified": "2013-04-04T22:46:09Z", "article": 10}}, {"pk": 22, "model": "articleflow.articlestate", "fields": {"from_transition_user": null, "from_transition": null, "created": "2013-04-05T03:41:32Z", "assignee": null, "state": 84, "last_modified": "2013-04-05T03:44:31Z", "article": 11}}, {"pk": 23, "model": "articleflow.articlestate", "fields": {"from_transition_user": null, "from_transition": null, "created": "2013-04-05T03:41:32Z", "assignee": null, "state": 84, "last_modified": "2013-04-05T03:44:51Z", "article": 12}}, {"pk": 24, "model": "articleflow.articlestate", "fields": {"from_transition_user": null, "from_transition": null, "created": "2013-04-05T03:41:32Z", "assignee": null, "state": 73, "last_modified": "2013-04-05T03:45:12Z", "article": 11}}, {"pk": 25, "model": "articleflow.articlestate", "fields": {"from_transition_user": null, "from_transition": null, "created": "2013-04-05T03:41:32Z", "assignee": null, "state": 73, "last_modified": "2013-04-05T03:45:22Z", "article": 12}}, {"pk": 26, "model": "articleflow.articlestate", "fields": {"from_transition_user": null, "from_transition": null, "created": "2013-04-09T19:13:53Z", "assignee": null, "state": 84, "last_modified": "2013-04-09T23:00:25Z", "article": 13}}, {"pk": 27, "model": "articleflow.articlestate", "fields": {"from_transition_user": null, "from_transition": null, "created": "2013-04-09T19:13:53Z", "assignee": ["zyg_test"], "state": 63, "last_modified": "2013-04-09T23:02:15Z", "article": 13}}, {"pk": 28, "model": "articleflow.articlestate", "fields": {"from_transition_user": null, "from_transition": null, "created": "2013-04-09T19:13:53Z", "assignee": null, "state": 69, "last_modified": "2013-04-09T23:02:34Z", "article": 13}}, {"pk": 29, "model": "articleflow.articlestate", "fields": {"from_transition_user": ["zyg_test"], "from_transition": 55, "created": "2013-04-09T19:13:53Z", "assignee": null, "state": 69, "last_modified": "2013-04-09T23:23:04Z", "article": 6}}, {"pk": 30, "model": "articleflow.articlestate", "fields": {"from_transition_user": ["zyg_test"], "from_transition": 59, "created": "2013-04-09T19:13:53Z", "assignee": null, "state": 71, "last_modified": "2013-04-09T23:23:25Z", "article": 7}}, {"pk": 31, "model": "articleflow.articlestate", "fields": {"from_transition_user": ["zyg_test"], "from_transition": 55, "created": "2013-04-09T19:13:53Z", "assignee": null, "state": 69, "last_modified": "2013-04-09T23:26:18Z", "article": 9}}, {"pk": 32, "model": "articleflow.articlestate", "fields": {"from_transition_user": null, "from_transition": null, "created": "2013-04-11T18:45:06Z", "assignee": null, "state": 84, "last_modified": "2013-04-11T18:45:27Z", "article": 14}}, {"pk": 33, "model": "articleflow.articlestate", "fields": {"from_transition_user": null, "from_transition": null, "created": "2013-04-11T18:45:06Z", "assignee": null, "state": 69, "last_modified": "2013-04-11T18:45:44Z", "article": 14}}, {"pk": 34, "model": "articleflow.articlestate", "fields": {"from_transition_user": null, "from_transition": null, "created": "2013-04-11T18:45:06Z", "assignee": null, "state": 55, "last_modified": "2013-04-11T18:46:04Z", "article": 14}}, {"pk": 1, "model": "articleflow.articleextras", "fields": {"num_errors": 0, "num_errors_total": 0, "num_issues_xmlpdf": 0, "last_modified": "2013-04-02T19:41:42Z", "created": "2013-04-02T19:36:03Z", "num_warnings": 0, "num_issues_legacy": 0, "num_issues_si": 0, "num_issues_xml": 0, "num_issues_pdf": 0, "article": 1, "num_issues_total": 0}}, {"pk": 2, "model": "articleflow.articleextras", "fields": {"num_errors": 0, "num_errors_total": 0, "num_issues_xmlpdf": 0, "last_modified": "2013-04-04T19:09:05Z", "created": "2013-04-04T17:34:44Z", "num_warnings": 0, "num_issues_legacy": 0, "num_issues_si": 0, "num_issues_xml": 0, "num_issues_pdf": 0, "article": 2, "num_issues_total": 0}}, {"pk": 3, "model": "articleflow.articleextras", "fields": {"num_errors": 0, "num_errors_total": 0, "num_issues_xmlpdf": 0, "last_modified": "2013-04-04T19:10:11Z", "created": "2013-04-04T17:34:44Z", "num_warnings": 0, "num_issues_legacy": 0, "num_issues_si": 0, "num_issues_xml": 0, "num_issues_pdf": 0, "article": 3, "num_issues_total": 0}}, {"pk": 4, "model": "articleflow.articleextras", "fields": {"num_errors": 0, "num_errors_total": 0, "num_issues_xmlpdf": 0, "last_modified": "2013-04-04T20:23:59Z", "created": "2013-04-04T17:34:44Z", "num_warnings": 0, "num_issues_legacy": 0, "num_issues_si": 0, "num_issues_xml": 0, "num_issues_pdf": 0, "article": 4, "num_issues_total": 0}}, {"pk": 5, "model": "articleflow.articleextras", "fields": {"num_errors": 0, "num_errors_total": 0, "num_issues_xmlpdf": 0, "last_modified": "2013-04-04T20:24:12Z", "created": "2013-04-04T17:34:44Z", "num_warnings": 0, "num_issues_legacy": 0, "num_issues_si": 0, "num_issues_xml": 0, "num_issues_pdf": 0, "article": 5, "num_issues_total": 0}}, {"pk": 6, "model": "articleflow.articleextras", "fields": {"num_errors": 0, "num_errors_total": 0, "num_issues_xmlpdf": 0, "last_modified": "2013-04-09T23:22:57Z", "created": "2013-04-04T17:34:44Z", "num_warnings": 0, "num_issues_legacy": 0, "num_issues_si": 0, "num_issues_xml": 0, "num_issues_pdf": 1, "article": 6, "num_issues_total": 1}}, {"pk": 7, "model": "articleflow.articleextras", "fields": {"num_errors": 0, "num_errors_total": 0, "num_issues_xmlpdf": 0, "last_modified": "2013-04-04T21:16:02Z", "created": "2013-04-04T17:34:44Z", "num_warnings": 0, "num_issues_legacy": 0, "num_issues_si": 0, "num_issues_xml": 0, "num_issues_pdf": 0, "article": 7, "num_issues_total": 0}}, {"pk": 8, "model": "articleflow.articleextras", "fields": {"num_errors": 0, "num_errors_total": 0, "num_issues_xmlpdf": 0, "last_modified": "2013-04-04T21:16:14Z", "created": "2013-04-04T17:34:44Z", "num_warnings": 0, "num_issues_legacy": 0, "num_issues_si": 0, "num_issues_xml": 0, "num_issues_pdf": 0, "article": 8, "num_issues_total": 0}}, {"pk": 9, "model": "articleflow.articleextras", "fields": {"num_errors": 0, "num_errors_total": 0, "num_issues_xmlpdf": 0, "last_modified": "2013-04-09T23:26:16Z", "created": "2013-04-04T17:34:44Z", "num_warnings": 0, "num_issues_legacy": 0, "num_issues_si": 0, "num_issues_xml": 0, "num_issues_pdf": 1, "article": 9, "num_issues_total": 1}}, {"pk": 10, "model": "articleflow.articleextras", "fields": {"num_errors": 0, "num_errors_total": 0, "num_issues_xmlpdf": 0, "last_modified": "2013-04-04T22:45:48Z", "created": "2013-04-04T17:34:44Z", "num_warnings": 0, "num_issues_legacy": 0, "num_issues_si": 0, "num_issues_xml": 0, "num_issues_pdf": 0, "article": 10, "num_issues_total": 0}}, {"pk": 11, "model": "articleflow.articleextras", "fields": {"num_errors": 0, "num_errors_total": 0, "num_issues_xmlpdf": 0, "last_modified": "2013-04-05T03:44:31Z", "created": "2013-04-05T03:41:32Z", "num_warnings": 0, "num_issues_legacy": 0, "num_issues_si": 0, "num_issues_xml": 0, "num_issues_pdf": 0, "article": 11, "num_issues_total": 0}}, {"pk": 12, "model": "articleflow.articleextras", "fields": {"num_errors": 0, "num_errors_total": 0, "num_issues_xmlpdf": 0, "last_modified": "2013-04-05T03:44:51Z", "created": "2013-04-05T03:41:32Z", "num_warnings": 0, "num_issues_legacy": 0, "num_issues_si": 0, "num_issues_xml": 0, "num_issues_pdf": 0, "article": 12, "num_issues_total": 0}}, {"pk": 13, "model": "articleflow.articleextras", "fields": {"num_errors": 0, "num_errors_total": 0, "num_issues_xmlpdf": 0, "last_modified": "2013-04-09T23:00:25Z", "created": "2013-04-09T19:13:53Z", "num_warnings": 0, "num_issues_legacy": 0, "num_issues_si": 0, "num_issues_xml": 0, "num_issues_pdf": 0, "article": 13, "num_issues_total": 0}}, {"pk": 14, "model": "articleflow.articleextras", "fields": {"num_errors": 0, "num_errors_total": 0, "num_issues_xmlpdf": 0, "last_modified": "2013-04-11T18:45:27Z", "created": "2013-04-11T18:45:06Z", "num_warnings": 0, "num_issues_legacy": 0, "num_issues_si": 0, "num_issues_xml": 0, "num_issues_pdf": 0, "article": 14, "num_issues_total": 0}}]